requirement_id,type,actor,requirement,priority,verification,source,legal_basis,control_id,owner_module,implementation_artifact,release_gate,status,acceptance_evidence,design_surface,api_operations,database_entities,privacy_security_review,approval_owner,residual_risk
FR-IAM-01,Functional,All users / IAM administrators,"The system shall provide separate permission sets for CPF Super Admin, Employer Admin, Employer Reviewer, Candidate and approved supporting roles.",Must,Role-permission tests and negative-access tests,"BRD 7, BR-001","GDPR Arts 5(1)(f), 25 and 32; ePrivacy/national rules where applicable",CTRL-FR-IAM-01,"Identity, Access and Privileged Access",API + service + DB + automated acceptance test,"G1 Identity, tenant and access safety",Specified; evidence not yet supplied,Automated/manual evidence for Role-permission tests and negative-access tests,Role journey + normal/loading/empty/error/denied/expired/success states,Internal service/control or endpoint mapping to be refined during design,"iam.*, audit.events",Required before release,Product + module owner + control owner; DPO/Legal/Compliance where cited,Unassessed until implementation and verification evidence exists
FR-IAM-02,Functional,All users / IAM administrators,"The system shall enforce tenant-aware role-based access control on every API, user interface and data query.",Must,Automated authorisation and cross-tenant penetration tests,"BRD 8.1, BR-002","GDPR Arts 5(1)(f), 25 and 32; ePrivacy/national rules where applicable",CTRL-FR-IAM-02,"Identity, Access and Privileged Access",API + service + DB + automated acceptance test,"G1 Identity, tenant and access safety",Specified; evidence not yet supplied,Automated/manual evidence for Automated authorisation and cross-tenant penetration tests,Role journey + normal/loading/empty/error/denied/expired/success states,Internal service/control or endpoint mapping to be refined during design,"iam.*, audit.events",Required before release,Product + module owner + control owner; DPO/Legal/Compliance where cited,Unassessed until implementation and verification evidence exists
FR-IAM-03,Functional,All users / IAM administrators,Privileged users shall use multi-factor authentication; enterprise tenants should support SSO and automated provisioning.,Must,MFA policy tests; SAML/OIDC integration tests,"BRD 26, BR-041","GDPR Arts 5(1)(f), 25 and 32; ePrivacy/national rules where applicable",CTRL-FR-IAM-03,"Identity, Access and Privileged Access",API + service + DB + automated acceptance test,"G1 Identity, tenant and access safety",Specified; evidence not yet supplied,Automated/manual evidence for MFA policy tests; SAML/OIDC integration tests,Role journey + normal/loading/empty/error/denied/expired/success states,POST /v2/auth/login,"iam.*, audit.events",Required before release,Product + module owner + control owner; DPO/Legal/Compliance where cited,Unassessed until implementation and verification evidence exists
FR-IAM-04,Functional,All users / IAM administrators,"The system shall support secure session expiry, revocation, concurrent-session policy and risk-based reauthentication.",Must,Security test suite,BRD 26,"GDPR Arts 5(1)(f), 25 and 32; ePrivacy/national rules where applicable",CTRL-FR-IAM-04,"Identity, Access and Privileged Access",API + service + DB + automated acceptance test,"G1 Identity, tenant and access safety",Specified; evidence not yet supplied,Automated/manual evidence for Security test suite,Role journey + normal/loading/empty/error/denied/expired/success states,Internal service/control or endpoint mapping to be refined during design,"iam.*, audit.events",Required before release,Product + module owner + control owner; DPO/Legal/Compliance where cited,Unassessed until implementation and verification evidence exists
FR-IAM-05,Functional,All users / IAM administrators,"Super Admin access to candidate content shall require a justified support, security, compliance or legal purpose and shall be logged.",Must,Privileged-access workflow test and audit review,"BRD 7.1, Rule 19","GDPR Arts 5(1)(f), 25 and 32; ePrivacy/national rules where applicable",CTRL-FR-IAM-05,"Identity, Access and Privileged Access",API + service + DB + automated acceptance test,"G1 Identity, tenant and access safety",Specified; evidence not yet supplied,Automated/manual evidence for Privileged-access workflow test and audit review,Role journey + normal/loading/empty/error/denied/expired/success states,POST /v2/admin/privileged-access-grants,"iam.*, audit.events",Required before release,Product + module owner + control owner; DPO/Legal/Compliance where cited,Unassessed until implementation and verification evidence exists
FR-IAM-06,Functional,All users / IAM administrators,Candidates shall authenticate through a valid invitation and approved identity-verification method configured for the assessment.,Must,Invitation and identity scenario tests,"BRD 9.3, 9.4","GDPR Arts 5(1)(f), 25 and 32; ePrivacy/national rules where applicable",CTRL-FR-IAM-06,"Identity, Access and Privileged Access",API + service + DB + automated acceptance test,"G1 Identity, tenant and access safety",Specified; evidence not yet supplied,Automated/manual evidence for Invitation and identity scenario tests,Role journey + normal/loading/empty/error/denied/expired/success states,POST /v2/candidate/invitations/exchange,"iam.*, audit.events",Required before release,Product + module owner + control owner; DPO/Legal/Compliance where cited,Unassessed until implementation and verification evidence exists
FR-IAM-07,Functional,All users / IAM administrators,"The system shall revoke access promptly when a user is removed, a reviewer is reassigned or an organisation is suspended.",Must,Lifecycle and revocation tests,"BRD 7, 20","GDPR Arts 5(1)(f), 25 and 32; ePrivacy/national rules where applicable",CTRL-FR-IAM-07,"Identity, Access and Privileged Access",API + service + DB + automated acceptance test,"G1 Identity, tenant and access safety",Specified; evidence not yet supplied,Automated/manual evidence for Lifecycle and revocation tests,Role journey + normal/loading/empty/error/denied/expired/success states,Internal service/control or endpoint mapping to be refined during design,"iam.*, audit.events",Required before release,Product + module owner + control owner; DPO/Legal/Compliance where cited,Unassessed until implementation and verification evidence exists
FR-IAM-08,Functional,All users / IAM administrators,"The system shall record successful and failed authentication, authorisation denials and privileged access events.",Must,Audit-log inspection,"BRD 23.6, 26","GDPR Arts 5(1)(f), 25 and 32; ePrivacy/national rules where applicable",CTRL-FR-IAM-08,"Identity, Access and Privileged Access",API + service + DB + automated acceptance test,"G1 Identity, tenant and access safety",Specified; evidence not yet supplied,Automated/manual evidence for Audit-log inspection,Role journey + normal/loading/empty/error/denied/expired/success states,Internal service/control or endpoint mapping to be refined during design,"iam.*, audit.events",Required before release,Product + module owner + control owner; DPO/Legal/Compliance where cited,Unassessed until implementation and verification evidence exists
FR-TEN-01,Functional,CPF Super Admin; Employer Admin,The system shall create a logically isolated tenant for each employer organisation.,Must,Tenant provisioning and isolation tests,BRD 8.1,"Contract, employment/equality, consumer and sector law as applicable; controller to validate",CTRL-FR-TEN-01,Tenant and Entitlements,API + service + DB + automated acceptance test,"G1 Identity, tenant and access safety",Specified; evidence not yet supplied,Automated/manual evidence for Tenant provisioning and isolation tests,Role journey + normal/loading/empty/error/denied/expired/success states,POST /v2/admin/tenants,"tenant.*, iam.*",Required before release,Product + module owner + control owner; DPO/Legal/Compliance where cited,Unassessed until implementation and verification evidence exists
FR-TEN-02,Functional,CPF Super Admin; Employer Admin,"The system shall maintain separate users, candidate records, campaigns, assessments, reports, audit views, retention settings and integration credentials per tenant.",Must,Data-partition validation,BRD 8.1,"GDPR Arts 5, 6, 9, 12-22, 25, 28, 30, 32-36, 44-49 as applicable",CTRL-FR-TEN-02,Tenant and Entitlements,API + service + DB + automated acceptance test,"G1 Identity, tenant and access safety",Specified; evidence not yet supplied,Automated/manual evidence for Data-partition validation,Role journey + normal/loading/empty/error/denied/expired/success states,Internal service/control or endpoint mapping to be refined during design,"tenant.*, iam.*",Required before release,Product + module owner + control owner; DPO/Legal/Compliance where cited,Unassessed until implementation and verification evidence exists
FR-TEN-03,Functional,CPF Super Admin; Employer Admin,"The Super Admin shall be able to approve, activate, suspend and terminate an employer tenant without deleting legally retained evidence.",Must,Tenant lifecycle tests,"BRD 7.1, 20","Contract, employment/equality, consumer and sector law as applicable; controller to validate",CTRL-FR-TEN-03,Tenant and Entitlements,API + service + DB + automated acceptance test,"G1 Identity, tenant and access safety",Specified; evidence not yet supplied,Automated/manual evidence for Tenant lifecycle tests,Role journey + normal/loading/empty/error/denied/expired/success states,PUT /v2/admin/tenants/{tenantId}/status,"tenant.*, iam.*",Required before release,Product + module owner + control owner; DPO/Legal/Compliance where cited,Unassessed until implementation and verification evidence exists
FR-TEN-04,Functional,CPF Super Admin; Employer Admin,"The platform shall enforce plan entitlements for user counts, candidate volumes, assessment credits, storage, integrations and enterprise options.",Should,Entitlement boundary tests,BRD 8.2-8.3,"Contract, employment/equality, consumer and sector law as applicable; controller to validate",CTRL-FR-TEN-04,Tenant and Entitlements,API + service + DB + automated acceptance test,"G1 Identity, tenant and access safety",Specified; evidence not yet supplied,Automated/manual evidence for Entitlement boundary tests,Role journey + normal/loading/empty/error/denied/expired/success states,GET /v2/admin/plans,"tenant.*, iam.*",Risk-based review,Product + module owner + control owner; DPO/Legal/Compliance where cited,Unassessed until implementation and verification evidence exists
FR-TEN-05,Functional,CPF Super Admin; Employer Admin,The platform shall support organisation branding only within controlled templates and accessibility standards.,Could,Theme and accessibility tests,BRD BR-045,"Contract, employment/equality, consumer and sector law as applicable; controller to validate",CTRL-FR-TEN-05,Tenant and Entitlements,API + service + DB + automated acceptance test,"G1 Identity, tenant and access safety",Specified; evidence not yet supplied,Automated/manual evidence for Theme and accessibility tests,Role journey + normal/loading/empty/error/denied/expired/success states,Internal service/control or endpoint mapping to be refined during design,"tenant.*, iam.*",Risk-based review,Product + module owner + control owner; DPO/Legal/Compliance where cited,Unassessed until implementation and verification evidence exists
FR-TEN-06,Functional,CPF Super Admin; Employer Admin,The platform shall support an optional dedicated enterprise tenant or infrastructure configuration.,Could,Deployment validation,BRD BR-046,"Contract, employment/equality, consumer and sector law as applicable; controller to validate",CTRL-FR-TEN-06,Tenant and Entitlements,API + service + DB + automated acceptance test,"G1 Identity, tenant and access safety",Specified; evidence not yet supplied,Automated/manual evidence for Deployment validation,Role journey + normal/loading/empty/error/denied/expired/success states,Internal service/control or endpoint mapping to be refined during design,"tenant.*, iam.*",Risk-based review,Product + module owner + control owner; DPO/Legal/Compliance where cited,Unassessed until implementation and verification evidence exists
FR-CAM-01,Functional,Employer Admin; Candidate,"Employer Admins shall be able to create, edit, activate, pause and close role-based hiring campaigns.",Must,Campaign lifecycle acceptance tests,"BRD 9.2, BR-003","Contract, employment/equality, consumer and sector law as applicable; controller to validate",CTRL-FR-CAM-01,"Campaign, Candidate and Invitation",API + service + DB + automated acceptance test,G2 Functional readiness,Specified; evidence not yet supplied,Automated/manual evidence for Campaign lifecycle acceptance tests,Role journey + normal/loading/empty/error/denied/expired/success states,GET /v2/campaigns; POST /v2/campaigns; PATCH /v2/campaigns/{campaignId}; POST /v2/campaigns/{campaignId}/activate; POST /v2/campaigns/{campaignId}/pause; POST /v2/campaigns/{campaignId}/close,hiring.*,Required before release,Product + module owner + control owner; DPO/Legal/Compliance where cited,Unassessed until implementation and verification evidence exists
FR-CAM-02,Functional,Employer Admin; Candidate,"Each campaign shall record role, seniority, department, owner, job description, competency framework, assessment, review model and decision status.",Must,Schema and UI validation,"BRD 9.2, 10-11","Contract, employment/equality, consumer and sector law as applicable; controller to validate",CTRL-FR-CAM-02,"Campaign, Candidate and Invitation",API + service + DB + automated acceptance test,G2 Functional readiness,Specified; evidence not yet supplied,Automated/manual evidence for Schema and UI validation,Role journey + normal/loading/empty/error/denied/expired/success states,GET /v2/campaigns/{campaignId},hiring.*,Required before release,Product + module owner + control owner; DPO/Legal/Compliance where cited,Unassessed until implementation and verification evidence exists
FR-CAM-03,Functional,Employer Admin; Candidate,The platform shall map or link the job description to an approved competency framework and shall preserve the selected framework version.,Must,Version linkage tests,"BRD 9.2, 11.2","Contract, employment/equality, consumer and sector law as applicable; controller to validate",CTRL-FR-CAM-03,"Campaign, Candidate and Invitation",API + service + DB + automated acceptance test,G2 Functional readiness,Specified; evidence not yet supplied,Automated/manual evidence for Version linkage tests,Role journey + normal/loading/empty/error/denied/expired/success states,Internal service/control or endpoint mapping to be refined during design,hiring.*,Required before release,Product + module owner + control owner; DPO/Legal/Compliance where cited,Unassessed until implementation and verification evidence exists
FR-CAM-04,Functional,Employer Admin; Candidate,"Employer Admins shall be able to import candidates manually, by CSV, API or ATS integration as configured.",Must,Import tests for all supported channels,"BRD 21.2, BR-004","Contract, employment/equality, consumer and sector law as applicable; controller to validate",CTRL-FR-CAM-04,"Campaign, Candidate and Invitation",API + service + DB + automated acceptance test,G2 Functional readiness,Specified; evidence not yet supplied,Automated/manual evidence for Import tests for all supported channels,Role journey + normal/loading/empty/error/denied/expired/success states,POST /v2/campaigns/{campaignId}/candidate-imports,hiring.*,Required before release,Product + module owner + control owner; DPO/Legal/Compliance where cited,Unassessed until implementation and verification evidence exists
FR-CAM-05,Functional,Employer Admin; Candidate,"Candidate imports shall validate fields, return row-level errors and prevent silent overwrite.",Must,Import error and idempotency tests,"BRD 21.2, 28.1","Contract, employment/equality, consumer and sector law as applicable; controller to validate",CTRL-FR-CAM-05,"Campaign, Candidate and Invitation",API + service + DB + automated acceptance test,G2 Functional readiness,Specified; evidence not yet supplied,Automated/manual evidence for Import error and idempotency tests,Role journey + normal/loading/empty/error/denied/expired/success states,POST /v2/candidate-imports/{importId}/commit,hiring.*,Required before release,Product + module owner + control owner; DPO/Legal/Compliance where cited,Unassessed until implementation and verification evidence exists
FR-CAM-06,Functional,Employer Admin; Candidate,"The system shall identify likely duplicate candidate records within the same tenant and support merge, separate-application and correction actions.",Must,Duplicate matching tests,BRD 21.3,"Contract, employment/equality, consumer and sector law as applicable; controller to validate",CTRL-FR-CAM-06,"Campaign, Candidate and Invitation",API + service + DB + automated acceptance test,G2 Functional readiness,Specified; evidence not yet supplied,Automated/manual evidence for Duplicate matching tests,Role journey + normal/loading/empty/error/denied/expired/success states,GET /v2/candidates/{candidateId},hiring.*,Required before release,Product + module owner + control owner; DPO/Legal/Compliance where cited,Unassessed until implementation and verification evidence exists
FR-CAM-07,Functional,Employer Admin; Candidate,The system shall not match or expose candidate records across employer tenants.,Must,Cross-tenant negative tests,"BRD 21.3, 29.3","Contract, employment/equality, consumer and sector law as applicable; controller to validate",CTRL-FR-CAM-07,"Campaign, Candidate and Invitation",API + service + DB + automated acceptance test,G2 Functional readiness,Specified; evidence not yet supplied,Automated/manual evidence for Cross-tenant negative tests,Role journey + normal/loading/empty/error/denied/expired/success states,GET /v2/candidates/{candidateId},hiring.*,Required before release,Product + module owner + control owner; DPO/Legal/Compliance where cited,Unassessed until implementation and verification evidence exists
FR-CAM-08,Functional,Employer Admin; Candidate,"Employer Admins shall be able to issue unique, expiring and revocable invitations linked to one campaign and candidate.",Must,Invitation security tests,"BRD 9.3, BR-005","Contract, employment/equality, consumer and sector law as applicable; controller to validate",CTRL-FR-CAM-08,"Campaign, Candidate and Invitation",API + service + DB + automated acceptance test,G2 Functional readiness,Specified; evidence not yet supplied,Automated/manual evidence for Invitation security tests,Role journey + normal/loading/empty/error/denied/expired/success states,POST /v2/applications/{applicationId}/invitations; DELETE /v2/invitations/{invitationId},hiring.*,Required before release,Product + module owner + control owner; DPO/Legal/Compliance where cited,Unassessed until implementation and verification evidence exists
FR-CAM-09,Functional,Employer Admin; Candidate,Invitation communications shall disclose assessment requirements before proctoring installation or permission requests.,Must,Content and journey test,BRD BR-006,"Contract, employment/equality, consumer and sector law as applicable; controller to validate",CTRL-FR-CAM-09,"Campaign, Candidate and Invitation",API + service + DB + automated acceptance test,G2 Functional readiness,Specified; evidence not yet supplied,Automated/manual evidence for Content and journey test,Role journey + normal/loading/empty/error/denied/expired/success states,Internal service/control or endpoint mapping to be refined during design,hiring.*,Required before release,Product + module owner + control owner; DPO/Legal/Compliance where cited,Unassessed until implementation and verification evidence exists
FR-CAM-10,Functional,Employer Admin; Candidate,"The system shall support invitation reminders, expiry notices, delivery status, resend and revoke actions.",Must,Notification workflow tests,BRD 22,"Contract, employment/equality, consumer and sector law as applicable; controller to validate",CTRL-FR-CAM-10,"Campaign, Candidate and Invitation",API + service + DB + automated acceptance test,G2 Functional readiness,Specified; evidence not yet supplied,Automated/manual evidence for Notification workflow tests,Role journey + normal/loading/empty/error/denied/expired/success states,POST /v2/invitations/{invitationId}/resend,hiring.*,Required before release,Product + module owner + control owner; DPO/Legal/Compliance where cited,Unassessed until implementation and verification evidence exists
FR-CAM-11,Functional,Employer Admin; Candidate,"Employer Admins shall be able to assign qualified reviewers and configure single, blind double, secondary, adjudication or QA review rules.",Must,Workflow assignment tests,"BRD 17.3, BR-040","Contract, employment/equality, consumer and sector law as applicable; controller to validate",CTRL-FR-CAM-11,"Campaign, Candidate and Invitation",API + service + DB + automated acceptance test,G2 Functional readiness,Specified; evidence not yet supplied,Automated/manual evidence for Workflow assignment tests,Role journey + normal/loading/empty/error/denied/expired/success states,Internal service/control or endpoint mapping to be refined during design,hiring.*,Required before release,Product + module owner + control owner; DPO/Legal/Compliance where cited,Unassessed until implementation and verification evidence exists
FR-CAM-12,Functional,Employer Admin; Candidate,"Campaign dashboards shall expose candidate, invitation, pre-check, attempt, submission, review and decision status with authorised filters.",Must,Dashboard acceptance and permission tests,BRD 19,"Contract, employment/equality, consumer and sector law as applicable; controller to validate",CTRL-FR-CAM-12,"Campaign, Candidate and Invitation",API + service + DB + automated acceptance test,G2 Functional readiness,Specified; evidence not yet supplied,Automated/manual evidence for Dashboard acceptance and permission tests,Role journey + normal/loading/empty/error/denied/expired/success states,GET /v2/campaigns/{campaignId}/dashboard,hiring.*,Required before release,Product + module owner + control owner; DPO/Legal/Compliance where cited,Unassessed until implementation and verification evidence exists
FR-AST-01,Functional,Assessment Designer; CPF Super Admin,"The platform shall maintain an assessment catalogue with lifecycle states Draft, Internal Review, Compliance Review, Technical Validation, Pilot, Calibration, Approved, Active, Suspended and Retired.",Must,State-machine tests,BRD 11.1,"EU AI Act Arts 8-20, 26, 72-73, 86; Annex III 4(a); GDPR Arts 5, 22, 25, 35",CTRL-FR-AST-01,Assessment Registry and Authoring,API + service + DB + automated acceptance test,G4 High-risk AI quality and oversight,Specified; evidence not yet supplied,Automated/manual evidence for State-machine tests,Role journey + normal/loading/empty/error/denied/expired/success states,GET /v2/assessments; POST /v2/assessments; GET /v2/assessments/{assessmentId},"assessment.*, governance.assessment_defects",Required before release,Product + module owner + control owner; DPO/Legal/Compliance where cited,Unassessed until implementation and verification evidence exists
FR-AST-02,Functional,Assessment Designer; CPF Super Admin,Only Approved and Active assessment versions shall be assignable to new candidates.,Must,Assignment validation tests,"BRD 11.1, Rule 15","EU AI Act Arts 8-20, 26, 72-73, 86; Annex III 4(a); GDPR Arts 5, 22, 25, 35",CTRL-FR-AST-02,Assessment Registry and Authoring,API + service + DB + automated acceptance test,G4 High-risk AI quality and oversight,Specified; evidence not yet supplied,Automated/manual evidence for Assignment validation tests,Role journey + normal/loading/empty/error/denied/expired/success states,POST /v2/assessment-versions/{versionId}/activate,"assessment.*, governance.assessment_defects",Required before release,Product + module owner + control owner; DPO/Legal/Compliance where cited,Unassessed until implementation and verification evidence exists
FR-AST-03,Functional,Assessment Designer; CPF Super Admin,"Each assessment shall define target role, seniority, competency map, job-relevance rationale, duration, instructions, rubric, evidence examples, AI/plugin permissions and technical requirements.",Must,Completeness validation,BRD 11,"EU AI Act Arts 8-20, 26, 72-73, 86; Annex III 4(a); GDPR Arts 5, 22, 25, 35",CTRL-FR-AST-03,Assessment Registry and Authoring,API + service + DB + automated acceptance test,G4 High-risk AI quality and oversight,Specified; evidence not yet supplied,Automated/manual evidence for Completeness validation,Role journey + normal/loading/empty/error/denied/expired/success states,POST /v2/assessments/{assessmentId}/versions,"assessment.*, governance.assessment_defects",Required before release,Product + module owner + control owner; DPO/Legal/Compliance where cited,Unassessed until implementation and verification evidence exists
FR-AST-04,Functional,Assessment Designer; CPF Super Admin,"Each assessment shall record accessibility, security, privacy, bias/fairness and validation reviews.",Must,Governance gate test,BRD 11,"EU AI Act Arts 8-20, 26, 72-73, 86; Annex III 4(a); GDPR Arts 5, 22, 25, 35",CTRL-FR-AST-04,Assessment Registry and Authoring,API + service + DB + automated acceptance test,G4 High-risk AI quality and oversight,Specified; evidence not yet supplied,Automated/manual evidence for Governance gate test,Role journey + normal/loading/empty/error/denied/expired/success states,POST /v2/assessment-versions/{versionId}/validations,"assessment.*, governance.assessment_defects",Required before release,Product + module owner + control owner; DPO/Legal/Compliance where cited,Unassessed until implementation and verification evidence exists
FR-AST-05,Functional,Assessment Designer; CPF Super Admin,"An attempt shall bind immutably to the assessment, content, rubric, scoring-weight, model, prompt and plugin configuration versions active at launch.",Must,Immutability and reconstruction tests,"BRD 11.2, Rule 3","EU AI Act Arts 8-20, 26, 72-73, 86; Annex III 4(a); GDPR Arts 5, 22, 25, 35",CTRL-FR-AST-05,Assessment Registry and Authoring,API + service + DB + automated acceptance test,G4 High-risk AI quality and oversight,Specified; evidence not yet supplied,Automated/manual evidence for Immutability and reconstruction tests,Role journey + normal/loading/empty/error/denied/expired/success states,POST /v2/attempts/{attemptId}/start,"assessment.*, governance.assessment_defects",Required before release,Product + module owner + control owner; DPO/Legal/Compliance where cited,Unassessed until implementation and verification evidence exists
FR-AST-06,Functional,Assessment Designer; CPF Super Admin,Post-launch defects shall create an impact analysis identifying affected candidates and appropriate remedies.,Must,Defect workflow test,"BRD 11.2, Rules 13-14","EU AI Act Arts 8-20, 26, 72-73, 86; Annex III 4(a); GDPR Arts 5, 22, 25, 35",CTRL-FR-AST-06,Assessment Registry and Authoring,API + service + DB + automated acceptance test,G4 High-risk AI quality and oversight,Specified; evidence not yet supplied,Automated/manual evidence for Defect workflow test,Role journey + normal/loading/empty/error/denied/expired/success states,POST /v2/assessment-versions/{versionId}/suspend; POST /v2/assessment-versions/{versionId}/defects,"assessment.*, governance.assessment_defects",Required before release,Product + module owner + control owner; DPO/Legal/Compliance where cited,Unassessed until implementation and verification evidence exists
FR-AST-07,Functional,Assessment Designer; CPF Super Admin,A permitted correction or rescore shall create a new report version and preserve the prior version and reason.,Must,Version and audit tests,BRD Rule 22,"EU AI Act Arts 8-20, 26, 72-73, 86; Annex III 4(a); GDPR Arts 5, 22, 25, 35",CTRL-FR-AST-07,Assessment Registry and Authoring,API + service + DB + automated acceptance test,G4 High-risk AI quality and oversight,Specified; evidence not yet supplied,Automated/manual evidence for Version and audit tests,Role journey + normal/loading/empty/error/denied/expired/success states,Internal service/control or endpoint mapping to be refined during design,"assessment.*, governance.assessment_defects",Required before release,Product + module owner + control owner; DPO/Legal/Compliance where cited,Unassessed until implementation and verification evidence exists
FR-AST-08,Functional,Assessment Designer; CPF Super Admin,"The assessment engine shall support behavioural judgement, domain knowledge, practical work simulation, AI/plugin collaboration and reflection/defence layers.",Must,Content rendering and scoring tests,BRD 10,"EU AI Act Arts 8-20, 26, 72-73, 86; Annex III 4(a); GDPR Arts 5, 22, 25, 35",CTRL-FR-AST-08,Assessment Registry and Authoring,API + service + DB + automated acceptance test,G4 High-risk AI quality and oversight,Specified; evidence not yet supplied,Automated/manual evidence for Content rendering and scoring tests,Role journey + normal/loading/empty/error/denied/expired/success states,Internal service/control or endpoint mapping to be refined during design,"assessment.*, governance.assessment_defects",Required before release,Product + module owner + control owner; DPO/Legal/Compliance where cited,Unassessed until implementation and verification evidence exists
FR-AST-09,Functional,Assessment Designer; CPF Super Admin,"The platform shall support role-specific question and task types including code, documents, spreadsheets, SQL, analytics, campaign simulations and controlled files.",Must,Role-workspace tests,"BRD 10.1, 13.2","EU AI Act Arts 8-20, 26, 72-73, 86; Annex III 4(a); GDPR Arts 5, 22, 25, 35",CTRL-FR-AST-09,Assessment Registry and Authoring,API + service + DB + automated acceptance test,G4 High-risk AI quality and oversight,Specified; evidence not yet supplied,Automated/manual evidence for Role-workspace tests,Role journey + normal/loading/empty/error/denied/expired/success states,Internal service/control or endpoint mapping to be refined during design,"assessment.*, governance.assessment_defects",Required before release,Product + module owner + control owner; DPO/Legal/Compliance where cited,Unassessed until implementation and verification evidence exists
FR-AST-10,Functional,Assessment Designer; CPF Super Admin,Employer customisation shall be limited to CPF-approved parameters and shall block prohibited or unsupported criteria.,Must,Configuration boundary tests,"BRD 5.8, 7.2","EU AI Act Arts 8-20, 26, 72-73, 86; Annex III 4(a); GDPR Arts 5, 22, 25, 35",CTRL-FR-AST-10,Assessment Registry and Authoring,API + service + DB + automated acceptance test,G4 High-risk AI quality and oversight,Specified; evidence not yet supplied,Automated/manual evidence for Configuration boundary tests,Role journey + normal/loading/empty/error/denied/expired/success states,Internal service/control or endpoint mapping to be refined during design,"assessment.*, governance.assessment_defects",Required before release,Product + module owner + control owner; DPO/Legal/Compliance where cited,Unassessed until implementation and verification evidence exists
FR-AST-11,Functional,Assessment Designer; CPF Super Admin,"Assessment content, rubrics and validation evidence shall have owners, version history, effective dates and revalidation or expiry dates.",Must,Registry inspection,BRD 11,"EU AI Act Arts 8-20, 26, 72-73, 86; Annex III 4(a); GDPR Arts 5, 22, 25, 35",CTRL-FR-AST-11,Assessment Registry and Authoring,API + service + DB + automated acceptance test,G4 High-risk AI quality and oversight,Specified; evidence not yet supplied,Automated/manual evidence for Registry inspection,Role journey + normal/loading/empty/error/denied/expired/success states,Internal service/control or endpoint mapping to be refined during design,"assessment.*, governance.assessment_defects",Required before release,Product + module owner + control owner; DPO/Legal/Compliance where cited,Unassessed until implementation and verification evidence exists
FR-AST-12,Functional,Assessment Designer; CPF Super Admin,The system shall support at least four validated pilot assessments in the MVP.,Must,MVP release gate,BRD 35,"EU AI Act Arts 8-20, 26, 72-73, 86; Annex III 4(a); GDPR Arts 5, 22, 25, 35",CTRL-FR-AST-12,Assessment Registry and Authoring,API + service + DB + automated acceptance test,G4 High-risk AI quality and oversight,Specified; evidence not yet supplied,Automated/manual evidence for MVP release gate,Role journey + normal/loading/empty/error/denied/expired/success states,Internal service/control or endpoint mapping to be refined during design,"assessment.*, governance.assessment_defects",Required before release,Product + module owner + control owner; DPO/Legal/Compliance where cited,Unassessed until implementation and verification evidence exists
FR-CAN-01,Functional,Candidate; Support,"The candidate portal shall display role, assessment duration, supported devices, technical requirements, available AI/plugins, monitoring and data-use notices before installation.",Must,Candidate journey acceptance test,"BRD 9.3, BR-006","GDPR Arts 5, 6, 9, 12-22, 25, 28, 30, 32-36, 44-49 as applicable",CTRL-FR-CAN-01,Candidate Assessment Runtime,API + service + DB + automated acceptance test,G2 Functional readiness,Specified; evidence not yet supplied,Automated/manual evidence for Candidate journey acceptance test,Role journey + normal/loading/empty/error/denied/expired/success states,GET /v2/candidate/notices,"hiring.*, runtime.*, evidence.*",Required before release,Product + module owner + control owner; DPO/Legal/Compliance where cited,Unassessed until implementation and verification evidence exists
FR-CAN-02,Functional,Candidate; Support,"Candidates shall be able to acknowledge versioned privacy, monitoring, AI-use and assessment-rule notices.",Must,Notice version and audit test,BRD 24.4,"GDPR Arts 5, 6, 9, 12-22, 25, 28, 30, 32-36, 44-49 as applicable",CTRL-FR-CAN-02,Candidate Assessment Runtime,API + service + DB + automated acceptance test,G2 Functional readiness,Specified; evidence not yet supplied,Automated/manual evidence for Notice version and audit test,Role journey + normal/loading/empty/error/denied/expired/success states,POST /v2/candidate/notices/{noticeId}/acknowledgement,"hiring.*, runtime.*, evidence.*",Required before release,Product + module owner + control owner; DPO/Legal/Compliance where cited,Unassessed until implementation and verification evidence exists
FR-CAN-03,Functional,Candidate; Support,Candidates shall be able to request and track reasonable accommodations through a restricted workflow.,Must,Accommodation workflow and privacy test,"BRD 25.2, BR-037","GDPR Arts 5, 6, 9, 12-22, 25, 28, 30, 32-36, 44-49 as applicable",CTRL-FR-CAN-03,Candidate Assessment Runtime,API + service + DB + automated acceptance test,G2 Functional readiness,Specified; evidence not yet supplied,Automated/manual evidence for Accommodation workflow and privacy test,Role journey + normal/loading/empty/error/denied/expired/success states,GET /v2/accommodations,"hiring.*, runtime.*, evidence.*",Required before release,Product + module owner + control owner; DPO/Legal/Compliance where cited,Unassessed until implementation and verification evidence exists
FR-CAN-04,Functional,Candidate; Support,The platform shall provide a technical pre-check that does not consume an attempt.,Must,Pre-check scenario tests,BRD BR-007,"GDPR Arts 5, 6, 9, 12-22, 25, 28, 30, 32-36, 44-49 as applicable",CTRL-FR-CAN-04,Candidate Assessment Runtime,API + service + DB + automated acceptance test,G2 Functional readiness,Specified; evidence not yet supplied,Automated/manual evidence for Pre-check scenario tests,Role journey + normal/loading/empty/error/denied/expired/success states,POST /v2/attempts/{attemptId}/prechecks,"hiring.*, runtime.*, evidence.*",Required before release,Product + module owner + control owner; DPO/Legal/Compliance where cited,Unassessed until implementation and verification evidence exists
FR-CAN-05,Functional,Candidate; Support,"The pre-check shall test only assessment-relevant device, network, application and permission requirements and shall provide remediation guidance.",Must,Device matrix and minimisation review,"BRD 9.3, 14-15","GDPR Arts 5, 6, 9, 12-22, 25, 28, 30, 32-36, 44-49 as applicable",CTRL-FR-CAN-05,Candidate Assessment Runtime,API + service + DB + automated acceptance test,G2 Functional readiness,Specified; evidence not yet supplied,Automated/manual evidence for Device matrix and minimisation review,Role journey + normal/loading/empty/error/denied/expired/success states,GET /v2/attempts/{attemptId}/prechecks/latest,"hiring.*, runtime.*, evidence.*",Required before release,Product + module owner + control owner; DPO/Legal/Compliance where cited,Unassessed until implementation and verification evidence exists
FR-CAN-06,Functional,Candidate; Support,"The controlled workspace shall restrict access to authorised resources, uploads, downloads, clipboard, applications and domains according to the immutable assessment configuration.",Must,Secure-workspace tests,"BRD 14, BR-008","GDPR Arts 5, 6, 9, 12-22, 25, 28, 30, 32-36, 44-49 as applicable",CTRL-FR-CAN-06,Candidate Assessment Runtime,API + service + DB + automated acceptance test,G2 Functional readiness,Specified; evidence not yet supplied,Automated/manual evidence for Secure-workspace tests,Role journey + normal/loading/empty/error/denied/expired/success states,POST /v2/attempts/{attemptId}/start; GET /v2/attempts/{attemptId},"hiring.*, runtime.*, evidence.*",Required before release,Product + module owner + control owner; DPO/Legal/Compliance where cited,Unassessed until implementation and verification evidence exists
FR-CAN-07,Functional,Candidate; Support,The workspace shall visibly indicate active monitoring and permissions and shall stop monitoring when the authorised session ends.,Must,Session termination and privacy tests,"BRD 14, 15.4","GDPR Arts 5, 6, 9, 12-22, 25, 28, 30, 32-36, 44-49 as applicable",CTRL-FR-CAN-07,Candidate Assessment Runtime,API + service + DB + automated acceptance test,G2 Functional readiness,Specified; evidence not yet supplied,Automated/manual evidence for Session termination and privacy tests,Role journey + normal/loading/empty/error/denied/expired/success states,Internal service/control or endpoint mapping to be refined during design,"hiring.*, runtime.*, evidence.*",Required before release,Product + module owner + control owner; DPO/Legal/Compliance where cited,Unassessed until implementation and verification evidence exists
FR-CAN-08,Functional,Candidate; Support,Candidate work shall auto-save within five seconds under normal conditions and support recovery after temporary network loss.,Must,Performance and recovery tests,"BRD 27.1-27.2, BR-017","GDPR Arts 5, 6, 9, 12-22, 25, 28, 30, 32-36, 44-49 as applicable",CTRL-FR-CAN-08,Candidate Assessment Runtime,API + service + DB + automated acceptance test,G2 Functional readiness,Specified; evidence not yet supplied,Automated/manual evidence for Performance and recovery tests,Role journey + normal/loading/empty/error/denied/expired/success states,PUT /v2/attempts/{attemptId}/responses/{itemId},"hiring.*, runtime.*, evidence.*",Required before release,Product + module owner + control owner; DPO/Legal/Compliance where cited,Unassessed until implementation and verification evidence exists
FR-CAN-09,Functional,Candidate; Support,The candidate shall be able to report a technical incident without leaving the assessment workspace.,Must,Incident-reporting test,BRD BR-016,"GDPR Arts 5, 6, 9, 12-22, 25, 28, 30, 32-36, 44-49 as applicable",CTRL-FR-CAN-09,Candidate Assessment Runtime,API + service + DB + automated acceptance test,G2 Functional readiness,Specified; evidence not yet supplied,Automated/manual evidence for Incident-reporting test,Role journey + normal/loading/empty/error/denied/expired/success states,POST /v2/attempts/{attemptId}/incidents,"hiring.*, runtime.*, evidence.*",Required before release,Product + module owner + control owner; DPO/Legal/Compliance where cited,Unassessed until implementation and verification evidence exists
FR-CAN-10,Functional,Candidate; Support,System and plugin failures shall create technical incidents and shall not automatically reduce a candidate score.,Must,Failure injection and score-isolation tests,"BRD 13.3, 15.7","GDPR Arts 5, 6, 9, 12-22, 25, 28, 30, 32-36, 44-49 as applicable",CTRL-FR-CAN-10,Candidate Assessment Runtime,API + service + DB + automated acceptance test,G2 Functional readiness,Specified; evidence not yet supplied,Automated/manual evidence for Failure injection and score-isolation tests,Role journey + normal/loading/empty/error/denied/expired/success states,Internal service/control or endpoint mapping to be refined during design,"hiring.*, runtime.*, evidence.*",Required before release,Product + module owner + control owner; DPO/Legal/Compliance where cited,Unassessed until implementation and verification evidence exists
FR-CAN-11,Functional,Candidate; Support,"Submission shall validate required artifacts, prevent duplicate finalisation and produce a timestamped confirmation.",Must,Idempotency and confirmation tests,"BRD 9.4, 27.4","GDPR Arts 5, 6, 9, 12-22, 25, 28, 30, 32-36, 44-49 as applicable",CTRL-FR-CAN-11,Candidate Assessment Runtime,API + service + DB + automated acceptance test,G2 Functional readiness,Specified; evidence not yet supplied,Automated/manual evidence for Idempotency and confirmation tests,Role journey + normal/loading/empty/error/denied/expired/success states,POST /v2/attempts/{attemptId}/submit,"hiring.*, runtime.*, evidence.*",Required before release,Product + module owner + control owner; DPO/Legal/Compliance where cited,Unassessed until implementation and verification evidence exists
FR-CAN-12,Functional,Candidate; Support,"Candidates shall be able to view permitted status, exercise data rights and request human review or challenge inaccurate integrity evidence.",Must,Rights workflow acceptance tests,"BRD 7.4, 24.9, BR-032","GDPR Arts 5, 6, 9, 12-22, 25, 28, 30, 32-36, 44-49 as applicable",CTRL-FR-CAN-12,Candidate Assessment Runtime,API + service + DB + automated acceptance test,G2 Functional readiness,Specified; evidence not yet supplied,Automated/manual evidence for Rights workflow acceptance tests,Role journey + normal/loading/empty/error/denied/expired/success states,Internal service/control or endpoint mapping to be refined during design,"hiring.*, runtime.*, evidence.*",Required before release,Product + module owner + control owner; DPO/Legal/Compliance where cited,Unassessed until implementation and verification evidence exists
FR-AI-01,Functional,Candidate; Reviewer; CPF Super Admin,"The CPF AI copilot shall support contextual chat, task decomposition, document/code/data analysis, draft generation, error explanation, citations where applicable and role-specific tool invocation.",Must,Capability and safety evaluation,BRD 12.2,"EU AI Act Arts 8-20, 26, 72-73, 86; Annex III 4(a); GDPR Arts 5, 22, 25, 35",CTRL-FR-AI-01,AI and Plugin Orchestration,API + service + DB + automated acceptance test,G4 High-risk AI quality and oversight,Specified; evidence not yet supplied,Automated/manual evidence for Capability and safety evaluation,Role journey + normal/loading/empty/error/denied/expired/success states,POST /v2/attempts/{attemptId}/ai/messages,"assessment.model_registry, assessment.prompt_versions, evidence.*",Required before release,Product + module owner + control owner; DPO/Legal/Compliance where cited,Unassessed until implementation and verification evidence exists
FR-AI-02,Functional,Candidate; Reviewer; CPF Super Admin,"Each assessment shall configure the available model, system instructions, interaction limits, file/data access, internet state, plugins, execution permissions and logging requirements.",Must,Configuration enforcement tests,BRD 12.3,"EU AI Act Arts 8-20, 26, 72-73, 86; Annex III 4(a); GDPR Arts 5, 22, 25, 35",CTRL-FR-AI-02,AI and Plugin Orchestration,API + service + DB + automated acceptance test,G4 High-risk AI quality and oversight,Specified; evidence not yet supplied,Automated/manual evidence for Configuration enforcement tests,Role journey + normal/loading/empty/error/denied/expired/success states,Internal service/control or endpoint mapping to be refined during design,"assessment.model_registry, assessment.prompt_versions, evidence.*",Required before release,Product + module owner + control owner; DPO/Legal/Compliance where cited,Unassessed until implementation and verification evidence exists
FR-AI-03,Functional,Candidate; Reviewer; CPF Super Admin,"The AI gateway shall enforce tenant, candidate, attempt and assessment scope for every request.",Must,Scope and data-leak tests,"BRD 12.3, 26","EU AI Act Arts 8-20, 26, 72-73, 86; Annex III 4(a); GDPR Arts 5, 22, 25, 35",CTRL-FR-AI-03,AI and Plugin Orchestration,API + service + DB + automated acceptance test,G4 High-risk AI quality and oversight,Specified; evidence not yet supplied,Automated/manual evidence for Scope and data-leak tests,Role journey + normal/loading/empty/error/denied/expired/success states,POST /v2/attempts/{attemptId}/ai/messages,"assessment.model_registry, assessment.prompt_versions, evidence.*",Required before release,Product + module owner + control owner; DPO/Legal/Compliance where cited,Unassessed until implementation and verification evidence exists
FR-AI-04,Functional,Candidate; Reviewer; CPF Super Admin,"The platform shall log candidate prompts, model responses, tool calls, plugin outputs, candidate edits where observable, model ID/version, prompt version, timestamps and relevant policy events.",Must,Audit-log completeness test,"BRD 12.4, BR-012","EU AI Act Arts 8-20, 26, 72-73, 86; Annex III 4(a); GDPR Arts 5, 22, 25, 35",CTRL-FR-AI-04,AI and Plugin Orchestration,API + service + DB + automated acceptance test,G4 High-risk AI quality and oversight,Specified; evidence not yet supplied,Automated/manual evidence for Audit-log completeness test,Role journey + normal/loading/empty/error/denied/expired/success states,Internal service/control or endpoint mapping to be refined during design,"assessment.model_registry, assessment.prompt_versions, evidence.*",Required before release,Product + module owner + control owner; DPO/Legal/Compliance where cited,Unassessed until implementation and verification evidence exists
FR-AI-05,Functional,Candidate; Reviewer; CPF Super Admin,"The candidate interface shall disclose that AI can be wrong, what data it receives and that validation remains the candidate’s responsibility.",Must,Disclosure review,BRD 12.5,"EU AI Act Arts 8-20, 26, 72-73, 86; Annex III 4(a); GDPR Arts 5, 22, 25, 35",CTRL-FR-AI-05,AI and Plugin Orchestration,API + service + DB + automated acceptance test,G4 High-risk AI quality and oversight,Specified; evidence not yet supplied,Automated/manual evidence for Disclosure review,Role journey + normal/loading/empty/error/denied/expired/success states,Internal service/control or endpoint mapping to be refined during design,"assessment.model_registry, assessment.prompt_versions, evidence.*",Required before release,Product + module owner + control owner; DPO/Legal/Compliance where cited,Unassessed until implementation and verification evidence exists
FR-AI-06,Functional,Candidate; Reviewer; CPF Super Admin,Reviewer interfaces shall evaluate effective and responsible AI use rather than prompt volume or stylistic verbosity.,Must,Rubric and UI review,BRD 12.4,"EU AI Act Arts 8-20, 26, 72-73, 86; Annex III 4(a); GDPR Arts 5, 22, 25, 35",CTRL-FR-AI-06,AI and Plugin Orchestration,API + service + DB + automated acceptance test,G4 High-risk AI quality and oversight,Specified; evidence not yet supplied,Automated/manual evidence for Rubric and UI review,Role journey + normal/loading/empty/error/denied/expired/success states,Internal service/control or endpoint mapping to be refined during design,"assessment.model_registry, assessment.prompt_versions, evidence.*",Required before release,Product + module owner + control owner; DPO/Legal/Compliance where cited,Unassessed until implementation and verification evidence exists
FR-AI-07,Functional,Candidate; Reviewer; CPF Super Admin,AI-generated reviewer observations shall be visually and structurally distinguishable from human scores and comments.,Must,UI and data-model tests,BRD BR-020,"EU AI Act Arts 8-20, 26, 72-73, 86; Annex III 4(a); GDPR Arts 5, 22, 25, 35",CTRL-FR-AI-07,AI and Plugin Orchestration,API + service + DB + automated acceptance test,G4 High-risk AI quality and oversight,Specified; evidence not yet supplied,Automated/manual evidence for UI and data-model tests,Role journey + normal/loading/empty/error/denied/expired/success states,Internal service/control or endpoint mapping to be refined during design,"assessment.model_registry, assessment.prompt_versions, evidence.*",Required before release,Product + module owner + control owner; DPO/Legal/Compliance where cited,Unassessed until implementation and verification evidence exists
FR-AI-08,Functional,Candidate; Reviewer; CPF Super Admin,"Reviewers shall be able to mark labelled AI observations useful, edit them into a human comment, reject them, report them or stop assistance; every disposition and material reasoning change shall be logged.",Must,Override workflow tests,"BRD BR-021, BR-022","EU AI Act Arts 8-20, 26, 72-73, 86; Annex III 4(a); GDPR Arts 5, 22, 25, 35",CTRL-FR-AI-08,AI and Plugin Orchestration,API + service + DB + automated acceptance test,G4 High-risk AI quality and oversight,Specified; evidence not yet supplied,Automated/manual evidence for Override workflow tests,Role journey + normal/loading/empty/error/denied/expired/success states,Internal service/control or endpoint mapping to be refined during design,"assessment.model_registry, assessment.prompt_versions, evidence.*",Required before release,Product + module owner + control owner; DPO/Legal/Compliance where cited,Unassessed until implementation and verification evidence exists
FR-AI-09,Functional,Candidate; Reviewer; CPF Super Admin,"The platform shall support prompt-injection controls, output filtering, data-loss prevention and redaction rules appropriate to the assessment.",Must,Security evaluation and adversarial tests,BRD 26,"EU AI Act Arts 8-20, 26, 72-73, 86; Annex III 4(a); GDPR Arts 5, 22, 25, 35",CTRL-FR-AI-09,AI and Plugin Orchestration,API + service + DB + automated acceptance test,G4 High-risk AI quality and oversight,Specified; evidence not yet supplied,Automated/manual evidence for Security evaluation and adversarial tests,Role journey + normal/loading/empty/error/denied/expired/success states,POST /v2/prompt-versions,"assessment.model_registry, assessment.prompt_versions, evidence.*",Required before release,Product + module owner + control owner; DPO/Legal/Compliance where cited,Unassessed until implementation and verification evidence exists
FR-AI-10,Functional,Candidate; Reviewer; CPF Super Admin,The Super Admin shall be able to suspend or roll back an AI model or prompt version and identify affected sessions and reports.,Must,Rollback and impact-analysis tests,"BRD 20, 23.5","EU AI Act Arts 8-20, 26, 72-73, 86; Annex III 4(a); GDPR Arts 5, 22, 25, 35",CTRL-FR-AI-10,AI and Plugin Orchestration,API + service + DB + automated acceptance test,G4 High-risk AI quality and oversight,Specified; evidence not yet supplied,Automated/manual evidence for Rollback and impact-analysis tests,Role journey + normal/loading/empty/error/denied/expired/success states,GET /v2/ai-models; POST /v2/ai-models; POST /v2/ai-models/{modelId}/activate; POST /v2/ai-models/{modelId}/suspend; GET /v2/prompt-versions; POST /v2/prompt-versions/{promptId}/activate,"assessment.model_registry, assessment.prompt_versions, evidence.*",Required before release,Product + module owner + control owner; DPO/Legal/Compliance where cited,Unassessed until implementation and verification evidence exists
FR-AI-11,Functional,Candidate; Reviewer; CPF Super Admin,"The plugin framework shall allow only approved, versioned and explicitly permitted tools and shall log scoped calls and outputs.",Must,Allow-list and logging tests,BRD 13,"EU AI Act Arts 8-20, 26, 72-73, 86; Annex III 4(a); GDPR Arts 5, 22, 25, 35",CTRL-FR-AI-11,AI and Plugin Orchestration,API + service + DB + automated acceptance test,G4 High-risk AI quality and oversight,Specified; evidence not yet supplied,Automated/manual evidence for Allow-list and logging tests,Role journey + normal/loading/empty/error/denied/expired/success states,GET /v2/plugins; POST /v2/plugins; PUT /v2/plugins/{pluginId}/status; POST /v2/attempts/{attemptId}/plugins/{pluginCode}/execute,"assessment.model_registry, assessment.prompt_versions, evidence.*",Required before release,Product + module owner + control owner; DPO/Legal/Compliance where cited,Unassessed until implementation and verification evidence exists
FR-AI-12,Functional,Candidate; Reviewer; CPF Super Admin,A plugin failure shall be recorded as a system incident and shall support recovery or reattempt policy without automatic score penalty.,Must,Failure injection tests,BRD 13.3,"EU AI Act Arts 8-20, 26, 72-73, 86; Annex III 4(a); GDPR Arts 5, 22, 25, 35",CTRL-FR-AI-12,AI and Plugin Orchestration,API + service + DB + automated acceptance test,G4 High-risk AI quality and oversight,Specified; evidence not yet supplied,Automated/manual evidence for Failure injection tests,Role journey + normal/loading/empty/error/denied/expired/success states,Internal service/control or endpoint mapping to be refined during design,"assessment.model_registry, assessment.prompt_versions, evidence.*",Required before release,Product + module owner + control owner; DPO/Legal/Compliance where cited,Unassessed until implementation and verification evidence exists
FR-INTG-01,Functional,Candidate; Integrity Reviewer; Compliance,"The proctoring solution shall use event-based monitoring wherever possible and collect only configured, necessary signals.",Must,Privacy design review and telemetry tests,BRD 15.3,"GDPR Arts 5, 6, 9, 12-22, 25, 28, 30, 32-36, 44-49 as applicable",CTRL-FR-INTG-01,Integrity and Technical Incident,API + service + DB + automated acceptance test,"G3 Privacy, rights and proportionality",Specified; evidence not yet supplied,Automated/manual evidence for Privacy design review and telemetry tests,Role journey + normal/loading/empty/error/denied/expired/success states,Internal service/control or endpoint mapping to be refined during design,"evidence.integrity_events, review.integrity_resolutions, runtime.restricted_media_objects",Required before release,Product + module owner + control owner; DPO/Legal/Compliance where cited,Unassessed until implementation and verification evidence exists
FR-INTG-02,Functional,Candidate; Integrity Reviewer; Compliance,"Permitted event types may include focus loss, unapproved application, restricted paste, monitor change, permission removal, launcher stop, network loss, identity failure and environment modification.",Must,Event simulation tests,BRD 15.3,"GDPR Arts 5, 6, 9, 12-22, 25, 28, 30, 32-36, 44-49 as applicable",CTRL-FR-INTG-02,Integrity and Technical Incident,API + service + DB + automated acceptance test,"G3 Privacy, rights and proportionality",Specified; evidence not yet supplied,Automated/manual evidence for Event simulation tests,Role journey + normal/loading/empty/error/denied/expired/success states,Internal service/control or endpoint mapping to be refined during design,"evidence.integrity_events, review.integrity_resolutions, runtime.restricted_media_objects",Required before release,Product + module owner + control owner; DPO/Legal/Compliance where cited,Unassessed until implementation and verification evidence exists
FR-INTG-03,Functional,Candidate; Integrity Reviewer; Compliance,"The system shall not interpret looking away, movement, nervousness, pauses or soft speech as cheating evidence.",Must,Rule-set review and negative tests,BRD 15.3,"GDPR Arts 5, 6, 9, 12-22, 25, 28, 30, 32-36, 44-49 as applicable",CTRL-FR-INTG-03,Integrity and Technical Incident,API + service + DB + automated acceptance test,"G3 Privacy, rights and proportionality",Specified; evidence not yet supplied,Automated/manual evidence for Rule-set review and negative tests,Role journey + normal/loading/empty/error/denied/expired/success states,Internal service/control or endpoint mapping to be refined during design,"evidence.integrity_events, review.integrity_resolutions, runtime.restricted_media_objects",Required before release,Product + module owner + control owner; DPO/Legal/Compliance where cited,Unassessed until implementation and verification evidence exists
FR-INTG-04,Functional,Candidate; Integrity Reviewer; Compliance,"Camera or microphone collection shall begin only after clear notice and permission, remain visibly indicated, and stop at assessment end.",Must,Permission and termination tests,BRD 15.4,"GDPR Arts 5, 6, 9, 12-22, 25, 28, 30, 32-36, 44-49 as applicable",CTRL-FR-INTG-04,Integrity and Technical Incident,API + service + DB + automated acceptance test,"G3 Privacy, rights and proportionality",Specified; evidence not yet supplied,Automated/manual evidence for Permission and termination tests,Role journey + normal/loading/empty/error/denied/expired/success states,Internal service/control or endpoint mapping to be refined during design,"evidence.integrity_events, review.integrity_resolutions, runtime.restricted_media_objects",Required before release,Product + module owner + control owner; DPO/Legal/Compliance where cited,Unassessed until implementation and verification evidence exists
FR-INTG-05,Functional,Candidate; Integrity Reviewer; Compliance,"The platform shall not infer emotion, personality, honesty, confidence, mental state or employability from facial, vocal or behavioural signals.",Must,Model inventory and prohibited-capability tests,"BRD 3.3, 15.4, BR-014","GDPR Arts 5, 6, 9, 12-22, 25, 28, 30, 32-36, 44-49 as applicable",CTRL-FR-INTG-05,Integrity and Technical Incident,API + service + DB + automated acceptance test,"G3 Privacy, rights and proportionality",Specified; evidence not yet supplied,Automated/manual evidence for Model inventory and prohibited-capability tests,Role journey + normal/loading/empty/error/denied/expired/success states,Internal service/control or endpoint mapping to be refined during design,"evidence.integrity_events, review.integrity_resolutions, runtime.restricted_media_objects",Required before release,Product + module owner + control owner; DPO/Legal/Compliance where cited,Unassessed until implementation and verification evidence exists
FR-INTG-06,Functional,Candidate; Integrity Reviewer; Compliance,"Interaction telemetry shall be restricted to the controlled workspace and shall not capture passwords, private communications or unrelated activity.",Must,Telemetry boundary tests,BRD 15.5,"GDPR Arts 5, 6, 9, 12-22, 25, 28, 30, 32-36, 44-49 as applicable",CTRL-FR-INTG-06,Integrity and Technical Incident,API + service + DB + automated acceptance test,"G3 Privacy, rights and proportionality",Specified; evidence not yet supplied,Automated/manual evidence for Telemetry boundary tests,Role journey + normal/loading/empty/error/denied/expired/success states,Internal service/control or endpoint mapping to be refined during design,"evidence.integrity_events, review.integrity_resolutions, runtime.restricted_media_objects",Required before release,Product + module owner + control owner; DPO/Legal/Compliance where cited,Unassessed until implementation and verification evidence exists
FR-INTG-07,Functional,Candidate; Integrity Reviewer; Compliance,"Each integrity event shall contain event type, timestamp, source, evidence, confidence, limitations, alternative explanations, candidate incident context, reviewer conclusion and resolution status.",Must,Schema and UI acceptance tests,BRD 15.6,"GDPR Arts 5, 6, 9, 12-22, 25, 28, 30, 32-36, 44-49 as applicable",CTRL-FR-INTG-07,Integrity and Technical Incident,API + service + DB + automated acceptance test,"G3 Privacy, rights and proportionality",Specified; evidence not yet supplied,Automated/manual evidence for Schema and UI acceptance tests,Role journey + normal/loading/empty/error/denied/expired/success states,Internal service/control or endpoint mapping to be refined during design,"evidence.integrity_events, review.integrity_resolutions, runtime.restricted_media_objects",Required before release,Product + module owner + control owner; DPO/Legal/Compliance where cited,Unassessed until implementation and verification evidence exists
FR-INTG-08,Functional,Candidate; Integrity Reviewer; Compliance,The platform shall not display or store an automatically generated conclusion that a candidate cheated.,Must,Content and decision-rule tests,BRD BR-015,"GDPR Arts 5, 6, 9, 12-22, 25, 28, 30, 32-36, 44-49 as applicable",CTRL-FR-INTG-08,Integrity and Technical Incident,API + service + DB + automated acceptance test,"G3 Privacy, rights and proportionality",Specified; evidence not yet supplied,Automated/manual evidence for Content and decision-rule tests,Role journey + normal/loading/empty/error/denied/expired/success states,Internal service/control or endpoint mapping to be refined during design,"evidence.integrity_events, review.integrity_resolutions, runtime.restricted_media_objects",Required before release,Product + module owner + control owner; DPO/Legal/Compliance where cited,Unassessed until implementation and verification evidence exists
FR-INTG-09,Functional,Candidate; Integrity Reviewer; Compliance,Integrity indicators shall remain separate from competency scores and shall not automatically reduce technical or professional scores.,Must,Scoring isolation tests,"BRD 15.7, BR-023","GDPR Arts 5, 6, 9, 12-22, 25, 28, 30, 32-36, 44-49 as applicable",CTRL-FR-INTG-09,Integrity and Technical Incident,API + service + DB + automated acceptance test,"G3 Privacy, rights and proportionality",Specified; evidence not yet supplied,Automated/manual evidence for Scoring isolation tests,Role journey + normal/loading/empty/error/denied/expired/success states,Internal service/control or endpoint mapping to be refined during design,"evidence.integrity_events, review.integrity_resolutions, runtime.restricted_media_objects",Required before release,Product + module owner + control owner; DPO/Legal/Compliance where cited,Unassessed until implementation and verification evidence exists
FR-INTG-10,Functional,Candidate; Integrity Reviewer; Compliance,"Material integrity actions shall require an authorised human and may include clarification, live verification, reattempt, second review or documented invalidation.",Must,Human-approval workflow tests,BRD 15.7,"GDPR Arts 5, 6, 9, 12-22, 25, 28, 30, 32-36, 44-49 as applicable",CTRL-FR-INTG-10,Integrity and Technical Incident,API + service + DB + automated acceptance test,"G3 Privacy, rights and proportionality",Specified; evidence not yet supplied,Automated/manual evidence for Human-approval workflow tests,Role journey + normal/loading/empty/error/denied/expired/success states,PUT /v2/integrity-events/{eventId}/resolution,"evidence.integrity_events, review.integrity_resolutions, runtime.restricted_media_objects",Required before release,Product + module owner + control owner; DPO/Legal/Compliance where cited,Unassessed until implementation and verification evidence exists
FR-INTG-11,Functional,Candidate; Integrity Reviewer; Compliance,Raw video or audio shall use restricted access and the shortest approved retention; relevant segments shall be exposed only to authorised integrity reviewers.,Must,Access and retention tests,"BRD 15.4, 24.8","GDPR Arts 5, 6, 9, 12-22, 25, 28, 30, 32-36, 44-49 as applicable",CTRL-FR-INTG-11,Integrity and Technical Incident,API + service + DB + automated acceptance test,"G3 Privacy, rights and proportionality",Specified; evidence not yet supplied,Automated/manual evidence for Access and retention tests,Role journey + normal/loading/empty/error/denied/expired/success states,Internal service/control or endpoint mapping to be refined during design,"evidence.integrity_events, review.integrity_resolutions, runtime.restricted_media_objects",Required before release,Product + module owner + control owner; DPO/Legal/Compliance where cited,Unassessed until implementation and verification evidence exists
FR-INTG-12,Functional,Candidate; Integrity Reviewer; Compliance,"The candidate application shall be digitally signed, securely updateable, removable, transparent about permissions and inactive outside authorised sessions.",Must,"Code-signing, update and process-lifecycle tests",BRD 26,"GDPR Arts 5, 6, 9, 12-22, 25, 28, 30, 32-36, 44-49 as applicable",CTRL-FR-INTG-12,Integrity and Technical Incident,API + service + DB + automated acceptance test,"G3 Privacy, rights and proportionality",Specified; evidence not yet supplied,"Automated/manual evidence for Code-signing, update and process-lifecycle tests",Role journey + normal/loading/empty/error/denied/expired/success states,Internal service/control or endpoint mapping to be refined during design,"evidence.integrity_events, review.integrity_resolutions, runtime.restricted_media_objects",Required before release,Product + module owner + control owner; DPO/Legal/Compliance where cited,Unassessed until implementation and verification evidence exists
FR-REV-01,Functional,Employer Reviewer; Employer Admin,Submitted attempts shall enter a review queue and be assigned only to approved reviewers.,Must,Queue and assignment tests,"BRD 9.5, BR-018","EU AI Act Arts 8-20, 26, 72-73, 86; Annex III 4(a); GDPR Arts 5, 22, 25, 35",CTRL-FR-REV-01,Review Workflow,API + service + DB + automated acceptance test,G2 Functional readiness,Specified; evidence not yet supplied,Automated/manual evidence for Queue and assignment tests,Role journey + normal/loading/empty/error/denied/expired/success states,GET /v2/review-assignments,"review.*, hiring.reviewer_profiles",Required before release,Product + module owner + control owner; DPO/Legal/Compliance where cited,Unassessed until implementation and verification evidence exists
FR-REV-02,Functional,Employer Reviewer; Employer Admin,"Reviewers shall see the approved role context, rubric, criterion anchors, required evidence and immutable versions.",Must,Reviewer workspace test,"BRD 7.3, 16.2","EU AI Act Arts 8-20, 26, 72-73, 86; Annex III 4(a); GDPR Arts 5, 22, 25, 35",CTRL-FR-REV-02,Review Workflow,API + service + DB + automated acceptance test,G2 Functional readiness,Specified; evidence not yet supplied,Automated/manual evidence for Reviewer workspace test,Role journey + normal/loading/empty/error/denied/expired/success states,GET /v2/review-assignments/{assignmentId},"review.*, hiring.reviewer_profiles",Required before release,Product + module owner + control owner; DPO/Legal/Compliance where cited,Unassessed until implementation and verification evidence exists
FR-REV-03,Functional,Employer Reviewer; Employer Admin,"Reviewers shall be able to inspect candidate artifacts, relevant AI/plugin activity and integrity or technical events.",Must,Evidence viewer tests,BRD 7.3,"EU AI Act Arts 8-20, 26, 72-73, 86; Annex III 4(a); GDPR Arts 5, 22, 25, 35",CTRL-FR-REV-03,Review Workflow,API + service + DB + automated acceptance test,G2 Functional readiness,Specified; evidence not yet supplied,Automated/manual evidence for Evidence viewer tests,Role journey + normal/loading/empty/error/denied/expired/success states,GET /v2/review-assignments/{assignmentId},"review.*, hiring.reviewer_profiles",Required before release,Product + module owner + control owner; DPO/Legal/Compliance where cited,Unassessed until implementation and verification evidence exists
FR-REV-04,Functional,Employer Reviewer; Employer Admin,"Reviewers shall score only approved criteria and provide evidence-linked comments, confidence and insufficient-evidence states.",Must,Scorecard validation tests,"BRD 7.3, 16.2","EU AI Act Arts 8-20, 26, 72-73, 86; Annex III 4(a); GDPR Arts 5, 22, 25, 35",CTRL-FR-REV-04,Review Workflow,API + service + DB + automated acceptance test,G2 Functional readiness,Specified; evidence not yet supplied,Automated/manual evidence for Scorecard validation tests,Role journey + normal/loading/empty/error/denied/expired/success states,GET /v2/review-assignments/{assignmentId}/scorecard,"review.*, hiring.reviewer_profiles",Required before release,Product + module owner + control owner; DPO/Legal/Compliance where cited,Unassessed until implementation and verification evidence exists
FR-REV-05,Functional,Employer Reviewer; Employer Admin,"The system shall support single, blind double, secondary, adjudication and random QA review workflows.",Should,Workflow matrix tests,BRD 17.3,"EU AI Act Arts 8-20, 26, 72-73, 86; Annex III 4(a); GDPR Arts 5, 22, 25, 35",CTRL-FR-REV-05,Review Workflow,API + service + DB + automated acceptance test,G2 Functional readiness,Specified; evidence not yet supplied,Automated/manual evidence for Workflow matrix tests,Role journey + normal/loading/empty/error/denied/expired/success states,Internal service/control or endpoint mapping to be refined during design,"review.*, hiring.reviewer_profiles",Risk-based review,Product + module owner + control owner; DPO/Legal/Compliance where cited,Unassessed until implementation and verification evidence exists
FR-REV-06,Functional,Employer Reviewer; Employer Admin,Blind review shall hide another reviewer’s score until the independent review is submitted.,Should,Blindness test,"BRD 7.3, BR-040","EU AI Act Arts 8-20, 26, 72-73, 86; Annex III 4(a); GDPR Arts 5, 22, 25, 35",CTRL-FR-REV-06,Review Workflow,API + service + DB + automated acceptance test,G2 Functional readiness,Specified; evidence not yet supplied,Automated/manual evidence for Blindness test,Role journey + normal/loading/empty/error/denied/expired/success states,Internal service/control or endpoint mapping to be refined during design,"review.*, hiring.reviewer_profiles",Risk-based review,Product + module owner + control owner; DPO/Legal/Compliance where cited,Unassessed until implementation and verification evidence exists
FR-REV-07,Functional,Employer Reviewer; Employer Admin,Reviewer disagreement beyond a configured threshold shall trigger adjudication or secondary review.,Should,Threshold workflow test,BRD 17.3,"EU AI Act Arts 8-20, 26, 72-73, 86; Annex III 4(a); GDPR Arts 5, 22, 25, 35",CTRL-FR-REV-07,Review Workflow,API + service + DB + automated acceptance test,G2 Functional readiness,Specified; evidence not yet supplied,Automated/manual evidence for Threshold workflow test,Role journey + normal/loading/empty/error/denied/expired/success states,Internal service/control or endpoint mapping to be refined during design,"review.*, hiring.reviewer_profiles",Risk-based review,Product + module owner + control owner; DPO/Legal/Compliance where cited,Unassessed until implementation and verification evidence exists
FR-REV-08,Functional,Employer Reviewer; Employer Admin,"Reviewer qualification shall include expertise, role assignment, training, calibration status, conflict declaration and volume limits where configured.",Should,Eligibility and assignment tests,BRD 17.1,"EU AI Act Arts 8-20, 26, 72-73, 86; Annex III 4(a); GDPR Arts 5, 22, 25, 35",CTRL-FR-REV-08,Review Workflow,API + service + DB + automated acceptance test,G2 Functional readiness,Specified; evidence not yet supplied,Automated/manual evidence for Eligibility and assignment tests,Role journey + normal/loading/empty/error/denied/expired/success states,Internal service/control or endpoint mapping to be refined during design,"review.*, hiring.reviewer_profiles",Risk-based review,Product + module owner + control owner; DPO/Legal/Compliance where cited,Unassessed until implementation and verification evidence exists
FR-REV-09,Functional,Employer Reviewer; Employer Admin,"Reviewer calibration shall support benchmark submissions, scoring exercises, agreement analysis, feedback and periodic recertification.",Should,Calibration acceptance tests,"BRD 17.2, BR-043","EU AI Act Arts 8-20, 26, 72-73, 86; Annex III 4(a); GDPR Arts 5, 22, 25, 35",CTRL-FR-REV-09,Review Workflow,API + service + DB + automated acceptance test,G2 Functional readiness,Specified; evidence not yet supplied,Automated/manual evidence for Calibration acceptance tests,Role journey + normal/loading/empty/error/denied/expired/success states,Internal service/control or endpoint mapping to be refined during design,"review.*, hiring.reviewer_profiles",Risk-based review,Product + module owner + control owner; DPO/Legal/Compliance where cited,Unassessed until implementation and verification evidence exists
FR-REV-10,Functional,Employer Reviewer; Employer Admin,"Review submission shall be blocked until required criteria, evidence and conclusions are complete.",Must,Validation tests,BRD 9.5,"EU AI Act Arts 8-20, 26, 72-73, 86; Annex III 4(a); GDPR Arts 5, 22, 25, 35",CTRL-FR-REV-10,Review Workflow,API + service + DB + automated acceptance test,G2 Functional readiness,Specified; evidence not yet supplied,Automated/manual evidence for Validation tests,Role journey + normal/loading/empty/error/denied/expired/success states,Internal service/control or endpoint mapping to be refined during design,"review.*, hiring.reviewer_profiles",Required before release,Product + module owner + control owner; DPO/Legal/Compliance where cited,Unassessed until implementation and verification evidence exists
FR-SCR-01,Functional,Employer Reviewer; Employer Admin,"Each score criterion shall define identifier, description, weight, range, anchors, required evidence, guidance, AI policy, evidence threshold and confidence field.",Must,Rubric schema validation,BRD 16.2,"EU AI Act Arts 8-20, 26, 72-73, 86; Annex III 4(a); GDPR Arts 5, 22, 25, 35",CTRL-FR-SCR-01,Scoring and Decision Support,API + service + DB + automated acceptance test,G4 High-risk AI quality and oversight,Specified; evidence not yet supplied,Automated/manual evidence for Rubric schema validation,Role journey + normal/loading/empty/error/denied/expired/success states,Internal service/control or endpoint mapping to be refined during design,review.*,Required before release,Product + module owner + control owner; DPO/Legal/Compliance where cited,Unassessed until implementation and verification evidence exists
FR-SCR-02,Functional,Employer Reviewer; Employer Admin,Composite scores shall use the immutable configured weights for the candidate cohort and role.,Must,Calculation tests,BRD 16.3,"EU AI Act Arts 8-20, 26, 72-73, 86; Annex III 4(a); GDPR Arts 5, 22, 25, 35",CTRL-FR-SCR-02,Scoring and Decision Support,API + service + DB + automated acceptance test,G4 High-risk AI quality and oversight,Specified; evidence not yet supplied,Automated/manual evidence for Calculation tests,Role journey + normal/loading/empty/error/denied/expired/success states,Internal service/control or endpoint mapping to be refined during design,review.*,Required before release,Product + module owner + control owner; DPO/Legal/Compliance where cited,Unassessed until implementation and verification evidence exists
FR-SCR-03,Functional,Employer Reviewer; Employer Admin,"The platform shall maintain a confidence value separate from performance based on evidence completeness, reviewer agreement, completion, incidents, rubric applicability and unresolved evidence.",Must,Confidence-model tests,BRD 16.4,"EU AI Act Arts 8-20, 26, 72-73, 86; Annex III 4(a); GDPR Arts 5, 22, 25, 35",CTRL-FR-SCR-03,Scoring and Decision Support,API + service + DB + automated acceptance test,G4 High-risk AI quality and oversight,Specified; evidence not yet supplied,Automated/manual evidence for Confidence-model tests,Role journey + normal/loading/empty/error/denied/expired/success states,Internal service/control or endpoint mapping to be refined during design,review.*,Required before release,Product + module owner + control owner; DPO/Legal/Compliance where cited,Unassessed until implementation and verification evidence exists
FR-SCR-04,Functional,Employer Reviewer; Employer Admin,Candidate comparison views shall use only approved human-scored criteria and identical versioned deterministic rules for a comparable cohort.,Must,Fair comparison tests,BRD 16.5,"EU AI Act Arts 8-20, 26, 72-73, 86; Annex III 4(a); GDPR Arts 5, 22, 25, 35",CTRL-FR-SCR-04,Scoring and Decision Support,API + service + DB + automated acceptance test,G4 High-risk AI quality and oversight,Specified; evidence not yet supplied,Automated/manual evidence for Fair comparison tests,Role journey + normal/loading/empty/error/denied/expired/success states,GET /v2/campaigns/{campaignId}/comparison,review.*,Required before release,Product + module owner + control owner; DPO/Legal/Compliance where cited,Unassessed until implementation and verification evidence exists
FR-SCR-05,Functional,Employer Reviewer; Employer Admin,"Comparison views shall show human-score weights, bands, evidence completeness, uncertainty, reviewer agreement and source access without presenting an AI-generated ordinal rank.",Must,UI acceptance tests,"BRD 16.5, BR-024","EU AI Act Arts 8-20, 26, 72-73, 86; Annex III 4(a); GDPR Arts 5, 22, 25, 35",CTRL-FR-SCR-05,Scoring and Decision Support,API + service + DB + automated acceptance test,G4 High-risk AI quality and oversight,Specified; evidence not yet supplied,Automated/manual evidence for UI acceptance tests,Role journey + normal/loading/empty/error/denied/expired/success states,Internal service/control or endpoint mapping to be refined during design,review.*,Required before release,Product + module owner + control owner; DPO/Legal/Compliance where cited,Unassessed until implementation and verification evidence exists
FR-SCR-06,Functional,Employer Reviewer; Employer Admin,"Protected characteristics, accommodation details and unresolved integrity signals shall be excluded from score aggregation and candidate comparison calculations.",Must,Data-lineage and calculation tests,BRD 16.5,"EU AI Act Arts 8-20, 26, 72-73, 86; Annex III 4(a); GDPR Arts 5, 22, 25, 35",CTRL-FR-SCR-06,Scoring and Decision Support,API + service + DB + automated acceptance test,G4 High-risk AI quality and oversight,Specified; evidence not yet supplied,Automated/manual evidence for Data-lineage and calculation tests,Role journey + normal/loading/empty/error/denied/expired/success states,Internal service/control or endpoint mapping to be refined during design,review.*,Required before release,Product + module owner + control owner; DPO/Legal/Compliance where cited,Unassessed until implementation and verification evidence exists
FR-SCR-07,Functional,Employer Reviewer; Employer Admin,"Authorised humans shall be able to correct human scores through a versioned amendment, reject AI observations, resolve integrity context and independently draft progression decisions.",Must,Override acceptance tests,BRD 16.6,"EU AI Act Arts 8-20, 26, 72-73, 86; Annex III 4(a); GDPR Arts 5, 22, 25, 35",CTRL-FR-SCR-07,Scoring and Decision Support,API + service + DB + automated acceptance test,G4 High-risk AI quality and oversight,Specified; evidence not yet supplied,Automated/manual evidence for Override acceptance tests,Role journey + normal/loading/empty/error/denied/expired/success states,Internal service/control or endpoint mapping to be refined during design,review.*,Required before release,Product + module owner + control owner; DPO/Legal/Compliance where cited,Unassessed until implementation and verification evidence exists
FR-SCR-08,Functional,Employer Reviewer; Employer Admin,"Every material override shall preserve original value, revised value, user, timestamp, reason, evidence and required secondary approval.",Must,Audit and workflow tests,BRD 16.6,"EU AI Act Arts 8-20, 26, 72-73, 86; Annex III 4(a); GDPR Arts 5, 22, 25, 35",CTRL-FR-SCR-08,Scoring and Decision Support,API + service + DB + automated acceptance test,G4 High-risk AI quality and oversight,Specified; evidence not yet supplied,Automated/manual evidence for Audit and workflow tests,Role journey + normal/loading/empty/error/denied/expired/success states,Internal service/control or endpoint mapping to be refined during design,review.*,Required before release,Product + module owner + control owner; DPO/Legal/Compliance where cited,Unassessed until implementation and verification evidence exists
FR-SCR-09,Functional,Employer Reviewer; Employer Admin,"The platform shall never automatically reject or progress a candidate and shall contain no AI candidate score, rank or progression recommendation.",Must,Decision-rule negative tests,"BRD 4.3, BR-025","EU AI Act Arts 8-20, 26, 72-73, 86; Annex III 4(a); GDPR Arts 5, 22, 25, 35",CTRL-FR-SCR-09,Scoring and Decision Support,API + service + DB + automated acceptance test,G4 High-risk AI quality and oversight,Specified; evidence not yet supplied,Automated/manual evidence for Decision-rule negative tests,Role journey + normal/loading/empty/error/denied/expired/success states,POST /v2/applications/{applicationId}/decisions,review.*,Required before release,Product + module owner + control owner; DPO/Legal/Compliance where cited,Unassessed until implementation and verification evidence exists
FR-SCR-10,Functional,Employer Reviewer; Employer Admin,Human-score comparison views shall be available only after all review and evidence-completeness prerequisites are satisfied.,Must,Workflow gate tests,BRD Rule 8,"EU AI Act Arts 8-20, 26, 72-73, 86; Annex III 4(a); GDPR Arts 5, 22, 25, 35",CTRL-FR-SCR-10,Scoring and Decision Support,API + service + DB + automated acceptance test,G4 High-risk AI quality and oversight,Specified; evidence not yet supplied,Automated/manual evidence for Workflow gate tests,Role journey + normal/loading/empty/error/denied/expired/success states,Internal service/control or endpoint mapping to be refined during design,review.*,Required before release,Product + module owner + control owner; DPO/Legal/Compliance where cited,Unassessed until implementation and verification evidence exists
FR-REP-01,Functional,Employer Admin; Employer Reviewer,"Candidate reports shall include candidate/assessment identifiers, versions, completion date, duration, reviewer status and report version.",Must,Report content tests,BRD 18.1,"EU AI Act Arts 8-20, 26, 72-73, 86; Annex III 4(a); GDPR Arts 5, 22, 25, 35",CTRL-FR-REP-01,Reporting and Interview Support,API + service + DB + automated acceptance test,G4 High-risk AI quality and oversight,Specified; evidence not yet supplied,Automated/manual evidence for Report content tests,Role journey + normal/loading/empty/error/denied/expired/success states,GET /v2/submissions/{submissionId}/reports; POST /v2/submissions/{submissionId}/reports,"review.reports, review.progression_decisions",Required before release,Product + module owner + control owner; DPO/Legal/Compliance where cited,Unassessed until implementation and verification evidence exists
FR-REP-02,Functional,Employer Admin; Employer Reviewer,"Reports shall provide an executive summary with performance band, strengths, areas for validation, evidence confidence, material incidents and human-review status.",Must,Report content tests,BRD 18.2,"EU AI Act Arts 8-20, 26, 72-73, 86; Annex III 4(a); GDPR Arts 5, 22, 25, 35",CTRL-FR-REP-02,Reporting and Interview Support,API + service + DB + automated acceptance test,G4 High-risk AI quality and oversight,Specified; evidence not yet supplied,Automated/manual evidence for Report content tests,Role journey + normal/loading/empty/error/denied/expired/success states,Internal service/control or endpoint mapping to be refined during design,"review.reports, review.progression_decisions",Required before release,Product + module owner + control owner; DPO/Legal/Compliance where cited,Unassessed until implementation and verification evidence exists
FR-REP-03,Functional,Employer Admin; Employer Reviewer,"Each competency section shall show score, weight, evidence, reviewer comment, confidence, AI observation label and human approval status.",Must,Traceability test,"BRD 18.3, BR-026","EU AI Act Arts 8-20, 26, 72-73, 86; Annex III 4(a); GDPR Arts 5, 22, 25, 35",CTRL-FR-REP-03,Reporting and Interview Support,API + service + DB + automated acceptance test,G4 High-risk AI quality and oversight,Specified; evidence not yet supplied,Automated/manual evidence for Traceability test,Role journey + normal/loading/empty/error/denied/expired/success states,Internal service/control or endpoint mapping to be refined during design,"review.reports, review.progression_decisions",Required before release,Product + module owner + control owner; DPO/Legal/Compliance where cited,Unassessed until implementation and verification evidence exists
FR-REP-04,Functional,Employer Admin; Employer Reviewer,"AI collaboration reporting may cover decomposition, prompting, tool selection, validation, correction, unsupported reliance, efficiency and final human judgement.",Must,Rubric/report review,BRD 18.4,"EU AI Act Arts 8-20, 26, 72-73, 86; Annex III 4(a); GDPR Arts 5, 22, 25, 35",CTRL-FR-REP-04,Reporting and Interview Support,API + service + DB + automated acceptance test,G4 High-risk AI quality and oversight,Specified; evidence not yet supplied,Automated/manual evidence for Rubric/report review,Role journey + normal/loading/empty/error/denied/expired/success states,Internal service/control or endpoint mapping to be refined during design,"review.reports, review.progression_decisions",Required before release,Product + module owner + control owner; DPO/Legal/Compliance where cited,Unassessed until implementation and verification evidence exists
FR-REP-05,Functional,Employer Admin; Employer Reviewer,"Reports shall not use unsupported labels about dishonesty, emotion, trustworthiness, personality or cultural suitability.",Must,Content-policy tests,BRD 18.4,"EU AI Act Arts 8-20, 26, 72-73, 86; Annex III 4(a); GDPR Arts 5, 22, 25, 35",CTRL-FR-REP-05,Reporting and Interview Support,API + service + DB + automated acceptance test,G4 High-risk AI quality and oversight,Specified; evidence not yet supplied,Automated/manual evidence for Content-policy tests,Role journey + normal/loading/empty/error/denied/expired/success states,Internal service/control or endpoint mapping to be refined during design,"review.reports, review.progression_decisions",Required before release,Product + module owner + control owner; DPO/Legal/Compliance where cited,Unassessed until implementation and verification evidence exists
FR-REP-06,Functional,Employer Admin; Employer Reviewer,"Integrity sections shall show event counts, categories, resolution state, material concerns, human determination and candidate explanation where applicable.",Must,Report content tests,BRD 18.5,"EU AI Act Arts 8-20, 26, 72-73, 86; Annex III 4(a); GDPR Arts 5, 22, 25, 35",CTRL-FR-REP-06,Reporting and Interview Support,API + service + DB + automated acceptance test,G4 High-risk AI quality and oversight,Specified; evidence not yet supplied,Automated/manual evidence for Report content tests,Role journey + normal/loading/empty/error/denied/expired/success states,Internal service/control or endpoint mapping to be refined during design,"review.reports, review.progression_decisions",Required before release,Product + module owner + control owner; DPO/Legal/Compliance where cited,Unassessed until implementation and verification evidence exists
FR-REP-07,Functional,Employer Admin; Employer Reviewer,"Reports shall generate targeted interview questions based on strengths, weaknesses, uncertainty, ownership, AI validation and trade-offs.",Must,Question-generation evaluation,"BRD 18.6, BR-027","EU AI Act Arts 8-20, 26, 72-73, 86; Annex III 4(a); GDPR Arts 5, 22, 25, 35",CTRL-FR-REP-07,Reporting and Interview Support,API + service + DB + automated acceptance test,G4 High-risk AI quality and oversight,Specified; evidence not yet supplied,Automated/manual evidence for Question-generation evaluation,Role journey + normal/loading/empty/error/denied/expired/success states,Internal service/control or endpoint mapping to be refined during design,"review.reports, review.progression_decisions",Required before release,Product + module owner + control owner; DPO/Legal/Compliance where cited,Unassessed until implementation and verification evidence exists
FR-REP-08,Functional,Employer Admin; Employer Reviewer,"Every report shall state that it is one input, human review is required, scores have limitations and lawful job-relevant criteria must govern decisions.",Must,Decision-support notice test,BRD 18.7,"EU AI Act Arts 8-20, 26, 72-73, 86; Annex III 4(a); GDPR Arts 5, 22, 25, 35",CTRL-FR-REP-08,Reporting and Interview Support,API + service + DB + automated acceptance test,G4 High-risk AI quality and oversight,Specified; evidence not yet supplied,Automated/manual evidence for Decision-support notice test,Role journey + normal/loading/empty/error/denied/expired/success states,POST /v2/submissions/{submissionId}/reports,"review.reports, review.progression_decisions",Required before release,Product + module owner + control owner; DPO/Legal/Compliance where cited,Unassessed until implementation and verification evidence exists
FR-REP-09,Functional,Employer Admin; Employer Reviewer,"Employer dashboards shall show campaign, pipeline, completion, review, score, confidence, incident, decision, retention and subscription information without sensitive proxy filters.",Must,Dashboard acceptance tests,BRD 19,"EU AI Act Arts 8-20, 26, 72-73, 86; Annex III 4(a); GDPR Arts 5, 22, 25, 35",CTRL-FR-REP-09,Reporting and Interview Support,API + service + DB + automated acceptance test,G4 High-risk AI quality and oversight,Specified; evidence not yet supplied,Automated/manual evidence for Dashboard acceptance tests,Role journey + normal/loading/empty/error/denied/expired/success states,Internal service/control or endpoint mapping to be refined during design,"review.reports, review.progression_decisions",Required before release,Product + module owner + control owner; DPO/Legal/Compliance where cited,Unassessed until implementation and verification evidence exists
FR-REP-10,Functional,Employer Admin; Employer Reviewer,"Report export shall be permissioned, versioned and audited.",Should,Export security tests,BRD BR-042,"EU AI Act Arts 8-20, 26, 72-73, 86; Annex III 4(a); GDPR Arts 5, 22, 25, 35",CTRL-FR-REP-10,Reporting and Interview Support,API + service + DB + automated acceptance test,G4 High-risk AI quality and oversight,Specified; evidence not yet supplied,Automated/manual evidence for Export security tests,Role journey + normal/loading/empty/error/denied/expired/success states,Internal service/control or endpoint mapping to be refined during design,"review.reports, review.progression_decisions",Risk-based review,Product + module owner + control owner; DPO/Legal/Compliance where cited,Unassessed until implementation and verification evidence exists
FR-DAT-01,Functional,Candidate; Employer Admin; Compliance,"The system shall maintain separate candidate, assessment response, AI interaction, reviewer, proctoring, security, audit, legal-hold and anonymised-research retention categories.",Must,Retention configuration review,BRD 24.8,"GDPR Arts 5, 6, 9, 12-22, 25, 28, 30, 32-36, 44-49 as applicable",CTRL-FR-DAT-01,"Privacy, Retention and Data Rights",API + service + DB + automated acceptance test,"G3 Privacy, rights and proportionality",Specified; evidence not yet supplied,Automated/manual evidence for Retention configuration review,Role journey + normal/loading/empty/error/denied/expired/success states,Internal service/control or endpoint mapping to be refined during design,"governance.*, audit.*",Required before release,Product + module owner + control owner; DPO/Legal/Compliance where cited,Unassessed until implementation and verification evidence exists
FR-DAT-02,Functional,Candidate; Employer Admin; Compliance,"Data collection fields and monitoring signals shall record purpose, necessity, access, retention, risk and less-intrusive alternatives.",Must,Data inventory and DPIA review,BRD 24.5,"GDPR Arts 5, 6, 9, 12-22, 25, 28, 30, 32-36, 44-49 as applicable",CTRL-FR-DAT-02,"Privacy, Retention and Data Rights",API + service + DB + automated acceptance test,"G3 Privacy, rights and proportionality",Specified; evidence not yet supplied,Automated/manual evidence for Data inventory and DPIA review,Role journey + normal/loading/empty/error/denied/expired/success states,Internal service/control or endpoint mapping to be refined during design,"governance.*, audit.*",Required before release,Product + module owner + control owner; DPO/Legal/Compliance where cited,Unassessed until implementation and verification evidence exists
FR-DAT-03,Functional,Candidate; Employer Admin; Compliance,Accommodation and special-category information shall be segregated and excluded from scoring and reviewer views unless operationally necessary.,Must,Access and data-lineage tests,"BRD 24.7, 25.2","GDPR Arts 5, 6, 9, 12-22, 25, 28, 30, 32-36, 44-49 as applicable",CTRL-FR-DAT-03,"Privacy, Retention and Data Rights",API + service + DB + automated acceptance test,"G3 Privacy, rights and proportionality",Specified; evidence not yet supplied,Automated/manual evidence for Access and data-lineage tests,Role journey + normal/loading/empty/error/denied/expired/success states,Internal service/control or endpoint mapping to be refined during design,"governance.*, audit.*",Required before release,Product + module owner + control owner; DPO/Legal/Compliance where cited,Unassessed until implementation and verification evidence exists
FR-DAT-04,Functional,Candidate; Employer Admin; Compliance,"The platform shall support access, correction, deletion, restriction, objection, portability where applicable, human review, contestation and complaint workflows.",Must,Rights workflow tests,"BRD 24.9, BR-032","GDPR Arts 5, 6, 9, 12-22, 25, 28, 30, 32-36, 44-49 as applicable",CTRL-FR-DAT-04,"Privacy, Retention and Data Rights",API + service + DB + automated acceptance test,"G3 Privacy, rights and proportionality",Specified; evidence not yet supplied,Automated/manual evidence for Rights workflow tests,Role journey + normal/loading/empty/error/denied/expired/success states,POST /v2/candidate/data-rights/requests,"governance.*, audit.*",Required before release,Product + module owner + control owner; DPO/Legal/Compliance where cited,Unassessed until implementation and verification evidence exists
FR-DAT-05,Functional,Candidate; Employer Admin; Compliance,"The system shall support configurable retention within legally approved boundaries, deletion execution, backup expiry and legal holds.",Must,Lifecycle and deletion tests,"BRD 24.8, BR-031","GDPR Arts 5, 6, 9, 12-22, 25, 28, 30, 32-36, 44-49 as applicable",CTRL-FR-DAT-05,"Privacy, Retention and Data Rights",API + service + DB + automated acceptance test,"G3 Privacy, rights and proportionality",Specified; evidence not yet supplied,Automated/manual evidence for Lifecycle and deletion tests,Role journey + normal/loading/empty/error/denied/expired/success states,Internal service/control or endpoint mapping to be refined during design,"governance.*, audit.*",Required before release,Product + module owner + control owner; DPO/Legal/Compliance where cited,Unassessed until implementation and verification evidence exists
FR-DAT-06,Functional,Candidate; Employer Admin; Compliance,"The platform shall support EU/EEA data residency, documented subprocessors, regional backups and transfer mechanisms where required.",Must,Architecture and contract review,BRD 24.10,"GDPR Arts 5, 6, 9, 12-22, 25, 28, 30, 32-36, 44-49 as applicable",CTRL-FR-DAT-06,"Privacy, Retention and Data Rights",API + service + DB + automated acceptance test,"G3 Privacy, rights and proportionality",Specified; evidence not yet supplied,Automated/manual evidence for Architecture and contract review,Role journey + normal/loading/empty/error/denied/expired/success states,Internal service/control or endpoint mapping to be refined during design,"governance.*, audit.*",Required before release,Product + module owner + control owner; DPO/Legal/Compliance where cited,Unassessed until implementation and verification evidence exists
FR-DAT-07,Functional,Candidate; Employer Admin; Compliance,"Personal data shall be encrypted in transit and at rest and protected by least privilege, key rotation and secrets management.",Must,Security tests and configuration audit,BRD 26,"GDPR Arts 5, 6, 9, 12-22, 25, 28, 30, 32-36, 44-49 as applicable",CTRL-FR-DAT-07,"Privacy, Retention and Data Rights",API + service + DB + automated acceptance test,"G3 Privacy, rights and proportionality",Specified; evidence not yet supplied,Automated/manual evidence for Security tests and configuration audit,Role journey + normal/loading/empty/error/denied/expired/success states,Internal service/control or endpoint mapping to be refined during design,"governance.*, audit.*",Required before release,Product + module owner + control owner; DPO/Legal/Compliance where cited,Unassessed until implementation and verification evidence exists
FR-DAT-08,Functional,Candidate; Employer Admin; Compliance,"The system shall maintain tamper-evident logs sufficient to reconstruct assessment, model, scoring, submission, review, override, human-score comparison, incident, report, export, privileged-access and deletion events.",Must,Audit reconstruction exercise,"BRD 23.6, BR-030","GDPR Arts 5, 6, 9, 12-22, 25, 28, 30, 32-36, 44-49 as applicable",CTRL-FR-DAT-08,"Privacy, Retention and Data Rights",API + service + DB + automated acceptance test,"G3 Privacy, rights and proportionality",Specified; evidence not yet supplied,Automated/manual evidence for Audit reconstruction exercise,Role journey + normal/loading/empty/error/denied/expired/success states,Internal service/control or endpoint mapping to be refined during design,"governance.*, audit.*",Required before release,Product + module owner + control owner; DPO/Legal/Compliance where cited,Unassessed until implementation and verification evidence exists
FR-DAT-09,Functional,Candidate; Employer Admin; Compliance,Audit and decision evidence shall be accessible through authorised interfaces without direct engineering database access.,Must,Audit portal acceptance test,BRD 27.6,"GDPR Arts 5, 6, 9, 12-22, 25, 28, 30, 32-36, 44-49 as applicable",CTRL-FR-DAT-09,"Privacy, Retention and Data Rights",API + service + DB + automated acceptance test,"G3 Privacy, rights and proportionality",Specified; evidence not yet supplied,Automated/manual evidence for Audit portal acceptance test,Role journey + normal/loading/empty/error/denied/expired/success states,Internal service/control or endpoint mapping to be refined during design,"governance.*, audit.*",Required before release,Product + module owner + control owner; DPO/Legal/Compliance where cited,Unassessed until implementation and verification evidence exists
FR-DAT-10,Functional,Candidate; Employer Admin; Compliance,"The platform shall prohibit cross-employer reputation scores, permanent employability scores, shadow profiles and sale of identifiable candidate analytics.",Must,Data-use policy and feature inventory review,BRD 29.3,"GDPR Arts 5, 6, 9, 12-22, 25, 28, 30, 32-36, 44-49 as applicable",CTRL-FR-DAT-10,"Privacy, Retention and Data Rights",API + service + DB + automated acceptance test,"G3 Privacy, rights and proportionality",Specified; evidence not yet supplied,Automated/manual evidence for Data-use policy and feature inventory review,Role journey + normal/loading/empty/error/denied/expired/success states,Internal service/control or endpoint mapping to be refined during design,"governance.*, audit.*",Required before release,Product + module owner + control owner; DPO/Legal/Compliance where cited,Unassessed until implementation and verification evidence exists
FR-DAT-11,Functional,Candidate; Employer Admin; Compliance,"The platform shall provide employer DPIA, fundamental-rights assessment and compliance documentation support.",Must,Document-pack acceptance test,"BRD 23.7, BR-033, BR-034","GDPR Arts 5, 6, 9, 12-22, 25, 28, 30, 32-36, 44-49 as applicable",CTRL-FR-DAT-11,"Privacy, Retention and Data Rights",API + service + DB + automated acceptance test,"G3 Privacy, rights and proportionality",Specified; evidence not yet supplied,Automated/manual evidence for Document-pack acceptance test,Role journey + normal/loading/empty/error/denied/expired/success states,Internal service/control or endpoint mapping to be refined during design,"governance.*, audit.*",Required before release,Product + module owner + control owner; DPO/Legal/Compliance where cited,Unassessed until implementation and verification evidence exists
FR-DAT-12,Functional,Candidate; Employer Admin; Compliance,"Material data, scoring, AI, proctoring, identity, retention or report changes shall enter formal change control.",Must,Release-gate audit,BRD 39.1,"GDPR Arts 5, 6, 9, 12-22, 25, 28, 30, 32-36, 44-49 as applicable",CTRL-FR-DAT-12,"Privacy, Retention and Data Rights",API + service + DB + automated acceptance test,"G3 Privacy, rights and proportionality",Specified; evidence not yet supplied,Automated/manual evidence for Release-gate audit,Role journey + normal/loading/empty/error/denied/expired/success states,Internal service/control or endpoint mapping to be refined during design,"governance.*, audit.*",Required before release,Product + module owner + control owner; DPO/Legal/Compliance where cited,Unassessed until implementation and verification evidence exists
FR-COM-01,Functional,Employer Admin; Candidate; Integrations,"The system shall support versioned templates for invitation, reminder, expiry, installation, pre-check, accommodation, confirmation, incident, reattempt, status and rights communications.",Must,Template and trigger tests,BRD 22,"GDPR Arts 5, 6, 9, 12-22, 25, 28, 30, 32-36, 44-49 as applicable",CTRL-FR-COM-01,Compliance and Governance,API + service + DB + automated acceptance test,G8 Operational readiness,Specified; evidence not yet supplied,Automated/manual evidence for Template and trigger tests,Role journey + normal/loading/empty/error/denied/expired/success states,GET /v2/notification-templates; POST /v2/notification-templates,integration.*,Required before release,Product + module owner + control owner; DPO/Legal/Compliance where cited,Unassessed until implementation and verification evidence exists
FR-COM-02,Functional,Employer Admin; Candidate; Integrations,Communications shall be tenant-branded only within approved templates and accessibility constraints.,Could,Branding and accessibility tests,BRD BR-045,"Contract, employment/equality, consumer and sector law as applicable; controller to validate",CTRL-FR-COM-02,Compliance and Governance,API + service + DB + automated acceptance test,G8 Operational readiness,Specified; evidence not yet supplied,Automated/manual evidence for Branding and accessibility tests,Role journey + normal/loading/empty/error/denied/expired/success states,Internal service/control or endpoint mapping to be refined during design,integration.*,Risk-based review,Product + module owner + control owner; DPO/Legal/Compliance where cited,Unassessed until implementation and verification evidence exists
FR-COM-03,Functional,Employer Admin; Candidate; Integrations,The platform shall prevent confidential scores or integrity information from being sent to unauthorised recipients.,Must,Recipient and content-rule tests,BRD 22,"Contract, employment/equality, consumer and sector law as applicable; controller to validate",CTRL-FR-COM-03,Compliance and Governance,API + service + DB + automated acceptance test,G8 Operational readiness,Specified; evidence not yet supplied,Automated/manual evidence for Recipient and content-rule tests,Role journey + normal/loading/empty/error/denied/expired/success states,Internal service/control or endpoint mapping to be refined during design,integration.*,Required before release,Product + module owner + control owner; DPO/Legal/Compliance where cited,Unassessed until implementation and verification evidence exists
FR-COM-04,Functional,Employer Admin; Candidate; Integrations,"The platform should integrate with ATS, HRIS, identity, email, calendar, video interview, cloud storage, collaboration and BI systems through scoped credentials.",Should,Connector tests,BRD 28,"Contract, employment/equality, consumer and sector law as applicable; controller to validate",CTRL-FR-COM-04,Compliance and Governance,API + service + DB + automated acceptance test,G8 Operational readiness,Specified; evidence not yet supplied,Automated/manual evidence for Connector tests,Role journey + normal/loading/empty/error/denied/expired/success states,Internal service/control or endpoint mapping to be refined during design,integration.*,Risk-based review,Product + module owner + control owner; DPO/Legal/Compliance where cited,Unassessed until implementation and verification evidence exists
FR-COM-05,Functional,Employer Admin; Candidate; Integrations,"Integrations shall support revocation, retry, idempotency, duplicate detection, sync logging and prevention of silent overwrite.",Must,Resilience and data-integrity tests,BRD 28.1,"Contract, employment/equality, consumer and sector law as applicable; controller to validate",CTRL-FR-COM-05,Compliance and Governance,API + service + DB + automated acceptance test,G8 Operational readiness,Specified; evidence not yet supplied,Automated/manual evidence for Resilience and data-integrity tests,Role journey + normal/loading/empty/error/denied/expired/success states,Internal service/control or endpoint mapping to be refined during design,integration.*,Required before release,Product + module owner + control owner; DPO/Legal/Compliance where cited,Unassessed until implementation and verification evidence exists
FR-COM-06,Functional,Employer Admin; Candidate; Integrations,Integration configuration and credentials shall be tenant-specific and access-restricted.,Must,Isolation and secret-management tests,BRD 28.1,"Contract, employment/equality, consumer and sector law as applicable; controller to validate",CTRL-FR-COM-06,Compliance and Governance,API + service + DB + automated acceptance test,G8 Operational readiness,Specified; evidence not yet supplied,Automated/manual evidence for Isolation and secret-management tests,Role journey + normal/loading/empty/error/denied/expired/success states,Internal service/control or endpoint mapping to be refined during design,integration.*,Required before release,Product + module owner + control owner; DPO/Legal/Compliance where cited,Unassessed until implementation and verification evidence exists
FR-COM-07,Functional,Employer Admin; Candidate; Integrations,"The platform should provide versioned APIs and webhooks or polling mechanisms for approved candidate, campaign, status and report-reference operations.",Should,API contract and version tests,"BRD 27.5, 28","Contract, employment/equality, consumer and sector law as applicable; controller to validate",CTRL-FR-COM-07,Compliance and Governance,API + service + DB + automated acceptance test,G8 Operational readiness,Specified; evidence not yet supplied,Automated/manual evidence for API contract and version tests,Role journey + normal/loading/empty/error/denied/expired/success states,Internal service/control or endpoint mapping to be refined during design,integration.*,Risk-based review,Product + module owner + control owner; DPO/Legal/Compliance where cited,Unassessed until implementation and verification evidence exists
FR-COM-08,Functional,Employer Admin; Candidate; Integrations,The system shall document controller and processor responsibilities for each integration data flow.,Must,Data-flow and contract review,BRD 28.1,"Contract, employment/equality, consumer and sector law as applicable; controller to validate",CTRL-FR-COM-08,Compliance and Governance,API + service + DB + automated acceptance test,G8 Operational readiness,Specified; evidence not yet supplied,Automated/manual evidence for Data-flow and contract review,Role journey + normal/loading/empty/error/denied/expired/success states,Internal service/control or endpoint mapping to be refined during design,integration.*,Required before release,Product + module owner + control owner; DPO/Legal/Compliance where cited,Unassessed until implementation and verification evidence exists
FR-OPS-01,Functional,CPF Super Admin; Support; Security,"The Super Admin dashboard shall show employer, subscription, usage, active session, support, system, security, model, plugin, assessment, fairness, retention and corrective-action status.",Must,Dashboard acceptance test,BRD 20,"GDPR Arts 5, 6, 9, 12-22, 25, 28, 30, 32-36, 44-49 as applicable",CTRL-FR-OPS-01,Platform Operations and Integrations,API + service + DB + automated acceptance test,G8 Operational readiness,Specified; evidence not yet supplied,Automated/manual evidence for Dashboard acceptance test,Role journey + normal/loading/empty/error/denied/expired/success states,GET /v2/admin/tenants,"governance.*, audit.*, tenant.feature_flags",Required before release,Product + module owner + control owner; DPO/Legal/Compliance where cited,Unassessed until implementation and verification evidence exists
FR-OPS-02,Functional,CPF Super Admin; Support; Security,"Authorised Super Admins shall be able to suspend an assessment, model, plugin, proctoring rule, integration, tenant or candidate session.",Must,Suspension workflow tests,"BRD 20, BR-036","Contract, employment/equality, consumer and sector law as applicable; controller to validate",CTRL-FR-OPS-02,Platform Operations and Integrations,API + service + DB + automated acceptance test,G8 Operational readiness,Specified; evidence not yet supplied,Automated/manual evidence for Suspension workflow tests,Role journey + normal/loading/empty/error/denied/expired/success states,Internal service/control or endpoint mapping to be refined during design,"governance.*, audit.*, tenant.feature_flags",Required before release,Product + module owner + control owner; DPO/Legal/Compliance where cited,Unassessed until implementation and verification evidence exists
FR-OPS-03,Functional,CPF Super Admin; Support; Security,"The platform shall support incident ownership, severity, evidence, containment, recovery, communication, corrective action and closure records.",Must,Incident lifecycle test,"BRD 23.3, 26","Contract, employment/equality, consumer and sector law as applicable; controller to validate",CTRL-FR-OPS-03,Platform Operations and Integrations,API + service + DB + automated acceptance test,G8 Operational readiness,Specified; evidence not yet supplied,Automated/manual evidence for Incident lifecycle test,Role journey + normal/loading/empty/error/denied/expired/success states,Internal service/control or endpoint mapping to be refined during design,"governance.*, audit.*, tenant.feature_flags",Required before release,Product + module owner + control owner; DPO/Legal/Compliance where cited,Unassessed until implementation and verification evidence exists
FR-OPS-04,Functional,CPF Super Admin; Support; Security,"The system shall monitor assessment and model performance, plugin reliability, proctoring false positives, reviewer calibration and fairness indicators.",Must,Monitoring coverage test,"BRD 29.2, BR-035","Contract, employment/equality, consumer and sector law as applicable; controller to validate",CTRL-FR-OPS-04,Platform Operations and Integrations,API + service + DB + automated acceptance test,G8 Operational readiness,Specified; evidence not yet supplied,Automated/manual evidence for Monitoring coverage test,Role journey + normal/loading/empty/error/denied/expired/success states,Internal service/control or endpoint mapping to be refined during design,"governance.*, audit.*, tenant.feature_flags",Required before release,Product + module owner + control owner; DPO/Legal/Compliance where cited,Unassessed until implementation and verification evidence exists
FR-OPS-05,Functional,CPF Super Admin; Support; Security,Assessment or model threshold breaches shall create alerts and review or suspension tasks.,Must,Alert and workflow test,BRD 33,"Contract, employment/equality, consumer and sector law as applicable; controller to validate",CTRL-FR-OPS-05,Platform Operations and Integrations,API + service + DB + automated acceptance test,G8 Operational readiness,Specified; evidence not yet supplied,Automated/manual evidence for Alert and workflow test,Role journey + normal/loading/empty/error/denied/expired/success states,Internal service/control or endpoint mapping to be refined during design,"governance.*, audit.*, tenant.feature_flags",Required before release,Product + module owner + control owner; DPO/Legal/Compliance where cited,Unassessed until implementation and verification evidence exists
FR-OPS-06,Functional,CPF Super Admin; Support; Security,"The platform shall support backup, recovery, business continuity and disaster recovery procedures.",Must,Recovery exercise,BRD 26,"Contract, employment/equality, consumer and sector law as applicable; controller to validate",CTRL-FR-OPS-06,Platform Operations and Integrations,API + service + DB + automated acceptance test,G8 Operational readiness,Specified; evidence not yet supplied,Automated/manual evidence for Recovery exercise,Role journey + normal/loading/empty/error/denied/expired/success states,Internal service/control or endpoint mapping to be refined during design,"governance.*, audit.*, tenant.feature_flags",Required before release,Product + module owner + control owner; DPO/Legal/Compliance where cited,Unassessed until implementation and verification evidence exists
FR-OPS-07,Functional,CPF Super Admin; Support; Security,The platform shall support configurable feature flags and controlled migrations without silently altering active assessment behaviour.,Must,Release and migration tests,BRD 27.5,"Contract, employment/equality, consumer and sector law as applicable; controller to validate",CTRL-FR-OPS-07,Platform Operations and Integrations,API + service + DB + automated acceptance test,G8 Operational readiness,Specified; evidence not yet supplied,Automated/manual evidence for Release and migration tests,Role journey + normal/loading/empty/error/denied/expired/success states,Internal service/control or endpoint mapping to be refined during design,"governance.*, audit.*, tenant.feature_flags",Required before release,Product + module owner + control owner; DPO/Legal/Compliance where cited,Unassessed until implementation and verification evidence exists
FR-OPS-08,Functional,CPF Super Admin; Support; Security,Operational analytics shall use appropriately governed aggregate data and shall not expose cross-employer candidate identities.,Must,Analytics privacy test,BRD 29.2-29.3,"Contract, employment/equality, consumer and sector law as applicable; controller to validate",CTRL-FR-OPS-08,Platform Operations and Integrations,API + service + DB + automated acceptance test,G8 Operational readiness,Specified; evidence not yet supplied,Automated/manual evidence for Analytics privacy test,Role journey + normal/loading/empty/error/denied/expired/success states,Internal service/control or endpoint mapping to be refined during design,"governance.*, audit.*, tenant.feature_flags",Required before release,Product + module owner + control owner; DPO/Legal/Compliance where cited,Unassessed until implementation and verification evidence exists
FR-OPS-09,Functional,CPF Super Admin; Support; Security,"The platform shall maintain assessment-validation, model-governance, risk, control, incident and compliance evidence registers.",Must,Evidence-register review,"BRD 23, 38","Contract, employment/equality, consumer and sector law as applicable; controller to validate",CTRL-FR-OPS-09,Platform Operations and Integrations,API + service + DB + automated acceptance test,G8 Operational readiness,Specified; evidence not yet supplied,Automated/manual evidence for Evidence-register review,Role journey + normal/loading/empty/error/denied/expired/success states,Internal service/control or endpoint mapping to be refined during design,"governance.*, audit.*, tenant.feature_flags",Required before release,Product + module owner + control owner; DPO/Legal/Compliance where cited,Unassessed until implementation and verification evidence exists
FR-OPS-10,Functional,CPF Super Admin; Support; Security,The platform shall support future learning-management integration without using identifiable hiring data for unrelated purposes.,Could,Architecture and privacy review,BRD BR-047,"Contract, employment/equality, consumer and sector law as applicable; controller to validate",CTRL-FR-OPS-10,Platform Operations and Integrations,API + service + DB + automated acceptance test,G8 Operational readiness,Specified; evidence not yet supplied,Automated/manual evidence for Architecture and privacy review,Role journey + normal/loading/empty/error/denied/expired/success states,Internal service/control or endpoint mapping to be refined during design,"governance.*, audit.*, tenant.feature_flags",Risk-based review,Product + module owner + control owner; DPO/Legal/Compliance where cited,Unassessed until implementation and verification evidence exists
NFR-AVL-01,Non-functional,Cross-functional,"Core employer and reviewer services shall achieve at least 99.9% monthly availability, excluding communicated scheduled maintenance.",Must,Service availability report,BRD 27.1,"Contract, employment/equality, consumer and sector law as applicable; controller to validate",CTRL-NFR-AVL-01,Platform Operations and SRE,Architecture control + automated/evidence verification,G9 Non-functional release gate,Specified; evidence not yet supplied,Automated/manual evidence for Service availability report,Role journey + normal/loading/empty/error/denied/expired/success states,Internal service/control or endpoint mapping to be refined during design,Cross-cutting; see field-level data dictionary,Required before release,Product + module owner + control owner; DPO/Legal/Compliance where cited,Unassessed until implementation and verification evidence exists
NFR-AVL-02,Non-functional,Cross-functional,Candidate sessions shall tolerate temporary network interruption and provide recoverable autosave and submission retry.,Must,Network fault-injection test,BRD 27.1,"Contract, employment/equality, consumer and sector law as applicable; controller to validate",CTRL-NFR-AVL-02,Platform Operations and SRE,Architecture control + automated/evidence verification,G9 Non-functional release gate,Specified; evidence not yet supplied,Automated/manual evidence for Network fault-injection test,Role journey + normal/loading/empty/error/denied/expired/success states,Internal service/control or endpoint mapping to be refined during design,Cross-cutting; see field-level data dictionary,Required before release,Product + module owner + control owner; DPO/Legal/Compliance where cited,Unassessed until implementation and verification evidence exists
NFR-AVL-03,Non-functional,Cross-functional,Scheduled maintenance affecting candidate sessions shall be avoided or communicated with sufficient notice and campaign impact visibility.,Must,Operational procedure review,BRD 27.1,"Contract, employment/equality, consumer and sector law as applicable; controller to validate",CTRL-NFR-AVL-03,Platform Operations and SRE,Architecture control + automated/evidence verification,G9 Non-functional release gate,Specified; evidence not yet supplied,Automated/manual evidence for Operational procedure review,Role journey + normal/loading/empty/error/denied/expired/success states,Internal service/control or endpoint mapping to be refined during design,Cross-cutting; see field-level data dictionary,Required before release,Product + module owner + control owner; DPO/Legal/Compliance where cited,Unassessed until implementation and verification evidence exists
NFR-PER-01,Non-functional,Cross-functional,Standard authenticated pages shall load within 2 seconds under normal operating conditions at the defined percentile and test profile.,Must,Load test,BRD 27.2,"Contract, employment/equality, consumer and sector law as applicable; controller to validate",CTRL-NFR-PER-01,Platform Operations and SRE,Architecture control + automated/evidence verification,G9 Non-functional release gate,Specified; evidence not yet supplied,Automated/manual evidence for Load test,Role journey + normal/loading/empty/error/denied/expired/success states,Internal service/control or endpoint mapping to be refined during design,Cross-cutting; see field-level data dictionary,Required before release,Product + module owner + control owner; DPO/Legal/Compliance where cited,Unassessed until implementation and verification evidence exists
NFR-PER-02,Non-functional,Cross-functional,"Candidate input shall auto-save within 5 seconds under normal conditions, with visible save state.",Must,End-to-end timing test,BRD 27.2,"Contract, employment/equality, consumer and sector law as applicable; controller to validate",CTRL-NFR-PER-02,Platform Operations and SRE,Architecture control + automated/evidence verification,G9 Non-functional release gate,Specified; evidence not yet supplied,Automated/manual evidence for End-to-end timing test,Role journey + normal/loading/empty/error/denied/expired/success states,Internal service/control or endpoint mapping to be refined during design,Cross-cutting; see field-level data dictionary,Required before release,Product + module owner + control owner; DPO/Legal/Compliance where cited,Unassessed until implementation and verification evidence exists
NFR-PER-03,Non-functional,Cross-functional,Standard candidate reports shall generate within 60 seconds under normal conditions.,Must,Performance test,BRD 27.2,"Contract, employment/equality, consumer and sector law as applicable; controller to validate",CTRL-NFR-PER-03,Platform Operations and SRE,Architecture control + automated/evidence verification,G9 Non-functional release gate,Specified; evidence not yet supplied,Automated/manual evidence for Performance test,Role journey + normal/loading/empty/error/denied/expired/success states,Internal service/control or endpoint mapping to be refined during design,Cross-cutting; see field-level data dictionary,Required before release,Product + module owner + control owner; DPO/Legal/Compliance where cited,Unassessed until implementation and verification evidence exists
NFR-PER-04,Non-functional,Cross-functional,"Campaign comparison and reviewer queues shall remain responsive for large campaigns using pagination, filtering and asynchronous processing where required.",Must,Scale test,BRD 27.2,"Contract, employment/equality, consumer and sector law as applicable; controller to validate",CTRL-NFR-PER-04,Platform Operations and SRE,Architecture control + automated/evidence verification,G9 Non-functional release gate,Specified; evidence not yet supplied,Automated/manual evidence for Scale test,Role journey + normal/loading/empty/error/denied/expired/success states,Internal service/control or endpoint mapping to be refined during design,Cross-cutting; see field-level data dictionary,Required before release,Product + module owner + control owner; DPO/Legal/Compliance where cited,Unassessed until implementation and verification evidence exists
NFR-SCL-01,Non-functional,Cross-functional,"The architecture shall scale horizontally for concurrent candidate sessions, AI interactions, artifact processing and event ingestion.",Must,Capacity and autoscaling test,BRD 27.3,"Contract, employment/equality, consumer and sector law as applicable; controller to validate",CTRL-NFR-SCL-01,Platform Architecture,Architecture control + automated/evidence verification,G9 Non-functional release gate,Specified; evidence not yet supplied,Automated/manual evidence for Capacity and autoscaling test,Role journey + normal/loading/empty/error/denied/expired/success states,Internal service/control or endpoint mapping to be refined during design,Cross-cutting; see field-level data dictionary,Required before release,Product + module owner + control owner; DPO/Legal/Compliance where cited,Unassessed until implementation and verification evidence exists
NFR-SCL-02,Non-functional,Cross-functional,Tenant growth shall not require schema duplication that prevents controlled platform-wide upgrades.,Should,Architecture review,BRD 27.3,"Contract, employment/equality, consumer and sector law as applicable; controller to validate",CTRL-NFR-SCL-02,Platform Architecture,Architecture control + automated/evidence verification,G9 Non-functional release gate,Specified; evidence not yet supplied,Automated/manual evidence for Architecture review,Role journey + normal/loading/empty/error/denied/expired/success states,Internal service/control or endpoint mapping to be refined during design,Cross-cutting; see field-level data dictionary,Risk-based review,Product + module owner + control owner; DPO/Legal/Compliance where cited,Unassessed until implementation and verification evidence exists
NFR-SCL-03,Non-functional,Cross-functional,"Large files, code repositories, datasets and optional media evidence shall use bounded storage, streaming and retention controls.",Must,Large-artifact test,BRD 27.3,"GDPR Arts 5, 6, 9, 12-22, 25, 28, 30, 32-36, 44-49 as applicable",CTRL-NFR-SCL-03,Platform Architecture,Architecture control + automated/evidence verification,G9 Non-functional release gate,Specified; evidence not yet supplied,Automated/manual evidence for Large-artifact test,Role journey + normal/loading/empty/error/denied/expired/success states,Internal service/control or endpoint mapping to be refined during design,Cross-cutting; see field-level data dictionary,Required before release,Product + module owner + control owner; DPO/Legal/Compliance where cited,Unassessed until implementation and verification evidence exists
NFR-REL-01,Non-functional,Cross-functional,The system shall prevent duplicate submissions through idempotent finalisation and immutable attempt state.,Must,Concurrency test,BRD 27.4,"Contract, employment/equality, consumer and sector law as applicable; controller to validate",CTRL-NFR-REL-01,Platform Architecture,Architecture control + automated/evidence verification,G9 Non-functional release gate,Specified; evidence not yet supplied,Automated/manual evidence for Concurrency test,Role journey + normal/loading/empty/error/denied/expired/success states,Internal service/control or endpoint mapping to be refined during design,Cross-cutting; see field-level data dictionary,Required before release,Product + module owner + control owner; DPO/Legal/Compliance where cited,Unassessed until implementation and verification evidence exists
NFR-REL-02,Non-functional,Cross-functional,"The system shall prevent lost work, cross-candidate data mixing, cross-tenant exposure, incorrect version linkage and unlogged score changes.",Must,Failure and isolation test suite,BRD 27.4,"Contract, employment/equality, consumer and sector law as applicable; controller to validate",CTRL-NFR-REL-02,Platform Architecture,Architecture control + automated/evidence verification,G9 Non-functional release gate,Specified; evidence not yet supplied,Automated/manual evidence for Failure and isolation test suite,Role journey + normal/loading/empty/error/denied/expired/success states,Internal service/control or endpoint mapping to be refined during design,Cross-cutting; see field-level data dictionary,Required before release,Product + module owner + control owner; DPO/Legal/Compliance where cited,Unassessed until implementation and verification evidence exists
NFR-REL-03,Non-functional,Cross-functional,"Plugin or AI provider failure shall degrade gracefully, record an incident and preserve candidate remedy options.",Must,Dependency failure test,"BRD 13.3, 33","Contract, employment/equality, consumer and sector law as applicable; controller to validate",CTRL-NFR-REL-03,Platform Architecture,Architecture control + automated/evidence verification,G9 Non-functional release gate,Specified; evidence not yet supplied,Automated/manual evidence for Dependency failure test,Role journey + normal/loading/empty/error/denied/expired/success states,Internal service/control or endpoint mapping to be refined during design,Cross-cutting; see field-level data dictionary,Required before release,Product + module owner + control owner; DPO/Legal/Compliance where cited,Unassessed until implementation and verification evidence exists
NFR-SEC-01,Non-functional,Cross-functional,All personal and assessment data shall be encrypted in transit using current approved protocols and at rest using managed encryption keys.,Must,Configuration audit and penetration test,BRD 26,"Contract, employment/equality, consumer and sector law as applicable; controller to validate",CTRL-NFR-SEC-01,Security Engineering,Architecture control + automated/evidence verification,G9 Non-functional release gate,Specified; evidence not yet supplied,Automated/manual evidence for Configuration audit and penetration test,Role journey + normal/loading/empty/error/denied/expired/success states,Internal service/control or endpoint mapping to be refined during design,Cross-cutting; see field-level data dictionary,Required before release,Product + module owner + control owner; DPO/Legal/Compliance where cited,Unassessed until implementation and verification evidence exists
NFR-SEC-02,Non-functional,Cross-functional,"The system shall implement least privilege, tenant isolation, secrets management, key rotation, API rate limiting and secure session management.",Must,Security control audit,BRD 26,"Contract, employment/equality, consumer and sector law as applicable; controller to validate",CTRL-NFR-SEC-02,Security Engineering,Architecture control + automated/evidence verification,G9 Non-functional release gate,Specified; evidence not yet supplied,Automated/manual evidence for Security control audit,Role journey + normal/loading/empty/error/denied/expired/success states,Internal service/control or endpoint mapping to be refined during design,Cross-cutting; see field-level data dictionary,Required before release,Product + module owner + control owner; DPO/Legal/Compliance where cited,Unassessed until implementation and verification evidence exists
NFR-SEC-03,Non-functional,Cross-functional,Privileged roles shall use MFA; enterprise customers should support SSO and lifecycle provisioning.,Must,IAM test,BRD 26,"Contract, employment/equality, consumer and sector law as applicable; controller to validate",CTRL-NFR-SEC-03,Security Engineering,Architecture control + automated/evidence verification,G9 Non-functional release gate,Specified; evidence not yet supplied,Automated/manual evidence for IAM test,Role journey + normal/loading/empty/error/denied/expired/success states,Internal service/control or endpoint mapping to be refined during design,Cross-cutting; see field-level data dictionary,Required before release,Product + module owner + control owner; DPO/Legal/Compliance where cited,Unassessed until implementation and verification evidence exists
NFR-SEC-04,Non-functional,Cross-functional,Candidate execution environments and plugins shall be sandboxed and isolated from platform control-plane services and other candidates.,Must,Sandbox escape and isolation test,BRD 26,"Contract, employment/equality, consumer and sector law as applicable; controller to validate",CTRL-NFR-SEC-04,Security Engineering,Architecture control + automated/evidence verification,G9 Non-functional release gate,Specified; evidence not yet supplied,Automated/manual evidence for Sandbox escape and isolation test,Role journey + normal/loading/empty/error/denied/expired/success states,Internal service/control or endpoint mapping to be refined during design,Cross-cutting; see field-level data dictionary,Required before release,Product + module owner + control owner; DPO/Legal/Compliance where cited,Unassessed until implementation and verification evidence exists
NFR-SEC-05,Non-functional,Cross-functional,"The secure development lifecycle shall include code review, dependency scanning, malware scanning, vulnerability management and periodic penetration testing.",Must,SDLC evidence review,BRD 26,"Contract, employment/equality, consumer and sector law as applicable; controller to validate",CTRL-NFR-SEC-05,Security Engineering,Architecture control + automated/evidence verification,G9 Non-functional release gate,Specified; evidence not yet supplied,Automated/manual evidence for SDLC evidence review,Role journey + normal/loading/empty/error/denied/expired/success states,Internal service/control or endpoint mapping to be refined during design,Cross-cutting; see field-level data dictionary,Required before release,Product + module owner + control owner; DPO/Legal/Compliance where cited,Unassessed until implementation and verification evidence exists
NFR-SEC-06,Non-functional,Cross-functional,"The platform shall detect and respond to prompt injection, data exfiltration and unsafe tool invocation attempts appropriate to the use case.",Must,Adversarial AI security test,BRD 26,"Contract, employment/equality, consumer and sector law as applicable; controller to validate",CTRL-NFR-SEC-06,Security Engineering,Architecture control + automated/evidence verification,G9 Non-functional release gate,Specified; evidence not yet supplied,Automated/manual evidence for Adversarial AI security test,Role journey + normal/loading/empty/error/denied/expired/success states,Internal service/control or endpoint mapping to be refined during design,Cross-cutting; see field-level data dictionary,Required before release,Product + module owner + control owner; DPO/Legal/Compliance where cited,Unassessed until implementation and verification evidence exists
NFR-PRV-01,Non-functional,Cross-functional,"Every personal-data field and monitoring signal shall have a documented purpose, necessity, access rule and retention period.",Must,Data inventory and DPIA review,BRD 24.5,"GDPR Arts 5, 6, 9, 12-22, 25, 28, 30, 32-36, 44-49 as applicable",CTRL-NFR-PRV-01,Privacy Engineering,Architecture control + automated/evidence verification,G9 Non-functional release gate,Specified; evidence not yet supplied,Automated/manual evidence for Data inventory and DPIA review,Role journey + normal/loading/empty/error/denied/expired/success states,Internal service/control or endpoint mapping to be refined during design,Cross-cutting; see field-level data dictionary,Required before release,Product + module owner + control owner; DPO/Legal/Compliance where cited,Unassessed until implementation and verification evidence exists
NFR-PRV-02,Non-functional,Cross-functional,The platform shall default to the least intrusive monitoring configuration capable of meeting the documented integrity purpose.,Must,Privacy design review,"BRD 5.5, 15.3","Contract, employment/equality, consumer and sector law as applicable; controller to validate",CTRL-NFR-PRV-02,Privacy Engineering,Architecture control + automated/evidence verification,G9 Non-functional release gate,Specified; evidence not yet supplied,Automated/manual evidence for Privacy design review,Role journey + normal/loading/empty/error/denied/expired/success states,Internal service/control or endpoint mapping to be refined during design,Cross-cutting; see field-level data dictionary,Required before release,Product + module owner + control owner; DPO/Legal/Compliance where cited,Unassessed until implementation and verification evidence exists
NFR-PRV-03,Non-functional,Cross-functional,Raw camera or audio evidence shall use restricted access and the shortest appropriate retention period.,Must,Retention and access test,"BRD 15.4, 24.8","GDPR Arts 5, 6, 9, 12-22, 25, 28, 30, 32-36, 44-49 as applicable",CTRL-NFR-PRV-03,Privacy Engineering,Architecture control + automated/evidence verification,G9 Non-functional release gate,Specified; evidence not yet supplied,Automated/manual evidence for Retention and access test,Role journey + normal/loading/empty/error/denied/expired/success states,Internal service/control or endpoint mapping to be refined during design,Cross-cutting; see field-level data dictionary,Required before release,Product + module owner + control owner; DPO/Legal/Compliance where cited,Unassessed until implementation and verification evidence exists
NFR-PRV-04,Non-functional,Cross-functional,The system shall support EU/EEA data residency and controlled international transfer mechanisms.,Must,Deployment and contract review,BRD 24.10,"Contract, employment/equality, consumer and sector law as applicable; controller to validate",CTRL-NFR-PRV-04,Privacy Engineering,Architecture control + automated/evidence verification,G9 Non-functional release gate,Specified; evidence not yet supplied,Automated/manual evidence for Deployment and contract review,Role journey + normal/loading/empty/error/denied/expired/success states,Internal service/control or endpoint mapping to be refined during design,Cross-cutting; see field-level data dictionary,Required before release,Product + module owner + control owner; DPO/Legal/Compliance where cited,Unassessed until implementation and verification evidence exists
NFR-ACC-01,Non-functional,Cross-functional,"Candidate, Reviewer, Employer Admin and Super Admin interfaces shall target WCAG 2.2 AA.",Must,Automated and manual accessibility audit,"BRD 25.3, BR-038",WCAG 2.2 AA target; EAA/public-sector accessibility rules where applicable,CTRL-NFR-ACC-01,Frontend Platform and Accessibility,Architecture control + automated/evidence verification,G9 Non-functional release gate,Specified; evidence not yet supplied,Automated/manual evidence for Automated and manual accessibility audit,Role journey + normal/loading/empty/error/denied/expired/success states,Internal service/control or endpoint mapping to be refined during design,Cross-cutting; see field-level data dictionary,Required before release,Product + module owner + control owner; DPO/Legal/Compliance where cited,Unassessed until implementation and verification evidence exists
NFR-ACC-02,Non-functional,Cross-functional,"Core workflows shall support keyboard navigation, screen readers, focus visibility, sufficient contrast and accessible error messages.",Must,Assistive-technology test,BRD 25.2,WCAG 2.2 AA target; EAA/public-sector accessibility rules where applicable,CTRL-NFR-ACC-02,Frontend Platform and Accessibility,Architecture control + automated/evidence verification,G9 Non-functional release gate,Specified; evidence not yet supplied,Automated/manual evidence for Assistive-technology test,Role journey + normal/loading/empty/error/denied/expired/success states,Internal service/control or endpoint mapping to be refined during design,Cross-cutting; see field-level data dictionary,Required before release,Product + module owner + control owner; DPO/Legal/Compliance where cited,Unassessed until implementation and verification evidence exists
NFR-ACC-03,Non-functional,Cross-functional,"The assessment platform shall support configurable additional time, breaks, captioning, alternative inputs and alternative formats without exposing unnecessary accommodation data.",Must,Accommodation acceptance test,BRD 25.2,WCAG 2.2 AA target; EAA/public-sector accessibility rules where applicable,CTRL-NFR-ACC-03,Frontend Platform and Accessibility,Architecture control + automated/evidence verification,G9 Non-functional release gate,Specified; evidence not yet supplied,Automated/manual evidence for Accommodation acceptance test,Role journey + normal/loading/empty/error/denied/expired/success states,Internal service/control or endpoint mapping to be refined during design,Cross-cutting; see field-level data dictionary,Required before release,Product + module owner + control owner; DPO/Legal/Compliance where cited,Unassessed until implementation and verification evidence exists
NFR-AUD-01,Non-functional,Cross-functional,Every material decision-affecting event shall be traceable from authorised product interfaces without direct production database access.,Must,Audit reconstruction exercise,BRD 27.6,"Contract, employment/equality, consumer and sector law as applicable; controller to validate",CTRL-NFR-AUD-01,Audit and Governance,Architecture control + automated/evidence verification,G9 Non-functional release gate,Specified; evidence not yet supplied,Automated/manual evidence for Audit reconstruction exercise,Role journey + normal/loading/empty/error/denied/expired/success states,Internal service/control or endpoint mapping to be refined during design,Cross-cutting; see field-level data dictionary,Required before release,Product + module owner + control owner; DPO/Legal/Compliance where cited,Unassessed until implementation and verification evidence exists
NFR-AUD-02,Non-functional,Cross-functional,"Audit logs shall be tamper-evident, time-synchronised, access-controlled and retained under an approved schedule.",Must,Log integrity test,BRD 23.6,"Contract, employment/equality, consumer and sector law as applicable; controller to validate",CTRL-NFR-AUD-02,Audit and Governance,Architecture control + automated/evidence verification,G9 Non-functional release gate,Specified; evidence not yet supplied,Automated/manual evidence for Log integrity test,Role journey + normal/loading/empty/error/denied/expired/success states,Internal service/control or endpoint mapping to be refined during design,Cross-cutting; see field-level data dictionary,Required before release,Product + module owner + control owner; DPO/Legal/Compliance where cited,Unassessed until implementation and verification evidence exists
NFR-EXP-01,Non-functional,Cross-functional,"Every material human score, comparison, integrity conclusion and override shall link to criterion, evidence, version, rule and accountable human input.",Must,Traceability test,BRD 5.4,"Contract, employment/equality, consumer and sector law as applicable; controller to validate",CTRL-NFR-EXP-01,"Scoring, Review and UX",Architecture control + automated/evidence verification,G9 Non-functional release gate,Specified; evidence not yet supplied,Automated/manual evidence for Traceability test,Role journey + normal/loading/empty/error/denied/expired/success states,Internal service/control or endpoint mapping to be refined during design,Cross-cutting; see field-level data dictionary,Required before release,Product + module owner + control owner; DPO/Legal/Compliance where cited,Unassessed until implementation and verification evidence exists
NFR-EXP-02,Non-functional,Cross-functional,User interfaces shall clearly distinguish AI-generated observations from human scores and decisions and explain known limitations.,Must,UX and content review,"BRD 5.4, 12.5","Contract, employment/equality, consumer and sector law as applicable; controller to validate",CTRL-NFR-EXP-02,"Scoring, Review and UX",Architecture control + automated/evidence verification,G9 Non-functional release gate,Specified; evidence not yet supplied,Automated/manual evidence for UX and content review,Role journey + normal/loading/empty/error/denied/expired/success states,Internal service/control or endpoint mapping to be refined during design,Cross-cutting; see field-level data dictionary,Required before release,Product + module owner + control owner; DPO/Legal/Compliance where cited,Unassessed until implementation and verification evidence exists
NFR-MNT-01,Non-functional,Cross-functional,"The system shall use modular services or well-defined modules, versioned APIs and configuration-driven assessments.",Must,Architecture review,BRD 27.5,"Contract, employment/equality, consumer and sector law as applicable; controller to validate",CTRL-NFR-MNT-01,Platform Architecture,Architecture control + automated/evidence verification,G9 Non-functional release gate,Specified; evidence not yet supplied,Automated/manual evidence for Architecture review,Role journey + normal/loading/empty/error/denied/expired/success states,Internal service/control or endpoint mapping to be refined during design,Cross-cutting; see field-level data dictionary,Required before release,Product + module owner + control owner; DPO/Legal/Compliance where cited,Unassessed until implementation and verification evidence exists
NFR-MNT-02,Non-functional,Cross-functional,"Infrastructure shall be managed as code and changes shall use automated tests, controlled migrations and rollback procedures.",Must,Release evidence review,BRD 27.5,"Contract, employment/equality, consumer and sector law as applicable; controller to validate",CTRL-NFR-MNT-02,Platform Architecture,Architecture control + automated/evidence verification,G9 Non-functional release gate,Specified; evidence not yet supplied,Automated/manual evidence for Release evidence review,Role journey + normal/loading/empty/error/denied/expired/success states,Internal service/control or endpoint mapping to be refined during design,Cross-cutting; see field-level data dictionary,Required before release,Product + module owner + control owner; DPO/Legal/Compliance where cited,Unassessed until implementation and verification evidence exists
NFR-MNT-03,Non-functional,Cross-functional,"Features affecting scoring, AI, proctoring or privacy shall be independently flaggable and suspendable.",Must,Feature-flag and suspension test,"BRD 20, 27.5","GDPR Arts 5, 6, 9, 12-22, 25, 28, 30, 32-36, 44-49 as applicable",CTRL-NFR-MNT-03,Platform Architecture,Architecture control + automated/evidence verification,G9 Non-functional release gate,Specified; evidence not yet supplied,Automated/manual evidence for Feature-flag and suspension test,Role journey + normal/loading/empty/error/denied/expired/success states,Internal service/control or endpoint mapping to be refined during design,Cross-cutting; see field-level data dictionary,Required before release,Product + module owner + control owner; DPO/Legal/Compliance where cited,Unassessed until implementation and verification evidence exists
NFR-OBS-01,Non-functional,Cross-functional,"The platform shall provide structured logs, metrics, traces, health checks and alerts for critical user and dependency journeys.",Must,Observability coverage review,"BRD 20, 27.5","Contract, employment/equality, consumer and sector law as applicable; controller to validate",CTRL-NFR-OBS-01,Platform Operations and SRE,Architecture control + automated/evidence verification,G9 Non-functional release gate,Specified; evidence not yet supplied,Automated/manual evidence for Observability coverage review,Role journey + normal/loading/empty/error/denied/expired/success states,Internal service/control or endpoint mapping to be refined during design,Cross-cutting; see field-level data dictionary,Required before release,Product + module owner + control owner; DPO/Legal/Compliance where cited,Unassessed until implementation and verification evidence exists
NFR-OBS-02,Non-functional,Cross-functional,Operational telemetry shall avoid unnecessary candidate content and shall remain tenant- and purpose-scoped.,Must,Telemetry privacy review,BRD 24.5,"Contract, employment/equality, consumer and sector law as applicable; controller to validate",CTRL-NFR-OBS-02,Platform Operations and SRE,Architecture control + automated/evidence verification,G9 Non-functional release gate,Specified; evidence not yet supplied,Automated/manual evidence for Telemetry privacy review,Role journey + normal/loading/empty/error/denied/expired/success states,Internal service/control or endpoint mapping to be refined during design,Cross-cutting; see field-level data dictionary,Required before release,Product + module owner + control owner; DPO/Legal/Compliance where cited,Unassessed until implementation and verification evidence exists
NFR-BCP-01,Non-functional,Cross-functional,"Backups shall be encrypted, region-controlled and periodically tested through documented restoration exercises.",Must,Restore test,"BRD 24.10, 26","Contract, employment/equality, consumer and sector law as applicable; controller to validate",CTRL-NFR-BCP-01,Platform Operations and SRE,Architecture control + automated/evidence verification,G9 Non-functional release gate,Specified; evidence not yet supplied,Automated/manual evidence for Restore test,Role journey + normal/loading/empty/error/denied/expired/success states,Internal service/control or endpoint mapping to be refined during design,Cross-cutting; see field-level data dictionary,Required before release,Product + module owner + control owner; DPO/Legal/Compliance where cited,Unassessed until implementation and verification evidence exists
NFR-BCP-02,Non-functional,Cross-functional,"Business continuity and disaster recovery plans shall define recovery priorities for active assessments, submissions, audit logs and tenant administration.",Must,BCP/DR exercise,"BRD 26, 38","Contract, employment/equality, consumer and sector law as applicable; controller to validate",CTRL-NFR-BCP-02,Platform Operations and SRE,Architecture control + automated/evidence verification,G9 Non-functional release gate,Specified; evidence not yet supplied,Automated/manual evidence for BCP/DR exercise,Role journey + normal/loading/empty/error/denied/expired/success states,Internal service/control or endpoint mapping to be refined during design,Cross-cutting; see field-level data dictionary,Required before release,Product + module owner + control owner; DPO/Legal/Compliance where cited,Unassessed until implementation and verification evidence exists
NFR-INT-01,Non-functional,Cross-functional,"Integrations shall use scoped credentials, revocation, retry, idempotency, duplicate detection and synchronisation logs.",Must,Connector conformance test,BRD 28.1,"Contract, employment/equality, consumer and sector law as applicable; controller to validate",CTRL-NFR-INT-01,Integration Platform,Architecture control + automated/evidence verification,G9 Non-functional release gate,Specified; evidence not yet supplied,Automated/manual evidence for Connector conformance test,Role journey + normal/loading/empty/error/denied/expired/success states,Internal service/control or endpoint mapping to be refined during design,Cross-cutting; see field-level data dictionary,Required before release,Product + module owner + control owner; DPO/Legal/Compliance where cited,Unassessed until implementation and verification evidence exists
NFR-INT-02,Non-functional,Cross-functional,Public and partner APIs shall be versioned and backward-compatible within the published support policy.,Should,Contract testing,BRD 27.5,"Contract, employment/equality, consumer and sector law as applicable; controller to validate",CTRL-NFR-INT-02,Integration Platform,Architecture control + automated/evidence verification,G9 Non-functional release gate,Specified; evidence not yet supplied,Automated/manual evidence for Contract testing,Role journey + normal/loading/empty/error/denied/expired/success states,Internal service/control or endpoint mapping to be refined during design,Cross-cutting; see field-level data dictionary,Risk-based review,Product + module owner + control owner; DPO/Legal/Compliance where cited,Unassessed until implementation and verification evidence exists
NFR-USA-01,Non-functional,Cross-functional,"Critical candidate instructions, assessment rules, timers, save state, monitoring state and incident controls shall be continuously understandable.",Must,Moderated usability test,"BRD 5.6, 14","Contract, employment/equality, consumer and sector law as applicable; controller to validate",CTRL-NFR-USA-01,Product Engineering,Architecture control + automated/evidence verification,G9 Non-functional release gate,Specified; evidence not yet supplied,Automated/manual evidence for Moderated usability test,Role journey + normal/loading/empty/error/denied/expired/success states,Internal service/control or endpoint mapping to be refined during design,Cross-cutting; see field-level data dictionary,Required before release,Product + module owner + control owner; DPO/Legal/Compliance where cited,Unassessed until implementation and verification evidence exists
NFR-USA-02,Non-functional,Cross-functional,"Employer and reviewer dashboards shall minimise cognitive load through role-based views, clear status and evidence-first navigation.",Should,Task-based usability test,BRD 19-20,"Contract, employment/equality, consumer and sector law as applicable; controller to validate",CTRL-NFR-USA-02,Product Engineering,Architecture control + automated/evidence verification,G9 Non-functional release gate,Specified; evidence not yet supplied,Automated/manual evidence for Task-based usability test,Role journey + normal/loading/empty/error/denied/expired/success states,Internal service/control or endpoint mapping to be refined during design,Cross-cutting; see field-level data dictionary,Risk-based review,Product + module owner + control owner; DPO/Legal/Compliance where cited,Unassessed until implementation and verification evidence exists
NFR-QLT-01,Non-functional,Cross-functional,"Assessment and scoring changes shall undergo validation, regression testing and formal approval before activation.",Must,Release gate audit,"BRD 11, 39","Contract, employment/equality, consumer and sector law as applicable; controller to validate",CTRL-NFR-QLT-01,Quality Engineering,Architecture control + automated/evidence verification,G9 Non-functional release gate,Specified; evidence not yet supplied,Automated/manual evidence for Release gate audit,Role journey + normal/loading/empty/error/denied/expired/success states,Internal service/control or endpoint mapping to be refined during design,Cross-cutting; see field-level data dictionary,Required before release,Product + module owner + control owner; DPO/Legal/Compliance where cited,Unassessed until implementation and verification evidence exists
NFR-QLT-02,Non-functional,Cross-functional,"The platform shall monitor reviewer agreement, score reliability, evidence completeness, defect rate, false-positive integrity events and model-human disagreement.",Must,Quality dashboard review,BRD 32.4,"Contract, employment/equality, consumer and sector law as applicable; controller to validate",CTRL-NFR-QLT-02,Quality Engineering,Architecture control + automated/evidence verification,G9 Non-functional release gate,Specified; evidence not yet supplied,Automated/manual evidence for Quality dashboard review,Role journey + normal/loading/empty/error/denied/expired/success states,Internal service/control or endpoint mapping to be refined during design,Cross-cutting; see field-level data dictionary,Required before release,Product + module owner + control owner; DPO/Legal/Compliance where cited,Unassessed until implementation and verification evidence exists
NFR-FAI-01,Non-functional,Cross-functional,Fairness monitoring shall use separately governed data and shall not use sensitive attributes to determine individual outcomes.,Must,Data-lineage and access review,BRD 25.1,"Contract, employment/equality, consumer and sector law as applicable; controller to validate",CTRL-NFR-FAI-01,Assessment Science and Compliance,Architecture control + automated/evidence verification,G9 Non-functional release gate,Specified; evidence not yet supplied,Automated/manual evidence for Data-lineage and access review,Role journey + normal/loading/empty/error/denied/expired/success states,Internal service/control or endpoint mapping to be refined during design,Cross-cutting; see field-level data dictionary,Required before release,Product + module owner + control owner; DPO/Legal/Compliance where cited,Unassessed until implementation and verification evidence exists
NFR-FAI-02,Non-functional,Cross-functional,"The platform shall support investigation and corrective action when differential completion, failure or scoring patterns exceed approved thresholds.",Must,Monitoring and corrective-action test,"BRD 25.1, 33","Contract, employment/equality, consumer and sector law as applicable; controller to validate",CTRL-NFR-FAI-02,Assessment Science and Compliance,Architecture control + automated/evidence verification,G9 Non-functional release gate,Specified; evidence not yet supplied,Automated/manual evidence for Monitoring and corrective-action test,Role journey + normal/loading/empty/error/denied/expired/success states,Internal service/control or endpoint mapping to be refined during design,Cross-cutting; see field-level data dictionary,Required before release,Product + module owner + control owner; DPO/Legal/Compliance where cited,Unassessed until implementation and verification evidence exists
NFR-CMP-01,Non-functional,Cross-functional,"The product shall maintain evidence-based compliance controls and shall not claim universal, absolute or certified compliance without supporting evidence.",Must,Marketing and compliance review,"BRD 33, 37","Contract, employment/equality, consumer and sector law as applicable; controller to validate",CTRL-NFR-CMP-01,Compliance and Governance,Architecture control + automated/evidence verification,G9 Non-functional release gate,Specified; evidence not yet supplied,Automated/manual evidence for Marketing and compliance review,Role journey + normal/loading/empty/error/denied/expired/success states,Internal service/control or endpoint mapping to be refined during design,Cross-cutting; see field-level data dictionary,Required before release,Product + module owner + control owner; DPO/Legal/Compliance where cited,Unassessed until implementation and verification evidence exists
NFR-CMP-02,Non-functional,Cross-functional,The platform shall preserve meaningful human involvement in significant employment outcomes and shall prohibit solely automated rejection.,Must,Decision workflow test,BRD 24.3,"Contract, employment/equality, consumer and sector law as applicable; controller to validate",CTRL-NFR-CMP-02,Compliance and Governance,Architecture control + automated/evidence verification,G9 Non-functional release gate,Specified; evidence not yet supplied,Automated/manual evidence for Decision workflow test,Role journey + normal/loading/empty/error/denied/expired/success states,Internal service/control or endpoint mapping to be refined during design,Cross-cutting; see field-level data dictionary,Required before release,Product + module owner + control owner; DPO/Legal/Compliance where cited,Unassessed until implementation and verification evidence exists
FR-ACC-01,Functional,All human users,"The system shall support secure invitation acceptance or account activation with email verification, expiry, resend, invalid-link recovery and accessible error states.",Must,"Activation, expiry, enumeration and accessibility tests","User validation rule 1; OWASP ASVS; GDPR Arts 5, 25, 32","GDPR Arts 5, 12-22, 25 and 32; ePrivacy/national rules where applicable",CTRL-FR-ACC-01,"Identity, Account and Preferences",UI + API + service policy + database + audit event + automated acceptance test,G1 Identity and account safety,Specified; evidence not yet supplied,"Automated/manual evidence for Activation, expiry, enumeration and accessibility tests",Role journey + normal/loading/empty/error/denied/expired/success states,POST /v2/auth/login; POST /v2/auth/email/verify; POST /v2/auth/email/resend,"iam.*, audit.events",Required before release,Product + module owner + control owner; DPO/Legal/Compliance where cited,Unassessed until implementation and verification evidence exists
FR-ACC-02,Functional,All human users,"The system shall support forgot-password and password-reset flows using hashed single-use, short-lived tokens without revealing whether an account exists.",Must,"Reset token, enumeration, expiry, replay and notification tests","User validation rule 1; OWASP ASVS; GDPR Arts 5, 25, 32","GDPR Arts 5, 12-22, 25 and 32; ePrivacy/national rules where applicable",CTRL-FR-ACC-02,"Identity, Account and Preferences",UI + API + service policy + database + audit event + automated acceptance test,G1 Identity and account safety,Specified; evidence not yet supplied,"Automated/manual evidence for Reset token, enumeration, expiry, replay and notification tests",Role journey + normal/loading/empty/error/denied/expired/success states,POST /v2/auth/password/forgot; POST /v2/auth/password/reset,"iam.*, audit.events",Required before release,Product + module owner + control owner; DPO/Legal/Compliance where cited,Unassessed until implementation and verification evidence exists
FR-ACC-03,Functional,All human users,Authenticated users shall be able to change their password after reauthentication; success shall revoke configurable sessions and issue a security notification.,Must,"Reauthentication, revocation and notification tests","User validation rule 1; OWASP ASVS; GDPR Arts 5, 25, 32","GDPR Arts 5, 12-22, 25 and 32; ePrivacy/national rules where applicable",CTRL-FR-ACC-03,"Identity, Account and Preferences",UI + API + service policy + database + audit event + automated acceptance test,G1 Identity and account safety,Specified; evidence not yet supplied,"Automated/manual evidence for Reauthentication, revocation and notification tests",Role journey + normal/loading/empty/error/denied/expired/success states,POST /v2/auth/password/change,"iam.*, audit.events",Required before release,Product + module owner + control owner; DPO/Legal/Compliance where cited,Unassessed until implementation and verification evidence exists
FR-ACC-04,Functional,All human users,Users shall be able to change their preferred/display name; identity-critical legal-name changes shall use a separate correction workflow and remain audited.,Must,"Profile update, validation, audit and reviewer-minimisation tests","User validation rule 1; OWASP ASVS; GDPR Arts 5, 25, 32","GDPR Arts 5, 12-22, 25 and 32; ePrivacy/national rules where applicable",CTRL-FR-ACC-04,"Identity, Account and Preferences",UI + API + service policy + database + audit event + automated acceptance test,G1 Identity and account safety,Specified; evidence not yet supplied,"Automated/manual evidence for Profile update, validation, audit and reviewer-minimisation tests",Role journey + normal/loading/empty/error/denied/expired/success states,GET /v2/me; PATCH /v2/me,"iam.*, audit.events",Required before release,Product + module owner + control owner; DPO/Legal/Compliance where cited,Unassessed until implementation and verification evidence exists
FR-ACC-05,Functional,All human users,"Users shall be able to request an email-address change with reauthentication, dual-channel confirmation, uniqueness checks, expiry and rollback on failure.",Must,Email takeover and confirmation tests,"User validation rule 1; OWASP ASVS; GDPR Arts 5, 25, 32","GDPR Arts 5, 12-22, 25 and 32; ePrivacy/national rules where applicable",CTRL-FR-ACC-05,"Identity, Account and Preferences",UI + API + service policy + database + audit event + automated acceptance test,G1 Identity and account safety,Specified; evidence not yet supplied,Automated/manual evidence for Email takeover and confirmation tests,Role journey + normal/loading/empty/error/denied/expired/success states,POST /v2/auth/email/change; POST /v2/auth/email/change/confirm,"iam.*, audit.events",Required before release,Product + module owner + control owner; DPO/Legal/Compliance where cited,Unassessed until implementation and verification evidence exists
FR-ACC-06,Functional,All human users,"Privileged users shall enrol and manage approved MFA methods, rotate recovery codes and recover access through a controlled non-bypass flow.",Must,"MFA enrolment, challenge, recovery and downgrade tests","User validation rule 1; OWASP ASVS; GDPR Arts 5, 25, 32","GDPR Arts 5, 12-22, 25 and 32; ePrivacy/national rules where applicable",CTRL-FR-ACC-06,"Identity, Account and Preferences",UI + API + service policy + database + audit event + automated acceptance test,G1 Identity and account safety,Specified; evidence not yet supplied,"Automated/manual evidence for MFA enrolment, challenge, recovery and downgrade tests",Role journey + normal/loading/empty/error/denied/expired/success states,GET /v2/auth/mfa/methods; POST /v2/auth/mfa/methods; DELETE /v2/auth/mfa/methods/{methodId}; POST /v2/auth/mfa/challenge; POST /v2/auth/mfa/recovery-codes/rotate,"iam.*, audit.events",Required before release,Product + module owner + control owner; DPO/Legal/Compliance where cited,Unassessed until implementation and verification evidence exists
FR-ACC-07,Functional,All human users,The product should support phishing-resistant passkeys for compatible users without removing an accessible recovery route.,Should,Passkey compatibility and recovery tests,"User validation rule 1; OWASP ASVS; GDPR Arts 5, 25, 32","GDPR Arts 5, 12-22, 25 and 32; ePrivacy/national rules where applicable",CTRL-FR-ACC-07,"Identity, Account and Preferences",UI + API + service policy + database + audit event + automated acceptance test,G1 Identity and account safety,Specified; evidence not yet supplied,Automated/manual evidence for Passkey compatibility and recovery tests,Role journey + normal/loading/empty/error/denied/expired/success states,GET /v2/auth/mfa/methods; POST /v2/auth/mfa/methods,"iam.*, audit.events",Risk-based review,Product + module owner + control owner; DPO/Legal/Compliance where cited,Unassessed until implementation and verification evidence exists
FR-ACC-08,Functional,All human users,Users shall be able to view current and recent sessions/devices and revoke an individual session or all other sessions.,Must,"Session list, revocation and stale-token tests","User validation rule 1; OWASP ASVS; GDPR Arts 5, 25, 32","GDPR Arts 5, 12-22, 25 and 32; ePrivacy/national rules where applicable",CTRL-FR-ACC-08,"Identity, Account and Preferences",UI + API + service policy + database + audit event + automated acceptance test,G1 Identity and account safety,Specified; evidence not yet supplied,"Automated/manual evidence for Session list, revocation and stale-token tests",Role journey + normal/loading/empty/error/denied/expired/success states,POST /v2/auth/logout-all; GET /v2/me/sessions; DELETE /v2/me/sessions/{sessionId},"iam.*, audit.events",Required before release,Product + module owner + control owner; DPO/Legal/Compliance where cited,Unassessed until implementation and verification evidence exists
FR-ACC-09,Functional,All human users,The product shall provide current-session logout and logout-all functions that invalidate server-side refresh credentials.,Must,Logout and replay tests,"User validation rule 1; OWASP ASVS; GDPR Arts 5, 25, 32","GDPR Arts 5, 12-22, 25 and 32; ePrivacy/national rules where applicable",CTRL-FR-ACC-09,"Identity, Account and Preferences",UI + API + service policy + database + audit event + automated acceptance test,G1 Identity and account safety,Specified; evidence not yet supplied,Automated/manual evidence for Logout and replay tests,Role journey + normal/loading/empty/error/denied/expired/success states,POST /v2/auth/logout; POST /v2/auth/logout-all,"iam.*, audit.events",Required before release,Product + module owner + control owner; DPO/Legal/Compliance where cited,Unassessed until implementation and verification evidence exists
FR-ACC-10,Functional,All human users,"Authentication shall enforce rate limits, progressive delay, safe lockout, unlock and suspicious-login alerts without using IP/device data for candidate scoring.",Must,"Abuse, lockout and score-data-lineage tests","User validation rule 1; OWASP ASVS; GDPR Arts 5, 25, 32","GDPR Arts 5, 12-22, 25 and 32; ePrivacy/national rules where applicable",CTRL-FR-ACC-10,"Identity, Account and Preferences",UI + API + service policy + database + audit event + automated acceptance test,G1 Identity and account safety,Specified; evidence not yet supplied,"Automated/manual evidence for Abuse, lockout and score-data-lineage tests",Role journey + normal/loading/empty/error/denied/expired/success states,Internal service/control or endpoint mapping to be refined during design,"iam.*, audit.events",Required before release,Product + module owner + control owner; DPO/Legal/Compliance where cited,Unassessed until implementation and verification evidence exists
FR-ACC-11,Functional,All human users,"Sensitive actions shall require recent authentication and, for privileged actions, step-up MFA.",Must,Step-up policy matrix tests,"User validation rule 1; OWASP ASVS; GDPR Arts 5, 25, 32","GDPR Arts 5, 12-22, 25 and 32; ePrivacy/national rules where applicable",CTRL-FR-ACC-11,"Identity, Account and Preferences",UI + API + service policy + database + audit event + automated acceptance test,G1 Identity and account safety,Specified; evidence not yet supplied,Automated/manual evidence for Step-up policy matrix tests,Role journey + normal/loading/empty/error/denied/expired/success states,POST /v2/auth/password/change; POST /v2/auth/email/change; DELETE /v2/auth/mfa/methods/{methodId},"iam.*, audit.events",Required before release,Product + module owner + control owner; DPO/Legal/Compliance where cited,Unassessed until implementation and verification evidence exists
FR-ACC-12,Functional,All human users,"Users shall manage locale, timezone, date/time format and interface language independently from immutable evidence timestamps stored in UTC.",Must,"Locale, timezone and audit timestamp tests","User validation rule 1; OWASP ASVS; GDPR Arts 5, 25, 32","GDPR Arts 5, 12-22, 25 and 32; ePrivacy/national rules where applicable",CTRL-FR-ACC-12,"Identity, Account and Preferences",UI + API + service policy + database + audit event + automated acceptance test,G1 Identity and account safety,Specified; evidence not yet supplied,"Automated/manual evidence for Locale, timezone and audit timestamp tests",Role journey + normal/loading/empty/error/denied/expired/success states,GET /v2/me; GET /v2/me/preferences; PUT /v2/me/preferences,"iam.*, audit.events",Required before release,Product + module owner + control owner; DPO/Legal/Compliance where cited,Unassessed until implementation and verification evidence exists
FR-ACC-13,Functional,All human users,"Users shall manage accessibility preferences including reduced motion, contrast preference, text density and assessment accommodations where applicable.",Must,WCAG preference persistence and assessment boundary tests,"User validation rule 1; OWASP ASVS; GDPR Arts 5, 25, 32","GDPR Arts 5, 12-22, 25 and 32; ePrivacy/national rules where applicable",CTRL-FR-ACC-13,"Identity, Account and Preferences",UI + API + service policy + database + audit event + automated acceptance test,G1 Identity and account safety,Specified; evidence not yet supplied,Automated/manual evidence for WCAG preference persistence and assessment boundary tests,Role journey + normal/loading/empty/error/denied/expired/success states,GET /v2/me/preferences; PUT /v2/me/preferences,"iam.*, audit.events",Required before release,Product + module owner + control owner; DPO/Legal/Compliance where cited,Unassessed until implementation and verification evidence exists
FR-ACC-14,Functional,All human users,"Users shall manage notification channels and categories, while mandatory security, rights and assessment-critical notices remain deliverable.",Must,"Preference, mandatory-message and unsubscribe tests","User validation rule 1; OWASP ASVS; GDPR Arts 5, 25, 32","GDPR Arts 5, 12-22, 25 and 32; ePrivacy/national rules where applicable",CTRL-FR-ACC-14,"Identity, Account and Preferences",UI + API + service policy + database + audit event + automated acceptance test,G1 Identity and account safety,Specified; evidence not yet supplied,"Automated/manual evidence for Preference, mandatory-message and unsubscribe tests",Role journey + normal/loading/empty/error/denied/expired/success states,GET /v2/me/notification-preferences; PUT /v2/me/notification-preferences,"iam.*, audit.events",Required before release,Product + module owner + control owner; DPO/Legal/Compliance where cited,Unassessed until implementation and verification evidence exists
FR-ACC-15,Functional,All human users,"Each role shall have a resumable onboarding checklist, contextual help and release-note acknowledgement for material workflow changes.",Should,Onboarding state and version-change tests,"User validation rule 1; OWASP ASVS; GDPR Arts 5, 25, 32","GDPR Arts 5, 12-22, 25 and 32; ePrivacy/national rules where applicable",CTRL-FR-ACC-15,"Identity, Account and Preferences",UI + API + service policy + database + audit event + automated acceptance test,G1 Identity and account safety,Specified; evidence not yet supplied,Automated/manual evidence for Onboarding state and version-change tests,Role journey + normal/loading/empty/error/denied/expired/success states,GET /v2/me/onboarding; PUT /v2/me/onboarding/{stepCode},"iam.*, audit.events",Risk-based review,Product + module owner + control owner; DPO/Legal/Compliance where cited,Unassessed until implementation and verification evidence exists
FR-ACC-16,Functional,All human users,"Users shall be able to create and track a support case, add messages and attachments, and see service status without granting support broad data access.",Must,"Support case, attachment, tenancy and access-grant tests","User validation rule 1; OWASP ASVS; GDPR Arts 5, 25, 32","GDPR Arts 5, 12-22, 25 and 32; ePrivacy/national rules where applicable",CTRL-FR-ACC-16,"Identity, Account and Preferences",UI + API + service policy + database + audit event + automated acceptance test,G1 Identity and account safety,Specified; evidence not yet supplied,"Automated/manual evidence for Support case, attachment, tenancy and access-grant tests",Role journey + normal/loading/empty/error/denied/expired/success states,GET /v2/me/support-cases; POST /v2/me/support-cases; GET /v2/me/support-cases/{caseId}; POST /v2/me/support-cases/{caseId}/messages,"iam.*, audit.events",Required before release,Product + module owner + control owner; DPO/Legal/Compliance where cited,Unassessed until implementation and verification evidence exists
FR-ACC-17,Functional,All human users,"Users shall be able to view applicable privacy, AI, monitoring and terms notice versions and their acknowledgements.",Must,Notice-history reconstruction test,"User validation rule 1; OWASP ASVS; GDPR Arts 5, 25, 32","GDPR Arts 5, 12-22, 25 and 32; ePrivacy/national rules where applicable",CTRL-FR-ACC-17,"Identity, Account and Preferences",UI + API + service policy + database + audit event + automated acceptance test,G1 Identity and account safety,Specified; evidence not yet supplied,Automated/manual evidence for Notice-history reconstruction test,Role journey + normal/loading/empty/error/denied/expired/success states,GET /v2/me/notices,"iam.*, audit.events",Required before release,Product + module owner + control owner; DPO/Legal/Compliance where cited,Unassessed until implementation and verification evidence exists
FR-ACC-18,Functional,All human users,"Users shall be able to view material security activity for their account, including password, MFA, email and session changes.",Must,Security-event visibility and privacy tests,"User validation rule 1; OWASP ASVS; GDPR Arts 5, 25, 32","GDPR Arts 5, 12-22, 25 and 32; ePrivacy/national rules where applicable",CTRL-FR-ACC-18,"Identity, Account and Preferences",UI + API + service policy + database + audit event + automated acceptance test,G1 Identity and account safety,Specified; evidence not yet supplied,Automated/manual evidence for Security-event visibility and privacy tests,Role journey + normal/loading/empty/error/denied/expired/success states,GET /v2/me/security-events,"iam.*, audit.events",Required before release,Product + module owner + control owner; DPO/Legal/Compliance where cited,Unassessed until implementation and verification evidence exists
FR-ACC-19,Functional,All human users,Users shall be able to request an account/data export; the system shall route scope and controller responsibility before producing a protected download.,Must,"Export scope, identity, expiry and audit tests","User validation rule 1; OWASP ASVS; GDPR Arts 5, 25, 32","GDPR Arts 5, 12-22, 25 and 32; ePrivacy/national rules where applicable",CTRL-FR-ACC-19,"Identity, Account and Preferences",UI + API + service policy + database + audit event + automated acceptance test,G1 Identity and account safety,Specified; evidence not yet supplied,"Automated/manual evidence for Export scope, identity, expiry and audit tests",Role journey + normal/loading/empty/error/denied/expired/success states,POST /v2/me/data-export,"iam.*, audit.events",Required before release,Product + module owner + control owner; DPO/Legal/Compliance where cited,Unassessed until implementation and verification evidence exists
FR-ACC-20,Functional,All human users,"Users shall be able to request account deactivation or deletion; the system shall explain legal holds, controller responsibility and retained records.",Must,"Deactivate, legal-hold and deletion-orchestration tests","User validation rule 1; OWASP ASVS; GDPR Arts 5, 25, 32","GDPR Arts 5, 12-22, 25 and 32; ePrivacy/national rules where applicable",CTRL-FR-ACC-20,"Identity, Account and Preferences",UI + API + service policy + database + audit event + automated acceptance test,G1 Identity and account safety,Specified; evidence not yet supplied,"Automated/manual evidence for Deactivate, legal-hold and deletion-orchestration tests",Role journey + normal/loading/empty/error/denied/expired/success states,POST /v2/me/deactivation,"iam.*, audit.events",Required before release,Product + module owner + control owner; DPO/Legal/Compliance where cited,Unassessed until implementation and verification evidence exists
FR-ACC-21,Functional,All human users,"Forms shall preserve valid input after errors, support password managers and paste, and provide field-level plus summary errors.",Must,Form usability and WCAG error tests,"User validation rule 1; OWASP ASVS; GDPR Arts 5, 25, 32","GDPR Arts 5, 12-22, 25 and 32; ePrivacy/national rules where applicable",CTRL-FR-ACC-21,"Identity, Account and Preferences",UI + API + service policy + database + audit event + automated acceptance test,G1 Identity and account safety,Specified; evidence not yet supplied,Automated/manual evidence for Form usability and WCAG error tests,Role journey + normal/loading/empty/error/denied/expired/success states,Internal service/control or endpoint mapping to be refined during design,"iam.*, audit.events",Required before release,Product + module owner + control owner; DPO/Legal/Compliance where cited,Unassessed until implementation and verification evidence exists
FR-ACC-22,Functional,All human users,"All list pages shall support accessible search, clear filters, reset, sort, pagination, empty states, saved views where justified and export permissions.",Must,"List-state, keyboard and authorisation tests","User validation rule 1; OWASP ASVS; GDPR Arts 5, 25, 32","GDPR Arts 5, 12-22, 25 and 32; ePrivacy/national rules where applicable",CTRL-FR-ACC-22,"Identity, Account and Preferences",UI + API + service policy + database + audit event + automated acceptance test,G1 Identity and account safety,Specified; evidence not yet supplied,"Automated/manual evidence for List-state, keyboard and authorisation tests",Role journey + normal/loading/empty/error/denied/expired/success states,GET /v2/campaigns,"iam.*, audit.events",Required before release,Product + module owner + control owner; DPO/Legal/Compliance where cited,Unassessed until implementation and verification evidence exists
FR-ACC-23,Functional,All human users,"Destructive and high-impact actions shall show scope, consequences and confirmation; bulk actions shall support preview, partial failure and downloadable results.",Must,Bulk/destructive action tests,"User validation rule 1; OWASP ASVS; GDPR Arts 5, 25, 32","GDPR Arts 5, 12-22, 25 and 32; ePrivacy/national rules where applicable",CTRL-FR-ACC-23,"Identity, Account and Preferences",UI + API + service policy + database + audit event + automated acceptance test,G1 Identity and account safety,Specified; evidence not yet supplied,Automated/manual evidence for Bulk/destructive action tests,Role journey + normal/loading/empty/error/denied/expired/success states,Internal service/control or endpoint mapping to be refined during design,"iam.*, audit.events",Required before release,Product + module owner + control owner; DPO/Legal/Compliance where cited,Unassessed until implementation and verification evidence exists
FR-ACC-24,Functional,All human users,"Every asynchronous action shall expose queued/running/succeeded/failed/cancelled states, correlation reference and safe retry behaviour.",Must,Async state and idempotency tests,"User validation rule 1; OWASP ASVS; GDPR Arts 5, 25, 32","GDPR Arts 5, 12-22, 25 and 32; ePrivacy/national rules where applicable",CTRL-FR-ACC-24,"Identity, Account and Preferences",UI + API + service policy + database + audit event + automated acceptance test,G1 Identity and account safety,Specified; evidence not yet supplied,Automated/manual evidence for Async state and idempotency tests,Role journey + normal/loading/empty/error/denied/expired/success states,Internal service/control or endpoint mapping to be refined during design,"iam.*, audit.events",Required before release,Product + module owner + control owner; DPO/Legal/Compliance where cited,Unassessed until implementation and verification evidence exists
FR-SA-01,Functional,CPF Super Admin,"Super Admins shall invite, resend, revoke, suspend, unlock and deactivate CPF staff accounts and assign least-privilege platform roles with expiry.",Must,Staff lifecycle and privilege-escalation tests,User validation rule 1; provider operational baseline,EU AI Act provider obligations; GDPR processor/security obligations; contracts,CTRL-FR-SA-01,Platform Administration and Operations,UI + API + service policy + database + audit event + automated acceptance test,G8 Operational readiness,Specified; evidence not yet supplied,Automated/manual evidence for Staff lifecycle and privilege-escalation tests,Role journey + normal/loading/empty/error/denied/expired/success states,GET /v2/admin/staff; POST /v2/admin/staff-invitations; POST /v2/admin/staff-invitations/{invitationId}/resend; DELETE /v2/admin/staff-invitations/{invitationId}; PUT /v2/admin/staff/{userId}/roles; PUT /v2/admin/staff/{userId}/status,"tenant.*, iam.*, assessment.*, governance.*, audit.*",Required before release,Product + module owner + control owner; DPO/Legal/Compliance where cited,Unassessed until implementation and verification evidence exists
FR-SA-02,Functional,CPF Super Admin,"Super Admins shall search, filter, create, edit, approve, suspend, reactivate and terminate tenants with dependency and affected-session previews.",Must,Tenant lifecycle and impact-preview tests,User validation rule 1; provider operational baseline,EU AI Act provider obligations; GDPR processor/security obligations; contracts,CTRL-FR-SA-02,Platform Administration and Operations,UI + API + service policy + database + audit event + automated acceptance test,G8 Operational readiness,Specified; evidence not yet supplied,Automated/manual evidence for Tenant lifecycle and impact-preview tests,Role journey + normal/loading/empty/error/denied/expired/success states,GET /v2/admin/tenants; POST /v2/admin/tenants; GET /v2/admin/tenants/{tenantId}; PATCH /v2/admin/tenants/{tenantId}; POST /v2/admin/tenants/{tenantId}/status-preview; PUT /v2/admin/tenants/{tenantId}/status,"tenant.*, iam.*, assessment.*, governance.*, audit.*",Required before release,Product + module owner + control owner; DPO/Legal/Compliance where cited,Unassessed until implementation and verification evidence exists
FR-SA-03,Functional,CPF Super Admin,"Super Admins shall manage plan versions, entitlements, quotas, exception expiry and usage alerts without changing active assessment evidence.",Should,Entitlement version and active-session tests,User validation rule 1; provider operational baseline,EU AI Act provider obligations; GDPR processor/security obligations; contracts,CTRL-FR-SA-03,Platform Administration and Operations,UI + API + service policy + database + audit event + automated acceptance test,G8 Operational readiness,Specified; evidence not yet supplied,Automated/manual evidence for Entitlement version and active-session tests,Role journey + normal/loading/empty/error/denied/expired/success states,GET /v2/admin/plans; POST /v2/admin/plans; PATCH /v2/admin/plans/{planId}; PUT /v2/admin/tenants/{tenantId}/subscription,"tenant.*, iam.*, assessment.*, governance.*, audit.*",Risk-based review,Product + module owner + control owner; DPO/Legal/Compliance where cited,Unassessed until implementation and verification evidence exists
FR-SA-04,Functional,CPF Super Admin,"Super Admins shall maintain internal tenant notes, owners, commercial references and renewal dates outside candidate evidence views.",Should,Tenant metadata and access tests,User validation rule 1; provider operational baseline,EU AI Act provider obligations; GDPR processor/security obligations; contracts,CTRL-FR-SA-04,Platform Administration and Operations,UI + API + service policy + database + audit event + automated acceptance test,G8 Operational readiness,Specified; evidence not yet supplied,Automated/manual evidence for Tenant metadata and access tests,Role journey + normal/loading/empty/error/denied/expired/success states,POST /v2/assessment-versions/{versionId}/duplicate; GET /v2/assessment-versions/{versionId}/preview,"tenant.*, iam.*, assessment.*, governance.*, audit.*",Risk-based review,Product + module owner + control owner; DPO/Legal/Compliance where cited,Unassessed until implementation and verification evidence exists
FR-SA-05,Functional,CPF Super Admin,"Super Admins shall manage feature flags by environment, tenant, role and cohort with owner, expiry, approval, exposure log and kill switch.",Must,"Feature-flag isolation, expiry and rollback tests",User validation rule 1; provider operational baseline,EU AI Act provider obligations; GDPR processor/security obligations; contracts,CTRL-FR-SA-05,Platform Administration and Operations,UI + API + service policy + database + audit event + automated acceptance test,G8 Operational readiness,Specified; evidence not yet supplied,"Automated/manual evidence for Feature-flag isolation, expiry and rollback tests",Role journey + normal/loading/empty/error/denied/expired/success states,GET /v2/admin/feature-flags; POST /v2/admin/feature-flags; PUT /v2/admin/feature-flags/{flagId},"tenant.*, iam.*, assessment.*, governance.*, audit.*",Required before release,Product + module owner + control owner; DPO/Legal/Compliance where cited,Unassessed until implementation and verification evidence exists
FR-SA-06,Functional,CPF Super Admin,"Super Admins shall inspect background jobs, retry only safe idempotent work, cancel queued work and open incidents for repeated failures.",Must,"Job retry, duplicate and incident tests",User validation rule 1; provider operational baseline,EU AI Act provider obligations; GDPR processor/security obligations; contracts,CTRL-FR-SA-06,Platform Administration and Operations,UI + API + service policy + database + audit event + automated acceptance test,G8 Operational readiness,Specified; evidence not yet supplied,"Automated/manual evidence for Job retry, duplicate and incident tests",Role journey + normal/loading/empty/error/denied/expired/success states,GET /v2/admin/jobs; POST /v2/admin/jobs/{jobId}/retry; POST /v2/admin/jobs/{jobId}/cancel,"tenant.*, iam.*, assessment.*, governance.*, audit.*",Required before release,Product + module owner + control owner; DPO/Legal/Compliance where cited,Unassessed until implementation and verification evidence exists
FR-SA-07,Functional,CPF Super Admin,"Super Admins shall create, version, preview, test-send, translate, approve and retire notification templates.",Must,"Template version, rendering and recipient tests",User validation rule 1; provider operational baseline,EU AI Act provider obligations; GDPR processor/security obligations; contracts,CTRL-FR-SA-07,Platform Administration and Operations,UI + API + service policy + database + audit event + automated acceptance test,G8 Operational readiness,Specified; evidence not yet supplied,"Automated/manual evidence for Template version, rendering and recipient tests",Role journey + normal/loading/empty/error/denied/expired/success states,GET /v2/notification-templates; POST /v2/notification-templates; POST /v2/notification-templates/{templateId}/preview; POST /v2/notification-templates/{templateId}/test-send; POST /v2/notification-templates/{templateId}/activate,"tenant.*, iam.*, assessment.*, governance.*, audit.*",Required before release,Product + module owner + control owner; DPO/Legal/Compliance where cited,Unassessed until implementation and verification evidence exists
FR-SA-08,Functional,CPF Super Admin,Super Admins shall save dashboard views and subscribe to threshold alerts without exposing cross-tenant candidate identities.,Should,Saved-view and analytics privacy tests,User validation rule 1; provider operational baseline,EU AI Act provider obligations; GDPR processor/security obligations; contracts,CTRL-FR-SA-08,Platform Administration and Operations,UI + API + service policy + database + audit event + automated acceptance test,G8 Operational readiness,Specified; evidence not yet supplied,Automated/manual evidence for Saved-view and analytics privacy tests,Role journey + normal/loading/empty/error/denied/expired/success states,Internal service/control or endpoint mapping to be refined during design,"tenant.*, iam.*, assessment.*, governance.*, audit.*",Risk-based review,Product + module owner + control owner; DPO/Legal/Compliance where cited,Unassessed until implementation and verification evidence exists
FR-SA-09,Functional,CPF Super Admin,"Super Admins shall search tamper-evident audit events and create scoped, time-limited, signed exports with purpose and approval.",Must,"Audit search, export and chain-of-custody tests",User validation rule 1; provider operational baseline,EU AI Act provider obligations; GDPR processor/security obligations; contracts,CTRL-FR-SA-09,Platform Administration and Operations,UI + API + service policy + database + audit event + automated acceptance test,G8 Operational readiness,Specified; evidence not yet supplied,"Automated/manual evidence for Audit search, export and chain-of-custody tests",Role journey + normal/loading/empty/error/denied/expired/success states,GET /v2/admin/audit-events; POST /v2/admin/audit-exports,"tenant.*, iam.*, assessment.*, governance.*, audit.*",Required before release,Product + module owner + control owner; DPO/Legal/Compliance where cited,Unassessed until implementation and verification evidence exists
FR-SA-10,Functional,CPF Super Admin,"Super Admins shall open, approve and close privileged support access grants; impersonation or silent account takeover shall not be provided.",Must,PAM grant and prohibited-impersonation tests,User validation rule 1; provider operational baseline,EU AI Act provider obligations; GDPR processor/security obligations; contracts,CTRL-FR-SA-10,Platform Administration and Operations,UI + API + service policy + database + audit event + automated acceptance test,G8 Operational readiness,Specified; evidence not yet supplied,Automated/manual evidence for PAM grant and prohibited-impersonation tests,Role journey + normal/loading/empty/error/denied/expired/success states,POST /v2/admin/privileged-access-grants; DELETE /v2/admin/privileged-access-grants/{grantId},"tenant.*, iam.*, assessment.*, governance.*, audit.*",Required before release,Product + module owner + control owner; DPO/Legal/Compliance where cited,Unassessed until implementation and verification evidence exists
FR-SA-11,Functional,CPF Super Admin,"Super Admins shall manage platform maintenance windows, status banners and candidate-session exclusion windows.",Must,Maintenance scheduling and session-protection tests,User validation rule 1; provider operational baseline,EU AI Act provider obligations; GDPR processor/security obligations; contracts,CTRL-FR-SA-11,Platform Administration and Operations,UI + API + service policy + database + audit event + automated acceptance test,G8 Operational readiness,Specified; evidence not yet supplied,Automated/manual evidence for Maintenance scheduling and session-protection tests,Role journey + normal/loading/empty/error/denied/expired/success states,GET /v2/admin/maintenance-windows; POST /v2/admin/maintenance-windows,"tenant.*, iam.*, assessment.*, governance.*, audit.*",Required before release,Product + module owner + control owner; DPO/Legal/Compliance where cited,Unassessed until implementation and verification evidence exists
FR-SA-12,Functional,CPF Super Admin,"Super Admins shall view release, migration, desktop minimum-version and rollback status for every environment.",Must,Release evidence and desktop compatibility tests,User validation rule 1; provider operational baseline,EU AI Act provider obligations; GDPR processor/security obligations; contracts,CTRL-FR-SA-12,Platform Administration and Operations,UI + API + service policy + database + audit event + automated acceptance test,G8 Operational readiness,Specified; evidence not yet supplied,Automated/manual evidence for Release evidence and desktop compatibility tests,Role journey + normal/loading/empty/error/denied/expired/success states,GET /v2/admin/releases,"tenant.*, iam.*, assessment.*, governance.*, audit.*",Required before release,Product + module owner + control owner; DPO/Legal/Compliance where cited,Unassessed until implementation and verification evidence exists
FR-SA-13,Functional,CPF Super Admin,"Super Admins shall manage platform API credentials and outbound webhooks with scope, rotation, last-used visibility and revocation.",Must,"Credential scope, rotation and webhook tests",User validation rule 1; provider operational baseline,EU AI Act provider obligations; GDPR processor/security obligations; contracts,CTRL-FR-SA-13,Platform Administration and Operations,UI + API + service policy + database + audit event + automated acceptance test,G8 Operational readiness,Specified; evidence not yet supplied,"Automated/manual evidence for Credential scope, rotation and webhook tests",Role journey + normal/loading/empty/error/denied/expired/success states,Internal service/control or endpoint mapping to be refined during design,"tenant.*, iam.*, assessment.*, governance.*, audit.*",Required before release,Product + module owner + control owner; DPO/Legal/Compliance where cited,Unassessed until implementation and verification evidence exists
FR-SA-14,Functional,CPF Super Admin,Super Admins shall restore soft-deleted mutable reference data only within an approved recovery window and never rewrite immutable evidence.,Must,Restore-window and immutable-evidence tests,User validation rule 1; provider operational baseline,EU AI Act provider obligations; GDPR processor/security obligations; contracts,CTRL-FR-SA-14,Platform Administration and Operations,UI + API + service policy + database + audit event + automated acceptance test,G8 Operational readiness,Specified; evidence not yet supplied,Automated/manual evidence for Restore-window and immutable-evidence tests,Role journey + normal/loading/empty/error/denied/expired/success states,Internal service/control or endpoint mapping to be refined during design,"tenant.*, iam.*, assessment.*, governance.*, audit.*",Required before release,Product + module owner + control owner; DPO/Legal/Compliance where cited,Unassessed until implementation and verification evidence exists
FR-SA-15,Functional,CPF Super Admin,"Super Admins shall assign, escalate, merge and close support cases under role and tenant boundaries.",Must,Support queue and cross-tenant tests,User validation rule 1; provider operational baseline,EU AI Act provider obligations; GDPR processor/security obligations; contracts,CTRL-FR-SA-15,Platform Administration and Operations,UI + API + service policy + database + audit event + automated acceptance test,G8 Operational readiness,Specified; evidence not yet supplied,Automated/manual evidence for Support queue and cross-tenant tests,Role journey + normal/loading/empty/error/denied/expired/success states,GET /v2/admin/support-cases; PUT /v2/admin/support-cases/{caseId}/assignment,"tenant.*, iam.*, assessment.*, governance.*, audit.*",Required before release,Product + module owner + control owner; DPO/Legal/Compliance where cited,Unassessed until implementation and verification evidence exists
FR-SA-16,Functional,CPF Super Admin,"Super Admins shall maintain vendor, subprocessor, contract, security, model, accessibility and exit-plan records.",Must,Vendor evidence completeness test,User validation rule 1; provider operational baseline,EU AI Act provider obligations; GDPR processor/security obligations; contracts,CTRL-FR-SA-16,Platform Administration and Operations,UI + API + service policy + database + audit event + automated acceptance test,G8 Operational readiness,Specified; evidence not yet supplied,Automated/manual evidence for Vendor evidence completeness test,Role journey + normal/loading/empty/error/denied/expired/success states,GET /v2/plugins,"tenant.*, iam.*, assessment.*, governance.*, audit.*",Required before release,Product + module owner + control owner; DPO/Legal/Compliance where cited,Unassessed until implementation and verification evidence exists
FR-SA-17,Functional,CPF Super Admin,"Super Admins shall run affected-record analysis before suspending a model, prompt, plugin, assessment, proctor rule or integration.",Must,Suspension impact and safe-state tests,User validation rule 1; provider operational baseline,EU AI Act provider obligations; GDPR processor/security obligations; contracts,CTRL-FR-SA-17,Platform Administration and Operations,UI + API + service policy + database + audit event + automated acceptance test,G8 Operational readiness,Specified; evidence not yet supplied,Automated/manual evidence for Suspension impact and safe-state tests,Role journey + normal/loading/empty/error/denied/expired/success states,POST /v2/admin/tenants/{tenantId}/status-preview; POST /v2/assessment-versions/{versionId}/suspend; POST /v2/ai-models/{modelId}/suspend; PUT /v2/plugins/{pluginId}/status,"tenant.*, iam.*, assessment.*, governance.*, audit.*",Required before release,Product + module owner + control owner; DPO/Legal/Compliance where cited,Unassessed until implementation and verification evidence exists
FR-SA-18,Functional,CPF Super Admin,"Super Admins shall view regulatory deadlines, overdue evidence, sign-off status and release blockers without being able to self-approve incompatible duties.",Must,Separation-of-duties and deadline tests,User validation rule 1; provider operational baseline,EU AI Act provider obligations; GDPR processor/security obligations; contracts,CTRL-FR-SA-18,Platform Administration and Operations,UI + API + service policy + database + audit event + automated acceptance test,G8 Operational readiness,Specified; evidence not yet supplied,Automated/manual evidence for Separation-of-duties and deadline tests,Role journey + normal/loading/empty/error/denied/expired/success states,Internal service/control or endpoint mapping to be refined during design,"tenant.*, iam.*, assessment.*, governance.*, audit.*",Required before release,Product + module owner + control owner; DPO/Legal/Compliance where cited,Unassessed until implementation and verification evidence exists
FR-EA-01,Functional,Employer Admin,"Employer Admins shall edit organisation profile, approved branding, timezone, domains, controller contacts and candidate-support contacts.",Must,"Organisation settings, accessibility and audit tests",User validation rule 1; AI Act deployer controls; employment/equality baseline,EU AI Act Arts 26 and 86; GDPR; national employment/equality law; employer controller obligations,CTRL-FR-EA-01,Employer Administration and Deployment,UI + API + service policy + database + audit event + automated acceptance test,G5 Deployer readiness,Specified; evidence not yet supplied,"Automated/manual evidence for Organisation settings, accessibility and audit tests",Role journey + normal/loading/empty/error/denied/expired/success states,GET /v2/organization; PATCH /v2/organization,"tenant.*, hiring.*, review.progression_decisions, integration.*",Required before release,Product + module owner + control owner; DPO/Legal/Compliance where cited,Unassessed until implementation and verification evidence exists
FR-EA-02,Functional,Employer Admin,"Employer Admins shall invite, resend, revoke, suspend and role-manage tenant members with department/team scope and access review dates.",Must,Tenant member lifecycle tests,User validation rule 1; AI Act deployer controls; employment/equality baseline,EU AI Act Arts 26 and 86; GDPR; national employment/equality law; employer controller obligations,CTRL-FR-EA-02,Employer Administration and Deployment,UI + API + service policy + database + audit event + automated acceptance test,G5 Deployer readiness,Specified; evidence not yet supplied,Automated/manual evidence for Tenant member lifecycle tests,Role journey + normal/loading/empty/error/denied/expired/success states,GET /v2/organization/members; POST /v2/organization/member-invitations; POST /v2/organization/member-invitations/{invitationId}/resend; DELETE /v2/organization/member-invitations/{invitationId}; PUT /v2/organization/members/{memberId}/roles; PUT /v2/organization/members/{memberId}/status,"tenant.*, hiring.*, review.progression_decisions, integration.*",Required before release,Product + module owner + control owner; DPO/Legal/Compliance where cited,Unassessed until implementation and verification evidence exists
FR-EA-03,Functional,Employer Admin,"Employer Admins shall create, rename, deactivate and restore departments and teams while preserving historical campaign references.",Must,Organisation structure and history tests,User validation rule 1; AI Act deployer controls; employment/equality baseline,EU AI Act Arts 26 and 86; GDPR; national employment/equality law; employer controller obligations,CTRL-FR-EA-03,Employer Administration and Deployment,UI + API + service policy + database + audit event + automated acceptance test,G5 Deployer readiness,Specified; evidence not yet supplied,Automated/manual evidence for Organisation structure and history tests,Role journey + normal/loading/empty/error/denied/expired/success states,GET /v2/organization/departments; POST /v2/organization/departments; PATCH /v2/organization/departments/{departmentId}; GET /v2/organization/teams; POST /v2/organization/teams; PATCH /v2/organization/teams/{teamId},"tenant.*, hiring.*, review.progression_decisions, integration.*",Required before release,Product + module owner + control owner; DPO/Legal/Compliance where cited,Unassessed until implementation and verification evidence exists
FR-EA-04,Functional,Employer Admin,"Employer Admins shall save campaign drafts automatically, duplicate approved configuration, preview the candidate journey and archive closed campaigns.",Must,"Draft, duplicate, preview and archive tests",User validation rule 1; AI Act deployer controls; employment/equality baseline,EU AI Act Arts 26 and 86; GDPR; national employment/equality law; employer controller obligations,CTRL-FR-EA-04,Employer Administration and Deployment,UI + API + service policy + database + audit event + automated acceptance test,G5 Deployer readiness,Specified; evidence not yet supplied,"Automated/manual evidence for Draft, duplicate, preview and archive tests",Role journey + normal/loading/empty/error/denied/expired/success states,POST /v2/campaigns; PATCH /v2/campaigns/{campaignId}; POST /v2/campaigns/{campaignId}/duplicate; GET /v2/campaigns/{campaignId}/candidate-preview; POST /v2/campaigns/{campaignId}/archive,"tenant.*, hiring.*, review.progression_decisions, integration.*",Required before release,Product + module owner + control owner; DPO/Legal/Compliance where cited,Unassessed until implementation and verification evidence exists
FR-EA-05,Functional,Employer Admin,"Campaign activation shall show a preflight checklist covering assessment version, reviewer capacity, notices, lawful-basis owner, DPIA, retention and support readiness.",Must,Activation gate and missing-control tests,User validation rule 1; AI Act deployer controls; employment/equality baseline,EU AI Act Arts 26 and 86; GDPR; national employment/equality law; employer controller obligations,CTRL-FR-EA-05,Employer Administration and Deployment,UI + API + service policy + database + audit event + automated acceptance test,G5 Deployer readiness,Specified; evidence not yet supplied,Automated/manual evidence for Activation gate and missing-control tests,Role journey + normal/loading/empty/error/denied/expired/success states,GET /v2/campaigns/{campaignId}/activation-preflight; POST /v2/campaigns/{campaignId}/activate,"tenant.*, hiring.*, review.progression_decisions, integration.*",Required before release,Product + module owner + control owner; DPO/Legal/Compliance where cited,Unassessed until implementation and verification evidence exists
FR-EA-06,Functional,Employer Admin,"Employer Admins shall preview candidate imports, download row-level errors, correct or exclude rows, confirm idempotently and cancel before commit.",Must,"Import preview, correction, cancel and idempotency tests",User validation rule 1; AI Act deployer controls; employment/equality baseline,EU AI Act Arts 26 and 86; GDPR; national employment/equality law; employer controller obligations,CTRL-FR-EA-06,Employer Administration and Deployment,UI + API + service policy + database + audit event + automated acceptance test,G5 Deployer readiness,Specified; evidence not yet supplied,"Automated/manual evidence for Import preview, correction, cancel and idempotency tests",Role journey + normal/loading/empty/error/denied/expired/success states,POST /v2/campaigns/{campaignId}/candidate-imports; GET /v2/candidate-imports/{importId}; GET /v2/candidate-imports/{importId}/rows; PATCH /v2/candidate-imports/{importId}/rows/{rowId}; POST /v2/candidate-imports/{importId}/commit; POST /v2/candidate-imports/{importId}/cancel,"tenant.*, hiring.*, review.progression_decisions, integration.*",Required before release,Product + module owner + control owner; DPO/Legal/Compliance where cited,Unassessed until implementation and verification evidence exists
FR-EA-07,Functional,Employer Admin,"Employer Admins shall review tenant-local duplicate candidates, merge with preview and reversal, or keep separate applications with a reason.",Must,"Duplicate, merge, undo and cross-tenant tests",User validation rule 1; AI Act deployer controls; employment/equality baseline,EU AI Act Arts 26 and 86; GDPR; national employment/equality law; employer controller obligations,CTRL-FR-EA-07,Employer Administration and Deployment,UI + API + service policy + database + audit event + automated acceptance test,G5 Deployer readiness,Specified; evidence not yet supplied,"Automated/manual evidence for Duplicate, merge, undo and cross-tenant tests",Role journey + normal/loading/empty/error/denied/expired/success states,POST /v2/candidates/merge-preview; POST /v2/candidates/merge; POST /v2/candidate-merges/{mergeId}/reverse,"tenant.*, hiring.*, review.progression_decisions, integration.*",Required before release,Product + module owner + control owner; DPO/Legal/Compliance where cited,Unassessed until implementation and verification evidence exists
FR-EA-08,Functional,Employer Admin,"Employer Admins shall bulk send, resend, extend, expire and revoke invitations with preview, throttling and per-recipient results.",Must,Invitation bulk-operation tests,User validation rule 1; AI Act deployer controls; employment/equality baseline,EU AI Act Arts 26 and 86; GDPR; national employment/equality law; employer controller obligations,CTRL-FR-EA-08,Employer Administration and Deployment,UI + API + service policy + database + audit event + automated acceptance test,G5 Deployer readiness,Specified; evidence not yet supplied,Automated/manual evidence for Invitation bulk-operation tests,Role journey + normal/loading/empty/error/denied/expired/success states,POST /v2/applications/{applicationId}/invitations; POST /v2/invitations/{invitationId}/resend; POST /v2/invitations/{invitationId}/extend; DELETE /v2/invitations/{invitationId},"tenant.*, hiring.*, review.progression_decisions, integration.*",Required before release,Product + module owner + control owner; DPO/Legal/Compliance where cited,Unassessed until implementation and verification evidence exists
FR-EA-09,Functional,Employer Admin,"Employer Admins shall configure assessment scheduling windows, candidate timezone display, rescheduling rules and accessibility-aware start arrangements.",Should,Scheduling and timezone tests,User validation rule 1; AI Act deployer controls; employment/equality baseline,EU AI Act Arts 26 and 86; GDPR; national employment/equality law; employer controller obligations,CTRL-FR-EA-09,Employer Administration and Deployment,UI + API + service policy + database + audit event + automated acceptance test,G5 Deployer readiness,Specified; evidence not yet supplied,Automated/manual evidence for Scheduling and timezone tests,Role journey + normal/loading/empty/error/denied/expired/success states,GET /v2/applications/{applicationId}/bookings; POST /v2/applications/{applicationId}/bookings; PUT /v2/bookings/{bookingId},"tenant.*, hiring.*, review.progression_decisions, integration.*",Risk-based review,Product + module owner + control owner; DPO/Legal/Compliance where cited,Unassessed until implementation and verification evidence exists
FR-EA-10,Functional,Employer Admin,"Employer Admins shall manage reviewer pool expertise, training, calibration, availability, workload and conflict requirements.",Must,Reviewer eligibility and capacity tests,User validation rule 1; AI Act deployer controls; employment/equality baseline,EU AI Act Arts 26 and 86; GDPR; national employment/equality law; employer controller obligations,CTRL-FR-EA-10,Employer Administration and Deployment,UI + API + service policy + database + audit event + automated acceptance test,G5 Deployer readiness,Specified; evidence not yet supplied,Automated/manual evidence for Reviewer eligibility and capacity tests,Role journey + normal/loading/empty/error/denied/expired/success states,GET /v2/campaigns/{campaignId}/reviewers; POST /v2/campaigns/{campaignId}/reviewers,"tenant.*, hiring.*, review.progression_decisions, integration.*",Required before release,Product + module owner + control owner; DPO/Legal/Compliance where cited,Unassessed until implementation and verification evidence exists
FR-EA-11,Functional,Employer Admin,"Employer Admins shall bulk assign or reassign reviews with conflict, blindness, workload, qualification and continuity checks.",Must,Assignment policy and history tests,User validation rule 1; AI Act deployer controls; employment/equality baseline,EU AI Act Arts 26 and 86; GDPR; national employment/equality law; employer controller obligations,CTRL-FR-EA-11,Employer Administration and Deployment,UI + API + service policy + database + audit event + automated acceptance test,G5 Deployer readiness,Specified; evidence not yet supplied,Automated/manual evidence for Assignment policy and history tests,Role journey + normal/loading/empty/error/denied/expired/success states,POST /v2/campaigns/{campaignId}/review-assignments,"tenant.*, hiring.*, review.progression_decisions, integration.*",Required before release,Product + module owner + control owner; DPO/Legal/Compliance where cited,Unassessed until implementation and verification evidence exists
FR-EA-12,Functional,Employer Admin,"Employer Admins shall view saved campaign dashboards, search, filters, column preferences and authorised export jobs.",Must,Dashboard state and export tests,User validation rule 1; AI Act deployer controls; employment/equality baseline,EU AI Act Arts 26 and 86; GDPR; national employment/equality law; employer controller obligations,CTRL-FR-EA-12,Employer Administration and Deployment,UI + API + service policy + database + audit event + automated acceptance test,G5 Deployer readiness,Specified; evidence not yet supplied,Automated/manual evidence for Dashboard state and export tests,Role journey + normal/loading/empty/error/denied/expired/success states,GET /v2/campaigns/{campaignId}/dashboard,"tenant.*, hiring.*, review.progression_decisions, integration.*",Required before release,Product + module owner + control owner; DPO/Legal/Compliance where cited,Unassessed until implementation and verification evidence exists
FR-EA-13,Functional,Employer Admin,"Employer Admins shall create a draft progression decision, request required secondary approval, issue it, and preserve all versions and evidence.",Must,"Decision draft, approval, issue and audit tests",User validation rule 1; AI Act deployer controls; employment/equality baseline,EU AI Act Arts 26 and 86; GDPR; national employment/equality law; employer controller obligations,CTRL-FR-EA-13,Employer Administration and Deployment,UI + API + service policy + database + audit event + automated acceptance test,G5 Deployer readiness,Specified; evidence not yet supplied,"Automated/manual evidence for Decision draft, approval, issue and audit tests",Role journey + normal/loading/empty/error/denied/expired/success states,POST /v2/applications/{applicationId}/decisions; POST /v2/decisions/{decisionId}/approvals; POST /v2/decisions/{decisionId}/issue,"tenant.*, hiring.*, review.progression_decisions, integration.*",Required before release,Product + module owner + control owner; DPO/Legal/Compliance where cited,Unassessed until implementation and verification evidence exists
FR-EA-14,Functional,Employer Admin,Employer Admins shall not receive an AI-generated reject/progress recommendation or preselected decision value.,Must,"UI, API and background-job negative tests",User validation rule 1; AI Act deployer controls; employment/equality baseline,EU AI Act Arts 26 and 86; GDPR; national employment/equality law; employer controller obligations,CTRL-FR-EA-14,Employer Administration and Deployment,UI + API + service policy + database + audit event + automated acceptance test,G5 Deployer readiness,Specified; evidence not yet supplied,"Automated/manual evidence for UI, API and background-job negative tests",Role journey + normal/loading/empty/error/denied/expired/success states,GET /v2/campaigns/{campaignId}/comparison,"tenant.*, hiring.*, review.progression_decisions, integration.*",Required before release,Product + module owner + control owner; DPO/Legal/Compliance where cited,Unassessed until implementation and verification evidence exists
FR-EA-15,Functional,Employer Admin,Employer Admins shall issue candidate communications from approved templates and preview exactly which data will be disclosed.,Must,Communication preview and data-minimisation tests,User validation rule 1; AI Act deployer controls; employment/equality baseline,EU AI Act Arts 26 and 86; GDPR; national employment/equality law; employer controller obligations,CTRL-FR-EA-15,Employer Administration and Deployment,UI + API + service policy + database + audit event + automated acceptance test,G5 Deployer readiness,Specified; evidence not yet supplied,Automated/manual evidence for Communication preview and data-minimisation tests,Role journey + normal/loading/empty/error/denied/expired/success states,Internal service/control or endpoint mapping to be refined during design,"tenant.*, hiring.*, review.progression_decisions, integration.*",Required before release,Product + module owner + control owner; DPO/Legal/Compliance where cited,Unassessed until implementation and verification evidence exists
FR-EA-16,Functional,Employer Admin,"Employer Admins shall configure ATS/HRIS connections, API credentials and webhooks with scope, test, pause, rotate and revoke actions.",Should,Integration lifecycle and secret tests,User validation rule 1; AI Act deployer controls; employment/equality baseline,EU AI Act Arts 26 and 86; GDPR; national employment/equality law; employer controller obligations,CTRL-FR-EA-16,Employer Administration and Deployment,UI + API + service policy + database + audit event + automated acceptance test,G5 Deployer readiness,Specified; evidence not yet supplied,Automated/manual evidence for Integration lifecycle and secret tests,Role journey + normal/loading/empty/error/denied/expired/success states,GET /v2/organization/integrations; POST /v2/organization/integrations; PUT /v2/organization/integrations/{connectionId}/status; POST /v2/organization/integrations/{connectionId}/rotate; GET /v2/organization/webhooks; POST /v2/organization/webhooks; PUT /v2/organization/webhooks/{webhookId}/status,"tenant.*, hiring.*, review.progression_decisions, integration.*",Risk-based review,Product + module owner + control owner; DPO/Legal/Compliance where cited,Unassessed until implementation and verification evidence exists
FR-EA-17,Functional,Employer Admin,"Employer Admins shall view subscription usage, limits and service status without access to platform-wide commercial data.",Should,Entitlement visibility tests,User validation rule 1; AI Act deployer controls; employment/equality baseline,EU AI Act Arts 26 and 86; GDPR; national employment/equality law; employer controller obligations,CTRL-FR-EA-17,Employer Administration and Deployment,UI + API + service policy + database + audit event + automated acceptance test,G5 Deployer readiness,Specified; evidence not yet supplied,Automated/manual evidence for Entitlement visibility tests,Role journey + normal/loading/empty/error/denied/expired/success states,Internal service/control or endpoint mapping to be refined during design,"tenant.*, hiring.*, review.progression_decisions, integration.*",Risk-based review,Product + module owner + control owner; DPO/Legal/Compliance where cited,Unassessed until implementation and verification evidence exists
FR-EA-18,Functional,Employer Admin,"Employer Admins shall configure approved retention schedules, view due deletion jobs and apply legal holds only through authorised legal workflow.",Must,"Retention, hold-authority and deletion tests",User validation rule 1; AI Act deployer controls; employment/equality baseline,EU AI Act Arts 26 and 86; GDPR; national employment/equality law; employer controller obligations,CTRL-FR-EA-18,Employer Administration and Deployment,UI + API + service policy + database + audit event + automated acceptance test,G5 Deployer readiness,Specified; evidence not yet supplied,"Automated/manual evidence for Retention, hold-authority and deletion tests",Role journey + normal/loading/empty/error/denied/expired/success states,Internal service/control or endpoint mapping to be refined during design,"tenant.*, hiring.*, review.progression_decisions, integration.*",Required before release,Product + module owner + control owner; DPO/Legal/Compliance where cited,Unassessed until implementation and verification evidence exists
FR-EA-19,Functional,Employer Admin,"Employer Admins shall complete deployer onboarding for instructions of use, human oversight assignment, AI literacy, monitoring and incident reporting before launch.",Must,Deployer readiness gate test,User validation rule 1; AI Act deployer controls; employment/equality baseline,EU AI Act Arts 26 and 86; GDPR; national employment/equality law; employer controller obligations,CTRL-FR-EA-19,Employer Administration and Deployment,UI + API + service policy + database + audit event + automated acceptance test,G5 Deployer readiness,Specified; evidence not yet supplied,Automated/manual evidence for Deployer readiness gate test,Role journey + normal/loading/empty/error/denied/expired/success states,GET /v2/campaigns/{campaignId}/activation-preflight; GET /v2/organization/deployer-readiness; PUT /v2/organization/deployer-readiness,"tenant.*, hiring.*, review.progression_decisions, integration.*",Required before release,Product + module owner + control owner; DPO/Legal/Compliance where cited,Unassessed until implementation and verification evidence exists
FR-EA-20,Functional,Employer Admin,Employer Admins shall record the lawful basis owner and DPIA status per processing purpose; the UI shall not default recruitment monitoring to consent.,Must,Lawful-basis configuration and consent anti-pattern tests,User validation rule 1; AI Act deployer controls; employment/equality baseline,EU AI Act Arts 26 and 86; GDPR; national employment/equality law; employer controller obligations,CTRL-FR-EA-20,Employer Administration and Deployment,UI + API + service policy + database + audit event + automated acceptance test,G5 Deployer readiness,Specified; evidence not yet supplied,Automated/manual evidence for Lawful-basis configuration and consent anti-pattern tests,Role journey + normal/loading/empty/error/denied/expired/success states,Internal service/control or endpoint mapping to be refined during design,"tenant.*, hiring.*, review.progression_decisions, integration.*",Required before release,Product + module owner + control owner; DPO/Legal/Compliance where cited,Unassessed until implementation and verification evidence exists
FR-EA-21,Functional,Employer Admin,Employer Admins shall provide affected candidates the required high-risk AI use notice before AI-assisted evaluation.,Must,Affected-person notice timing and version tests,User validation rule 1; AI Act deployer controls; employment/equality baseline,EU AI Act Arts 26 and 86; GDPR; national employment/equality law; employer controller obligations,CTRL-FR-EA-21,Employer Administration and Deployment,UI + API + service policy + database + audit event + automated acceptance test,G5 Deployer readiness,Specified; evidence not yet supplied,Automated/manual evidence for Affected-person notice timing and version tests,Role journey + normal/loading/empty/error/denied/expired/success states,POST /v2/decisions/{decisionId}/issue,"tenant.*, hiring.*, review.progression_decisions, integration.*",Required before release,Product + module owner + control owner; DPO/Legal/Compliance where cited,Unassessed until implementation and verification evidence exists
FR-EA-22,Functional,Employer Admin,Employer Admins shall route accommodation decisions to restricted authorised staff and expose only operational adjustments to reviewers.,Must,Accommodation segregation tests,User validation rule 1; AI Act deployer controls; employment/equality baseline,EU AI Act Arts 26 and 86; GDPR; national employment/equality law; employer controller obligations,CTRL-FR-EA-22,Employer Administration and Deployment,UI + API + service policy + database + audit event + automated acceptance test,G5 Deployer readiness,Specified; evidence not yet supplied,Automated/manual evidence for Accommodation segregation tests,Role journey + normal/loading/empty/error/denied/expired/success states,GET /v2/accommodations; PUT /v2/accommodations/{accommodationId}/decision,"tenant.*, hiring.*, review.progression_decisions, integration.*",Required before release,Product + module owner + control owner; DPO/Legal/Compliance where cited,Unassessed until implementation and verification evidence exists
FR-ER-01,Functional,Employer Reviewer,"Reviewers shall maintain expertise, language, training, calibration, availability and workload profiles visible to authorised assigners.",Must,Profile and assignment-eligibility tests,User validation rule 1; AI Act Art 14 and Art 26(2),EU AI Act Arts 13-15 and 26; GDPR Art 22 safeguards where applicable,CTRL-FR-ER-01,Review Workflow and Human Oversight,UI + API + service policy + database + audit event + automated acceptance test,G4 Meaningful human oversight,Specified; evidence not yet supplied,Automated/manual evidence for Profile and assignment-eligibility tests,Role journey + normal/loading/empty/error/denied/expired/success states,GET /v2/reviewer/profile; PATCH /v2/reviewer/profile; GET /v2/reviewer/availability; PUT /v2/reviewer/availability; GET /v2/reviewer/training,"review.*, evidence.reviewer_ai_observations",Required before release,Product + module owner + control owner; DPO/Legal/Compliance where cited,Unassessed until implementation and verification evidence exists
FR-ER-02,Functional,Employer Reviewer,Reviewers shall accept or decline assignments and provide a structured decline reason without exposing it to candidates unless required.,Must,Assignment response and confidentiality tests,User validation rule 1; AI Act Art 14 and Art 26(2),EU AI Act Arts 13-15 and 26; GDPR Art 22 safeguards where applicable,CTRL-FR-ER-02,Review Workflow and Human Oversight,UI + API + service policy + database + audit event + automated acceptance test,G4 Meaningful human oversight,Specified; evidence not yet supplied,Automated/manual evidence for Assignment response and confidentiality tests,Role journey + normal/loading/empty/error/denied/expired/success states,POST /v2/review-assignments/{assignmentId}/accept; POST /v2/review-assignments/{assignmentId}/decline,"review.*, evidence.reviewer_ai_observations",Required before release,Product + module owner + control owner; DPO/Legal/Compliance where cited,Unassessed until implementation and verification evidence exists
FR-ER-03,Functional,Employer Reviewer,"Reviewers shall declare, update and resolve conflicts before accessing candidate evidence.",Must,Conflict gate and access tests,User validation rule 1; AI Act Art 14 and Art 26(2),EU AI Act Arts 13-15 and 26; GDPR Art 22 safeguards where applicable,CTRL-FR-ER-03,Review Workflow and Human Oversight,UI + API + service policy + database + audit event + automated acceptance test,G4 Meaningful human oversight,Specified; evidence not yet supplied,Automated/manual evidence for Conflict gate and access tests,Role journey + normal/loading/empty/error/denied/expired/success states,PUT /v2/review-assignments/{assignmentId}/conflict,"review.*, evidence.reviewer_ai_observations",Required before release,Product + module owner + control owner; DPO/Legal/Compliance where cited,Unassessed until implementation and verification evidence exists
FR-ER-04,Functional,Employer Reviewer,"Reviewers shall search, filter, sort and save queue views while blind-review rules suppress prohibited information.",Must,Queue and blindness tests,User validation rule 1; AI Act Art 14 and Art 26(2),EU AI Act Arts 13-15 and 26; GDPR Art 22 safeguards where applicable,CTRL-FR-ER-04,Review Workflow and Human Oversight,UI + API + service policy + database + audit event + automated acceptance test,G4 Meaningful human oversight,Specified; evidence not yet supplied,Automated/manual evidence for Queue and blindness tests,Role journey + normal/loading/empty/error/denied/expired/success states,GET /v2/review-assignments,"review.*, evidence.reviewer_ai_observations",Required before release,Product + module owner + control owner; DPO/Legal/Compliance where cited,Unassessed until implementation and verification evidence exists
FR-ER-05,Functional,Employer Reviewer,Reviewers shall bookmark and annotate evidence with private/team scopes and immutable evidence references.,Must,Annotation scope and evidence-version tests,User validation rule 1; AI Act Art 14 and Art 26(2),EU AI Act Arts 13-15 and 26; GDPR Art 22 safeguards where applicable,CTRL-FR-ER-05,Review Workflow and Human Oversight,UI + API + service policy + database + audit event + automated acceptance test,G4 Meaningful human oversight,Specified; evidence not yet supplied,Automated/manual evidence for Annotation scope and evidence-version tests,Role journey + normal/loading/empty/error/denied/expired/success states,POST /v2/review-assignments/{assignmentId}/annotations,"review.*, evidence.reviewer_ai_observations",Required before release,Product + module owner + control owner; DPO/Legal/Compliance where cited,Unassessed until implementation and verification evidence exists
FR-ER-06,Functional,Employer Reviewer,"Review scorecards shall autosave drafts, expose save/conflict state and recover without changing the immutable submission.",Must,Draft recovery and concurrency tests,User validation rule 1; AI Act Art 14 and Art 26(2),EU AI Act Arts 13-15 and 26; GDPR Art 22 safeguards where applicable,CTRL-FR-ER-06,Review Workflow and Human Oversight,UI + API + service policy + database + audit event + automated acceptance test,G4 Meaningful human oversight,Specified; evidence not yet supplied,Automated/manual evidence for Draft recovery and concurrency tests,Role journey + normal/loading/empty/error/denied/expired/success states,GET /v2/review-assignments/{assignmentId}/scorecard; PUT /v2/review-assignments/{assignmentId}/scorecard,"review.*, evidence.reviewer_ai_observations",Required before release,Product + module owner + control owner; DPO/Legal/Compliance where cited,Unassessed until implementation and verification evidence exists
FR-ER-07,Functional,Employer Reviewer,"Reviewers shall use criterion completion checks, evidence minimums, insufficient-evidence states and confidence distinct from performance.",Must,Scorecard validation tests,User validation rule 1; AI Act Art 14 and Art 26(2),EU AI Act Arts 13-15 and 26; GDPR Art 22 safeguards where applicable,CTRL-FR-ER-07,Review Workflow and Human Oversight,UI + API + service policy + database + audit event + automated acceptance test,G4 Meaningful human oversight,Specified; evidence not yet supplied,Automated/manual evidence for Scorecard validation tests,Role journey + normal/loading/empty/error/denied/expired/success states,PUT /v2/review-assignments/{assignmentId}/scorecard,"review.*, evidence.reviewer_ai_observations",Required before release,Product + module owner + control owner; DPO/Legal/Compliance where cited,Unassessed until implementation and verification evidence exists
FR-ER-08,Functional,Employer Reviewer,"AI assistance may provide labelled evidence observations but shall not populate, suggest or predict numeric scores, ranking or progression outcomes.",Must,"Schema, API, UI and model-output negative tests",User validation rule 1; AI Act Art 14 and Art 26(2),EU AI Act Arts 13-15 and 26; GDPR Art 22 safeguards where applicable,CTRL-FR-ER-08,Review Workflow and Human Oversight,UI + API + service policy + database + audit event + automated acceptance test,G4 Meaningful human oversight,Specified; evidence not yet supplied,"Automated/manual evidence for Schema, API, UI and model-output negative tests",Role journey + normal/loading/empty/error/denied/expired/success states,GET /v2/review-assignments/{assignmentId}/ai-observations,"review.*, evidence.reviewer_ai_observations",Required before release,Product + module owner + control owner; DPO/Legal/Compliance where cited,Unassessed until implementation and verification evidence exists
FR-ER-09,Functional,Employer Reviewer,"Reviewers shall accept as useful, edit, reject or report each AI observation; disposition shall not replace their own rationale.",Must,AI observation disposition and audit tests,User validation rule 1; AI Act Art 14 and Art 26(2),EU AI Act Arts 13-15 and 26; GDPR Art 22 safeguards where applicable,CTRL-FR-ER-09,Review Workflow and Human Oversight,UI + API + service policy + database + audit event + automated acceptance test,G4 Meaningful human oversight,Specified; evidence not yet supplied,Automated/manual evidence for AI observation disposition and audit tests,Role journey + normal/loading/empty/error/denied/expired/success states,PUT /v2/ai-observations/{observationId}/disposition,"review.*, evidence.reviewer_ai_observations",Required before release,Product + module owner + control owner; DPO/Legal/Compliance where cited,Unassessed until implementation and verification evidence exists
FR-ER-10,Functional,Employer Reviewer,"Reviewers shall resolve integrity events only with approved non-accusatory statuses, evidence, limitations and alternative explanations.",Must,Integrity resolution and language tests,User validation rule 1; AI Act Art 14 and Art 26(2),EU AI Act Arts 13-15 and 26; GDPR Art 22 safeguards where applicable,CTRL-FR-ER-10,Review Workflow and Human Oversight,UI + API + service policy + database + audit event + automated acceptance test,G4 Meaningful human oversight,Specified; evidence not yet supplied,Automated/manual evidence for Integrity resolution and language tests,Role journey + normal/loading/empty/error/denied/expired/success states,PUT /v2/integrity-events/{eventId}/resolution,"review.*, evidence.reviewer_ai_observations",Required before release,Product + module owner + control owner; DPO/Legal/Compliance where cited,Unassessed until implementation and verification evidence exists
FR-ER-11,Functional,Employer Reviewer,"Reviewers shall request candidate clarification, technical investigation, secondary review or adjudication through controlled workflows.",Must,Escalation workflow tests,User validation rule 1; AI Act Art 14 and Art 26(2),EU AI Act Arts 13-15 and 26; GDPR Art 22 safeguards where applicable,CTRL-FR-ER-11,Review Workflow and Human Oversight,UI + API + service policy + database + audit event + automated acceptance test,G4 Meaningful human oversight,Specified; evidence not yet supplied,Automated/manual evidence for Escalation workflow tests,Role journey + normal/loading/empty/error/denied/expired/success states,POST /v2/review-assignments/{assignmentId}/clarifications,"review.*, evidence.reviewer_ai_observations",Required before release,Product + module owner + control owner; DPO/Legal/Compliance where cited,Unassessed until implementation and verification evidence exists
FR-ER-12,Functional,Employer Reviewer,"Reviewers shall submit and lock a complete scorecard; later correction shall require a reasoned amendment version, not silent editing.",Must,Submission lock and amendment tests,User validation rule 1; AI Act Art 14 and Art 26(2),EU AI Act Arts 13-15 and 26; GDPR Art 22 safeguards where applicable,CTRL-FR-ER-12,Review Workflow and Human Oversight,UI + API + service policy + database + audit event + automated acceptance test,G4 Meaningful human oversight,Specified; evidence not yet supplied,Automated/manual evidence for Submission lock and amendment tests,Role journey + normal/loading/empty/error/denied/expired/success states,POST /v2/review-assignments/{assignmentId}/submit; POST /v2/scorecards/{scorecardId}/amendments,"review.*, evidence.reviewer_ai_observations",Required before release,Product + module owner + control owner; DPO/Legal/Compliance where cited,Unassessed until implementation and verification evidence exists
FR-ER-13,Functional,Employer Reviewer,Reviewers shall be warned of automation bias and must attest that they reviewed source evidence before submission.,Must,Oversight attestation and usability test,User validation rule 1; AI Act Art 14 and Art 26(2),EU AI Act Arts 13-15 and 26; GDPR Art 22 safeguards where applicable,CTRL-FR-ER-13,Review Workflow and Human Oversight,UI + API + service policy + database + audit event + automated acceptance test,G4 Meaningful human oversight,Specified; evidence not yet supplied,Automated/manual evidence for Oversight attestation and usability test,Role journey + normal/loading/empty/error/denied/expired/success states,POST /v2/review-assignments/{assignmentId}/submit,"review.*, evidence.reviewer_ai_observations",Required before release,Product + module owner + control owner; DPO/Legal/Compliance where cited,Unassessed until implementation and verification evidence exists
FR-ER-14,Functional,Employer Reviewer,"Reviewers shall be able to disregard AI, stop AI assistance for the case and report a harmful or anomalous output.",Must,"Override, stop and incident tests",User validation rule 1; AI Act Art 14 and Art 26(2),EU AI Act Arts 13-15 and 26; GDPR Art 22 safeguards where applicable,CTRL-FR-ER-14,Review Workflow and Human Oversight,UI + API + service policy + database + audit event + automated acceptance test,G4 Meaningful human oversight,Specified; evidence not yet supplied,"Automated/manual evidence for Override, stop and incident tests",Role journey + normal/loading/empty/error/denied/expired/success states,POST /v2/review-assignments/{assignmentId}/ai-stop,"review.*, evidence.reviewer_ai_observations",Required before release,Product + module owner + control owner; DPO/Legal/Compliance where cited,Unassessed until implementation and verification evidence exists
FR-ER-15,Functional,Employer Reviewer,"Reviewers shall see the assessment intended purpose, limitations, accuracy statement and applicable human-oversight instructions.",Must,Instructions-of-use presentation test,User validation rule 1; AI Act Art 14 and Art 26(2),EU AI Act Arts 13-15 and 26; GDPR Art 22 safeguards where applicable,CTRL-FR-ER-15,Review Workflow and Human Oversight,UI + API + service policy + database + audit event + automated acceptance test,G4 Meaningful human oversight,Specified; evidence not yet supplied,Automated/manual evidence for Instructions-of-use presentation test,Role journey + normal/loading/empty/error/denied/expired/success states,Internal service/control or endpoint mapping to be refined during design,"review.*, evidence.reviewer_ai_observations",Required before release,Product + module owner + control owner; DPO/Legal/Compliance where cited,Unassessed until implementation and verification evidence exists
FR-ER-16,Functional,Employer Reviewer,"Reviewer notifications shall cover assignments, due dates, clarifications and adjudication without candidate data in insecure channels.",Must,Notification content and preference tests,User validation rule 1; AI Act Art 14 and Art 26(2),EU AI Act Arts 13-15 and 26; GDPR Art 22 safeguards where applicable,CTRL-FR-ER-16,Review Workflow and Human Oversight,UI + API + service policy + database + audit event + automated acceptance test,G4 Meaningful human oversight,Specified; evidence not yet supplied,Automated/manual evidence for Notification content and preference tests,Role journey + normal/loading/empty/error/denied/expired/success states,Internal service/control or endpoint mapping to be refined during design,"review.*, evidence.reviewer_ai_observations",Required before release,Product + module owner + control owner; DPO/Legal/Compliance where cited,Unassessed until implementation and verification evidence exists
FR-ER-17,Functional,Employer Reviewer,Reviewers shall access support and report accessibility or technical barriers without exposing unnecessary candidate evidence.,Must,Support and minimisation tests,User validation rule 1; AI Act Art 14 and Art 26(2),EU AI Act Arts 13-15 and 26; GDPR Art 22 safeguards where applicable,CTRL-FR-ER-17,Review Workflow and Human Oversight,UI + API + service policy + database + audit event + automated acceptance test,G4 Meaningful human oversight,Specified; evidence not yet supplied,Automated/manual evidence for Support and minimisation tests,Role journey + normal/loading/empty/error/denied/expired/success states,Internal service/control or endpoint mapping to be refined during design,"review.*, evidence.reviewer_ai_observations",Required before release,Product + module owner + control owner; DPO/Legal/Compliance where cited,Unassessed until implementation and verification evidence exists
FR-CA-01,Functional,Candidate,"Candidates shall recover from expired, revoked, already-used or invalid invitation links through a safe employer/support route.",Must,Invitation recovery and enumeration tests,"User validation rule 1; candidate transparency, accessibility and remedy baseline","EU AI Act Arts 13, 26(11), 50 and 86; GDPR Arts 12-22, 25 and 35; equality/accessibility law",CTRL-FR-CA-01,Candidate Experience and Rights,UI + API + service policy + database + audit event + automated acceptance test,G3 Candidate rights and transparency,Specified; evidence not yet supplied,Automated/manual evidence for Invitation recovery and enumeration tests,Role journey + normal/loading/empty/error/denied/expired/success states,POST /v2/candidate/invitations/exchange; GET /v2/candidate/invitation; POST /v2/candidate/invitation/recovery,"hiring.*, runtime.*, governance.*",Required before release,Product + module owner + control owner; DPO/Legal/Compliance where cited,Unassessed until implementation and verification evidence exists
FR-CA-02,Functional,Candidate,Candidates shall correct profile/contact data through a controller-routed process without changing immutable submitted evidence.,Must,Correction workflow and evidence integrity tests,"User validation rule 1; candidate transparency, accessibility and remedy baseline","EU AI Act Arts 13, 26(11), 50 and 86; GDPR Arts 12-22, 25 and 35; equality/accessibility law",CTRL-FR-CA-02,Candidate Experience and Rights,UI + API + service policy + database + audit event + automated acceptance test,G3 Candidate rights and transparency,Specified; evidence not yet supplied,Automated/manual evidence for Correction workflow and evidence integrity tests,Role journey + normal/loading/empty/error/denied/expired/success states,GET /v2/candidate/profile; POST /v2/candidate/profile/corrections,"hiring.*, runtime.*, governance.*",Required before release,Product + module owner + control owner; DPO/Legal/Compliance where cited,Unassessed until implementation and verification evidence exists
FR-CA-03,Functional,Candidate,"Candidates shall choose locale, timezone and accessibility preferences before notices and pre-checks.",Must,Preference order and accessible journey tests,"User validation rule 1; candidate transparency, accessibility and remedy baseline","EU AI Act Arts 13, 26(11), 50 and 86; GDPR Arts 12-22, 25 and 35; equality/accessibility law",CTRL-FR-CA-03,Candidate Experience and Rights,UI + API + service policy + database + audit event + automated acceptance test,G3 Candidate rights and transparency,Specified; evidence not yet supplied,Automated/manual evidence for Preference order and accessible journey tests,Role journey + normal/loading/empty/error/denied/expired/success states,Internal service/control or endpoint mapping to be refined during design,"hiring.*, runtime.*, governance.*",Required before release,Product + module owner + control owner; DPO/Legal/Compliance where cited,Unassessed until implementation and verification evidence exists
FR-CA-04,Functional,Candidate,Candidate acknowledgements shall record receipt/understanding of notices and shall not be presented as consent where consent is not the legal basis.,Must,Notice wording and lawful-basis tests,"User validation rule 1; candidate transparency, accessibility and remedy baseline","EU AI Act Arts 13, 26(11), 50 and 86; GDPR Arts 12-22, 25 and 35; equality/accessibility law",CTRL-FR-CA-04,Candidate Experience and Rights,UI + API + service policy + database + audit event + automated acceptance test,G3 Candidate rights and transparency,Specified; evidence not yet supplied,Automated/manual evidence for Notice wording and lawful-basis tests,Role journey + normal/loading/empty/error/denied/expired/success states,GET /v2/candidate/notices; POST /v2/candidate/notices/{noticeId}/acknowledgement,"hiring.*, runtime.*, governance.*",Required before release,Product + module owner + control owner; DPO/Legal/Compliance where cited,Unassessed until implementation and verification evidence exists
FR-CA-05,Functional,Candidate,"Candidates shall draft, submit, withdraw and track accommodation requests and receive a reasoned outcome and escalation route.",Must,Accommodation lifecycle tests,"User validation rule 1; candidate transparency, accessibility and remedy baseline","EU AI Act Arts 13, 26(11), 50 and 86; GDPR Arts 12-22, 25 and 35; equality/accessibility law",CTRL-FR-CA-05,Candidate Experience and Rights,UI + API + service policy + database + audit event + automated acceptance test,G3 Candidate rights and transparency,Specified; evidence not yet supplied,Automated/manual evidence for Accommodation lifecycle tests,Role journey + normal/loading/empty/error/denied/expired/success states,PUT /v2/accommodations/{accommodationId}/decision; GET /v2/candidate/accommodations; POST /v2/candidate/accommodations; PUT /v2/candidate/accommodations/{accommodationId},"hiring.*, runtime.*, governance.*",Required before release,Product + module owner + control owner; DPO/Legal/Compliance where cited,Unassessed until implementation and verification evidence exists
FR-CA-06,Functional,Candidate,Candidates should schedule or reschedule within approved windows and see all dates in both local timezone and explicit offset.,Should,Scheduling and timezone tests,"User validation rule 1; candidate transparency, accessibility and remedy baseline","EU AI Act Arts 13, 26(11), 50 and 86; GDPR Arts 12-22, 25 and 35; equality/accessibility law",CTRL-FR-CA-06,Candidate Experience and Rights,UI + API + service policy + database + audit event + automated acceptance test,G3 Candidate rights and transparency,Specified; evidence not yet supplied,Automated/manual evidence for Scheduling and timezone tests,Role journey + normal/loading/empty/error/denied/expired/success states,GET /v2/applications/{applicationId}/bookings; POST /v2/applications/{applicationId}/bookings; PUT /v2/bookings/{bookingId},"hiring.*, runtime.*, governance.*",Risk-based review,Product + module owner + control owner; DPO/Legal/Compliance where cited,Unassessed until implementation and verification evidence exists
FR-CA-07,Functional,Candidate,"Candidates shall access a non-scored practice environment for keyboard, autosave, upload, AI and permitted plugin interactions.",Must,Practice isolation and non-scoring tests,"User validation rule 1; candidate transparency, accessibility and remedy baseline","EU AI Act Arts 13, 26(11), 50 and 86; GDPR Arts 12-22, 25 and 35; equality/accessibility law",CTRL-FR-CA-07,Candidate Experience and Rights,UI + API + service policy + database + audit event + automated acceptance test,G3 Candidate rights and transparency,Specified; evidence not yet supplied,Automated/manual evidence for Practice isolation and non-scoring tests,Role journey + normal/loading/empty/error/denied/expired/success states,GET /v2/candidate/practice,"hiring.*, runtime.*, governance.*",Required before release,Product + module owner + control owner; DPO/Legal/Compliance where cited,Unassessed until implementation and verification evidence exists
FR-CA-08,Functional,Candidate,"Candidates shall rerun failed pre-checks, see remediation steps and request an alternative route without consuming an attempt.",Must,Pre-check retry and attempt-consumption tests,"User validation rule 1; candidate transparency, accessibility and remedy baseline","EU AI Act Arts 13, 26(11), 50 and 86; GDPR Arts 12-22, 25 and 35; equality/accessibility law",CTRL-FR-CA-08,Candidate Experience and Rights,UI + API + service policy + database + audit event + automated acceptance test,G3 Candidate rights and transparency,Specified; evidence not yet supplied,Automated/manual evidence for Pre-check retry and attempt-consumption tests,Role journey + normal/loading/empty/error/denied/expired/success states,POST /v2/attempts/{attemptId}/prechecks; GET /v2/attempts/{attemptId}/prechecks/latest,"hiring.*, runtime.*, governance.*",Required before release,Product + module owner + control owner; DPO/Legal/Compliance where cited,Unassessed until implementation and verification evidence exists
FR-CA-09,Functional,Candidate,"Proctor installation, permissions, update, session activation and uninstall guidance shall be explicit; the app shall remain inactive outside authorised sessions.",Must,Desktop lifecycle and permission tests,"User validation rule 1; candidate transparency, accessibility and remedy baseline","EU AI Act Arts 13, 26(11), 50 and 86; GDPR Arts 12-22, 25 and 35; equality/accessibility law",CTRL-FR-CA-09,Candidate Experience and Rights,UI + API + service policy + database + audit event + automated acceptance test,G3 Candidate rights and transparency,Specified; evidence not yet supplied,Automated/manual evidence for Desktop lifecycle and permission tests,Role journey + normal/loading/empty/error/denied/expired/success states,Internal service/control or endpoint mapping to be refined during design,"hiring.*, runtime.*, governance.*",Required before release,Product + module owner + control owner; DPO/Legal/Compliance where cited,Unassessed until implementation and verification evidence exists
FR-CA-10,Functional,Candidate,"The assessment runner shall provide section navigation, item flags, progress, time policy, save status and a submission checklist.",Must,Runner interaction and accessibility tests,"User validation rule 1; candidate transparency, accessibility and remedy baseline","EU AI Act Arts 13, 26(11), 50 and 86; GDPR Arts 12-22, 25 and 35; equality/accessibility law",CTRL-FR-CA-10,Candidate Experience and Rights,UI + API + service policy + database + audit event + automated acceptance test,G3 Candidate rights and transparency,Specified; evidence not yet supplied,Automated/manual evidence for Runner interaction and accessibility tests,Role journey + normal/loading/empty/error/denied/expired/success states,GET /v2/attempts/{attemptId}; PUT /v2/attempts/{attemptId}/item-flags/{itemId},"hiring.*, runtime.*, governance.*",Required before release,Product + module owner + control owner; DPO/Legal/Compliance where cited,Unassessed until implementation and verification evidence exists
FR-CA-11,Functional,Candidate,Candidates shall use approved breaks or request emergency interruption according to visible policy without silent score penalty.,Must,"Break, pause, timer and incident tests","User validation rule 1; candidate transparency, accessibility and remedy baseline","EU AI Act Arts 13, 26(11), 50 and 86; GDPR Arts 12-22, 25 and 35; equality/accessibility law",CTRL-FR-CA-11,Candidate Experience and Rights,UI + API + service policy + database + audit event + automated acceptance test,G3 Candidate rights and transparency,Specified; evidence not yet supplied,"Automated/manual evidence for Break, pause, timer and incident tests",Role journey + normal/loading/empty/error/denied/expired/success states,POST /v2/attempts/{attemptId}/breaks,"hiring.*, runtime.*, governance.*",Required before release,Product + module owner + control owner; DPO/Legal/Compliance where cited,Unassessed until implementation and verification evidence exists
FR-CA-12,Functional,Candidate,Candidates shall recover encrypted local drafts after interruption and resolve server conflicts without data loss.,Must,Offline/reconnect and conflict tests,"User validation rule 1; candidate transparency, accessibility and remedy baseline","EU AI Act Arts 13, 26(11), 50 and 86; GDPR Arts 12-22, 25 and 35; equality/accessibility law",CTRL-FR-CA-12,Candidate Experience and Rights,UI + API + service policy + database + audit event + automated acceptance test,G3 Candidate rights and transparency,Specified; evidence not yet supplied,Automated/manual evidence for Offline/reconnect and conflict tests,Role journey + normal/loading/empty/error/denied/expired/success states,PUT /v2/attempts/{attemptId}/responses/{itemId},"hiring.*, runtime.*, governance.*",Required before release,Product + module owner + control owner; DPO/Legal/Compliance where cited,Unassessed until implementation and verification evidence exists
FR-CA-13,Functional,Candidate,"Candidates shall reset a conversation context only where assessment policy permits, with the evidence ledger retaining the prior interaction.",Must,AI reset and evidence immutability tests,"User validation rule 1; candidate transparency, accessibility and remedy baseline","EU AI Act Arts 13, 26(11), 50 and 86; GDPR Arts 12-22, 25 and 35; equality/accessibility law",CTRL-FR-CA-13,Candidate Experience and Rights,UI + API + service policy + database + audit event + automated acceptance test,G3 Candidate rights and transparency,Specified; evidence not yet supplied,Automated/manual evidence for AI reset and evidence immutability tests,Role journey + normal/loading/empty/error/denied/expired/success states,POST /v2/attempts/{attemptId}/ai/reset,"hiring.*, runtime.*, governance.*",Required before release,Product + module owner + control owner; DPO/Legal/Compliance where cited,Unassessed until implementation and verification evidence exists
FR-CA-14,Functional,Candidate,"Candidates shall see AI/provider limitations, current availability, usage budget and retry state without raw vendor errors.",Must,AI status and safe-error tests,"User validation rule 1; candidate transparency, accessibility and remedy baseline","EU AI Act Arts 13, 26(11), 50 and 86; GDPR Arts 12-22, 25 and 35; equality/accessibility law",CTRL-FR-CA-14,Candidate Experience and Rights,UI + API + service policy + database + audit event + automated acceptance test,G3 Candidate rights and transparency,Specified; evidence not yet supplied,Automated/manual evidence for AI status and safe-error tests,Role journey + normal/loading/empty/error/denied/expired/success states,POST /v2/attempts/{attemptId}/ai/messages,"hiring.*, runtime.*, governance.*",Required before release,Product + module owner + control owner; DPO/Legal/Compliance where cited,Unassessed until implementation and verification evidence exists
FR-CA-15,Functional,Candidate,"Uploads shall show type/size validation, malware scan, progress, cancel, replace and failure recovery.",Must,Upload state and security tests,"User validation rule 1; candidate transparency, accessibility and remedy baseline","EU AI Act Arts 13, 26(11), 50 and 86; GDPR Arts 12-22, 25 and 35; equality/accessibility law",CTRL-FR-CA-15,Candidate Experience and Rights,UI + API + service policy + database + audit event + automated acceptance test,G3 Candidate rights and transparency,Specified; evidence not yet supplied,Automated/manual evidence for Upload state and security tests,Role journey + normal/loading/empty/error/denied/expired/success states,POST /v2/attempts/{attemptId}/artifacts; DELETE /v2/attempts/{attemptId}/artifacts/{artifactId},"hiring.*, runtime.*, governance.*",Required before release,Product + module owner + control owner; DPO/Legal/Compliance where cited,Unassessed until implementation and verification evidence exists
FR-CA-16,Functional,Candidate,"Plugin actions shall show scope, input preview where relevant, execution state, result and safe retry/cancel behaviour.",Must,Plugin UX and idempotency tests,"User validation rule 1; candidate transparency, accessibility and remedy baseline","EU AI Act Arts 13, 26(11), 50 and 86; GDPR Arts 12-22, 25 and 35; equality/accessibility law",CTRL-FR-CA-16,Candidate Experience and Rights,UI + API + service policy + database + audit event + automated acceptance test,G3 Candidate rights and transparency,Specified; evidence not yet supplied,Automated/manual evidence for Plugin UX and idempotency tests,Role journey + normal/loading/empty/error/denied/expired/success states,POST /v2/attempts/{attemptId}/plugins/{pluginCode}/execute,"hiring.*, runtime.*, governance.*",Required before release,Product + module owner + control owner; DPO/Legal/Compliance where cited,Unassessed until implementation and verification evidence exists
FR-CA-17,Functional,Candidate,"Candidates shall report technical or integrity context, attach allowed evidence and receive a case reference during the session.",Must,Incident creation and evidence tests,"User validation rule 1; candidate transparency, accessibility and remedy baseline","EU AI Act Arts 13, 26(11), 50 and 86; GDPR Arts 12-22, 25 and 35; equality/accessibility law",CTRL-FR-CA-17,Candidate Experience and Rights,UI + API + service policy + database + audit event + automated acceptance test,G3 Candidate rights and transparency,Specified; evidence not yet supplied,Automated/manual evidence for Incident creation and evidence tests,Role journey + normal/loading/empty/error/denied/expired/success states,POST /v2/attempts/{attemptId}/incidents,"hiring.*, runtime.*, governance.*",Required before release,Product + module owner + control owner; DPO/Legal/Compliance where cited,Unassessed until implementation and verification evidence exists
FR-CA-18,Functional,Candidate,"Final submission shall provide a reviewable manifest, irreversible-action confirmation, idempotent result and downloadable receipt.",Must,"Submission preview, idempotency and receipt tests","User validation rule 1; candidate transparency, accessibility and remedy baseline","EU AI Act Arts 13, 26(11), 50 and 86; GDPR Arts 12-22, 25 and 35; equality/accessibility law",CTRL-FR-CA-18,Candidate Experience and Rights,UI + API + service policy + database + audit event + automated acceptance test,G3 Candidate rights and transparency,Specified; evidence not yet supplied,"Automated/manual evidence for Submission preview, idempotency and receipt tests",Role journey + normal/loading/empty/error/denied/expired/success states,GET /v2/attempts/{attemptId}/submission-preview; POST /v2/attempts/{attemptId}/submit,"hiring.*, runtime.*, governance.*",Required before release,Product + module owner + control owner; DPO/Legal/Compliance where cited,Unassessed until implementation and verification evidence exists
FR-CA-19,Functional,Candidate,Candidates shall be able to withdraw from the process and receive clear consequences for retained evidence and employer status.,Must,Withdrawal and retention-notice tests,"User validation rule 1; candidate transparency, accessibility and remedy baseline","EU AI Act Arts 13, 26(11), 50 and 86; GDPR Arts 12-22, 25 and 35; equality/accessibility law",CTRL-FR-CA-19,Candidate Experience and Rights,UI + API + service policy + database + audit event + automated acceptance test,G3 Candidate rights and transparency,Specified; evidence not yet supplied,Automated/manual evidence for Withdrawal and retention-notice tests,Role journey + normal/loading/empty/error/denied/expired/success states,POST /v2/candidate/applications/{applicationId}/withdrawal,"hiring.*, runtime.*, governance.*",Required before release,Product + module owner + control owner; DPO/Legal/Compliance where cited,Unassessed until implementation and verification evidence exists
FR-CA-20,Functional,Candidate,Candidates shall view permitted application status and communications history without seeing confidential reviewer material.,Must,Status visibility and confidentiality tests,"User validation rule 1; candidate transparency, accessibility and remedy baseline","EU AI Act Arts 13, 26(11), 50 and 86; GDPR Arts 12-22, 25 and 35; equality/accessibility law",CTRL-FR-CA-20,Candidate Experience and Rights,UI + API + service policy + database + audit event + automated acceptance test,G3 Candidate rights and transparency,Specified; evidence not yet supplied,Automated/manual evidence for Status visibility and confidentiality tests,Role journey + normal/loading/empty/error/denied/expired/success states,GET /v2/candidate/applications/{applicationId}/status,"hiring.*, runtime.*, governance.*",Required before release,Product + module owner + control owner; DPO/Legal/Compliance where cited,Unassessed until implementation and verification evidence exists
FR-CA-21,Functional,Candidate,"Candidates shall request a clear explanation of AI use, principal factors, human review and the issued decision when legally applicable.",Must,Explanation request and content tests,"User validation rule 1; candidate transparency, accessibility and remedy baseline","EU AI Act Arts 13, 26(11), 50 and 86; GDPR Arts 12-22, 25 and 35; equality/accessibility law",CTRL-FR-CA-21,Candidate Experience and Rights,UI + API + service policy + database + audit event + automated acceptance test,G3 Candidate rights and transparency,Specified; evidence not yet supplied,Automated/manual evidence for Explanation request and content tests,Role journey + normal/loading/empty/error/denied/expired/success states,POST /v2/candidate/applications/{applicationId}/explanations,"hiring.*, runtime.*, governance.*",Required before release,Product + module owner + control owner; DPO/Legal/Compliance where cited,Unassessed until implementation and verification evidence exists
FR-CA-22,Functional,Candidate,"Candidates shall request human review, contest inaccurate data or integrity evidence, express their view and receive a reasoned remedy outcome.",Must,Contestability and human intervention tests,"User validation rule 1; candidate transparency, accessibility and remedy baseline","EU AI Act Arts 13, 26(11), 50 and 86; GDPR Arts 12-22, 25 and 35; equality/accessibility law",CTRL-FR-CA-22,Candidate Experience and Rights,UI + API + service policy + database + audit event + automated acceptance test,G3 Candidate rights and transparency,Specified; evidence not yet supplied,Automated/manual evidence for Contestability and human intervention tests,Role journey + normal/loading/empty/error/denied/expired/success states,POST /v2/candidate/applications/{applicationId}/human-review,"hiring.*, runtime.*, governance.*",Required before release,Product + module owner + control owner; DPO/Legal/Compliance where cited,Unassessed until implementation and verification evidence exists
FR-CA-23,Functional,Candidate,"Candidates shall submit GDPR rights requests and complaints, verify identity proportionately and track statutory/controller deadlines.",Must,Rights and complaint workflow tests,"User validation rule 1; candidate transparency, accessibility and remedy baseline","EU AI Act Arts 13, 26(11), 50 and 86; GDPR Arts 12-22, 25 and 35; equality/accessibility law",CTRL-FR-CA-23,Candidate Experience and Rights,UI + API + service policy + database + audit event + automated acceptance test,G3 Candidate rights and transparency,Specified; evidence not yet supplied,Automated/manual evidence for Rights and complaint workflow tests,Role journey + normal/loading/empty/error/denied/expired/success states,POST /v2/candidate/data-rights/requests; GET /v2/candidate/data-rights/requests; POST /v2/candidate/complaints,"hiring.*, runtime.*, governance.*",Required before release,Product + module owner + control owner; DPO/Legal/Compliance where cited,Unassessed until implementation and verification evidence exists
FR-CA-24,Functional,Candidate,"Candidates shall access a human support route throughout high-impact steps, including an accessible non-digital alternative where required.",Must,Support availability and accessibility tests,"User validation rule 1; candidate transparency, accessibility and remedy baseline","EU AI Act Arts 13, 26(11), 50 and 86; GDPR Arts 12-22, 25 and 35; equality/accessibility law",CTRL-FR-CA-24,Candidate Experience and Rights,UI + API + service policy + database + audit event + automated acceptance test,G3 Candidate rights and transparency,Specified; evidence not yet supplied,Automated/manual evidence for Support availability and accessibility tests,Role journey + normal/loading/empty/error/denied/expired/success states,Internal service/control or endpoint mapping to be refined during design,"hiring.*, runtime.*, governance.*",Required before release,Product + module owner + control owner; DPO/Legal/Compliance where cited,Unassessed until implementation and verification evidence exists
FR-GOV-01,Functional,"Compliance, DPO, CPF Super Admin",The platform shall maintain a versioned intended-purpose and foreseeable-misuse statement for each CPF AI system and material configuration.,Must,Intended-purpose completeness and version tests,EU AI Act consolidated 27 July 2026; Annex III 4(a); GDPR,"EU AI Act Arts 4-21, 25-26, 43, 47-50, 71-73 and 85-86; Annexes III, IV and VI; GDPR",CTRL-FR-GOV-01,"AI Governance, QMS and Conformity",UI + API + service policy + database + audit event + automated acceptance test,G7 Formal high-risk AI compliance,Specified; evidence not yet supplied,Automated/manual evidence for Intended-purpose completeness and version tests,Role journey + normal/loading/empty/error/denied/expired/success states,POST /v2/assessments/{assessmentId}/versions; GET /v2/governance/ai-systems; POST /v2/governance/ai-systems,"governance.*, audit.*",Required before release,Product + module owner + control owner; DPO/Legal/Compliance where cited,Unassessed until implementation and verification evidence exists
FR-GOV-02,Functional,"Compliance, DPO, CPF Super Admin",CPF shall maintain a signed AI Act classification record treating candidate evaluation as Annex III 4(a) high-risk unless qualified legal review documents a different scoped use.,Must,Classification record and legal-signoff gate,EU AI Act consolidated 27 July 2026; Annex III 4(a); GDPR,"EU AI Act Arts 4-21, 25-26, 43, 47-50, 71-73 and 85-86; Annexes III, IV and VI; GDPR",CTRL-FR-GOV-02,"AI Governance, QMS and Conformity",UI + API + service policy + database + audit event + automated acceptance test,G7 Formal high-risk AI compliance,Specified; evidence not yet supplied,Automated/manual evidence for Classification record and legal-signoff gate,Role journey + normal/loading/empty/error/denied/expired/success states,POST /v2/governance/ai-systems/{systemId}/classifications,"governance.*, audit.*",Required before release,Product + module owner + control owner; DPO/Legal/Compliance where cited,Unassessed until implementation and verification evidence exists
FR-GOV-03,Functional,"Compliance, DPO, CPF Super Admin","Every release shall run and retain an Article 5 prohibited-practices assessment, including workplace emotion inference and sensitive biometric categorisation.",Must,Prohibited-practice control and negative capability tests,EU AI Act consolidated 27 July 2026; Annex III 4(a); GDPR,"EU AI Act Arts 4-21, 25-26, 43, 47-50, 71-73 and 85-86; Annexes III, IV and VI; GDPR",CTRL-FR-GOV-03,"AI Governance, QMS and Conformity",UI + API + service policy + database + audit event + automated acceptance test,G7 Formal high-risk AI compliance,Specified; evidence not yet supplied,Automated/manual evidence for Prohibited-practice control and negative capability tests,Role journey + normal/loading/empty/error/denied/expired/success states,POST /v2/governance/ai-systems/{systemId}/classifications,"governance.*, audit.*",Required before release,Product + module owner + control owner; DPO/Legal/Compliance where cited,Unassessed until implementation and verification evidence exists
FR-GOV-04,Functional,"Compliance, DPO, CPF Super Admin","A continuous lifecycle risk-management system shall identify, analyse, evaluate, mitigate, test and monitor reasonably foreseeable risks and misuse.",Must,AI risk register and risk-control effectiveness review,EU AI Act consolidated 27 July 2026; Annex III 4(a); GDPR,"EU AI Act Arts 4-21, 25-26, 43, 47-50, 71-73 and 85-86; Annexes III, IV and VI; GDPR",CTRL-FR-GOV-04,"AI Governance, QMS and Conformity",UI + API + service policy + database + audit event + automated acceptance test,G7 Formal high-risk AI compliance,Specified; evidence not yet supplied,Automated/manual evidence for AI risk register and risk-control effectiveness review,Role journey + normal/loading/empty/error/denied/expired/success states,POST /v2/assessment-versions/{versionId}/validations; GET /v2/governance/risk-controls; POST /v2/governance/risk-controls,"governance.*, audit.*",Required before release,Product + module owner + control owner; DPO/Legal/Compliance where cited,Unassessed until implementation and verification evidence exists
FR-GOV-05,Functional,"Compliance, DPO, CPF Super Admin","Training, validation and test data used by CPF shall have provenance, purpose, representativeness, quality, bias, gap and governance records.",Must,Dataset registry and lineage tests,EU AI Act consolidated 27 July 2026; Annex III 4(a); GDPR,"EU AI Act Arts 4-21, 25-26, 43, 47-50, 71-73 and 85-86; Annexes III, IV and VI; GDPR",CTRL-FR-GOV-05,"AI Governance, QMS and Conformity",UI + API + service policy + database + audit event + automated acceptance test,G7 Formal high-risk AI compliance,Specified; evidence not yet supplied,Automated/manual evidence for Dataset registry and lineage tests,Role journey + normal/loading/empty/error/denied/expired/success states,GET /v2/governance/datasets; POST /v2/governance/datasets,"governance.*, audit.*",Required before release,Product + module owner + control owner; DPO/Legal/Compliance where cited,Unassessed until implementation and verification evidence exists
FR-GOV-06,Functional,"Compliance, DPO, CPF Super Admin","Technical documentation shall be versioned before release, kept current and cover Annex IV content and requirement-to-evidence traceability.",Must,Technical-document completeness gate,EU AI Act consolidated 27 July 2026; Annex III 4(a); GDPR,"EU AI Act Arts 4-21, 25-26, 43, 47-50, 71-73 and 85-86; Annexes III, IV and VI; GDPR",CTRL-FR-GOV-06,"AI Governance, QMS and Conformity",UI + API + service policy + database + audit event + automated acceptance test,G7 Formal high-risk AI compliance,Specified; evidence not yet supplied,Automated/manual evidence for Technical-document completeness gate,Role journey + normal/loading/empty/error/denied/expired/success states,GET /v2/governance/technical-documents; POST /v2/governance/technical-documents,"governance.*, audit.*",Required before release,Product + module owner + control owner; DPO/Legal/Compliance where cited,Unassessed until implementation and verification evidence exists
FR-GOV-07,Functional,"Compliance, DPO, CPF Super Admin","The AI system shall automatically generate protected logs sufficient for traceability, monitoring and incident investigation without storing hidden reasoning.",Must,"Log completeness, integrity and minimisation tests",EU AI Act consolidated 27 July 2026; Annex III 4(a); GDPR,"EU AI Act Arts 4-21, 25-26, 43, 47-50, 71-73 and 85-86; Annexes III, IV and VI; GDPR",CTRL-FR-GOV-07,"AI Governance, QMS and Conformity",UI + API + service policy + database + audit event + automated acceptance test,G7 Formal high-risk AI compliance,Specified; evidence not yet supplied,"Automated/manual evidence for Log completeness, integrity and minimisation tests",Role journey + normal/loading/empty/error/denied/expired/success states,Internal service/control or endpoint mapping to be refined during design,"governance.*, audit.*",Required before release,Product + module owner + control owner; DPO/Legal/Compliance where cited,Unassessed until implementation and verification evidence exists
FR-GOV-08,Functional,"Compliance, DPO, CPF Super Admin","CPF shall publish deployer instructions covering intended purpose, limitations, accuracy metrics, input requirements, oversight, monitoring, maintenance and incidents.",Must,Instructions-of-use acceptance review,EU AI Act consolidated 27 July 2026; Annex III 4(a); GDPR,"EU AI Act Arts 4-21, 25-26, 43, 47-50, 71-73 and 85-86; Annexes III, IV and VI; GDPR",CTRL-FR-GOV-08,"AI Governance, QMS and Conformity",UI + API + service policy + database + audit event + automated acceptance test,G7 Formal high-risk AI compliance,Specified; evidence not yet supplied,Automated/manual evidence for Instructions-of-use acceptance review,Role journey + normal/loading/empty/error/denied/expired/success states,GET /v2/governance/deployer-instructions/{systemId}; POST /v2/governance/deployer-instructions,"governance.*, audit.*",Required before release,Product + module owner + control owner; DPO/Legal/Compliance where cited,Unassessed until implementation and verification evidence exists
FR-GOV-09,Functional,"Compliance, DPO, CPF Super Admin","Human-oversight controls shall enable competent reviewers to understand, monitor, interpret, disregard, override, reverse, stop and escalate AI use.",Must,Observed oversight usability and authority test,EU AI Act consolidated 27 July 2026; Annex III 4(a); GDPR,"EU AI Act Arts 4-21, 25-26, 43, 47-50, 71-73 and 85-86; Annexes III, IV and VI; GDPR",CTRL-FR-GOV-09,"AI Governance, QMS and Conformity",UI + API + service policy + database + audit event + automated acceptance test,G7 Formal high-risk AI compliance,Specified; evidence not yet supplied,Automated/manual evidence for Observed oversight usability and authority test,Role journey + normal/loading/empty/error/denied/expired/success states,Internal service/control or endpoint mapping to be refined during design,"governance.*, audit.*",Required before release,Product + module owner + control owner; DPO/Legal/Compliance where cited,Unassessed until implementation and verification evidence exists
FR-GOV-10,Functional,"Compliance, DPO, CPF Super Admin","CPF shall declare task-specific accuracy, robustness and cybersecurity metrics and thresholds by model/system version and affected use case.",Must,Metric declaration and evaluation evidence test,EU AI Act consolidated 27 July 2026; Annex III 4(a); GDPR,"EU AI Act Arts 4-21, 25-26, 43, 47-50, 71-73 and 85-86; Annexes III, IV and VI; GDPR",CTRL-FR-GOV-10,"AI Governance, QMS and Conformity",UI + API + service policy + database + audit event + automated acceptance test,G7 Formal high-risk AI compliance,Specified; evidence not yet supplied,Automated/manual evidence for Metric declaration and evaluation evidence test,Role journey + normal/loading/empty/error/denied/expired/success states,POST /v2/ai-models/{modelId}/evaluations; POST /v2/ai-models/{modelId}/activate,"governance.*, audit.*",Required before release,Product + module owner + control owner; DPO/Legal/Compliance where cited,Unassessed until implementation and verification evidence exists
FR-GOV-11,Functional,"Compliance, DPO, CPF Super Admin","CPF shall operate a documented quality management system covering strategy, design, testing, data, risk, changes, incidents, suppliers, records and accountability.",Must,QMS internal audit,EU AI Act consolidated 27 July 2026; Annex III 4(a); GDPR,"EU AI Act Arts 4-21, 25-26, 43, 47-50, 71-73 and 85-86; Annexes III, IV and VI; GDPR",CTRL-FR-GOV-11,"AI Governance, QMS and Conformity",UI + API + service policy + database + audit event + automated acceptance test,G7 Formal high-risk AI compliance,Specified; evidence not yet supplied,Automated/manual evidence for QMS internal audit,Role journey + normal/loading/empty/error/denied/expired/success states,POST /v2/assessment-versions/{versionId}/activate; GET /v2/governance/qms-documents; POST /v2/governance/qms-documents,"governance.*, audit.*",Required before release,Product + module owner + control owner; DPO/Legal/Compliance where cited,Unassessed until implementation and verification evidence exists
FR-GOV-12,Functional,"Compliance, DPO, CPF Super Admin","Provider documentation, logs and conformity evidence shall be retained for the legally required period and protected against unauthorised change.",Must,Retention and integrity test,EU AI Act consolidated 27 July 2026; Annex III 4(a); GDPR,"EU AI Act Arts 4-21, 25-26, 43, 47-50, 71-73 and 85-86; Annexes III, IV and VI; GDPR",CTRL-FR-GOV-12,"AI Governance, QMS and Conformity",UI + API + service policy + database + audit event + automated acceptance test,G7 Formal high-risk AI compliance,Specified; evidence not yet supplied,Automated/manual evidence for Retention and integrity test,Role journey + normal/loading/empty/error/denied/expired/success states,Internal service/control or endpoint mapping to be refined during design,"governance.*, audit.*",Required before release,Product + module owner + control owner; DPO/Legal/Compliance where cited,Unassessed until implementation and verification evidence exists
FR-GOV-13,Functional,"Compliance, DPO, CPF Super Admin",Each Annex III release shall complete the applicable internal-control conformity assessment before market placement or service use.,Must,Conformity checklist and approval gate,EU AI Act consolidated 27 July 2026; Annex III 4(a); GDPR,"EU AI Act Arts 4-21, 25-26, 43, 47-50, 71-73 and 85-86; Annexes III, IV and VI; GDPR",CTRL-FR-GOV-13,"AI Governance, QMS and Conformity",UI + API + service policy + database + audit event + automated acceptance test,G7 Formal high-risk AI compliance,Specified; evidence not yet supplied,Automated/manual evidence for Conformity checklist and approval gate,Role journey + normal/loading/empty/error/denied/expired/success states,POST /v2/governance/conformity-assessments; POST /v2/governance/conformity-assessments/{assessmentId}/approve,"governance.*, audit.*",Required before release,Product + module owner + control owner; DPO/Legal/Compliance where cited,Unassessed until implementation and verification evidence exists
FR-GOV-14,Functional,"Compliance, DPO, CPF Super Admin",CPF shall generate and retain an EU declaration of conformity only after the conformity decision is approved.,Must,Declaration generation and approval tests,EU AI Act consolidated 27 July 2026; Annex III 4(a); GDPR,"EU AI Act Arts 4-21, 25-26, 43, 47-50, 71-73 and 85-86; Annexes III, IV and VI; GDPR",CTRL-FR-GOV-14,"AI Governance, QMS and Conformity",UI + API + service policy + database + audit event + automated acceptance test,G7 Formal high-risk AI compliance,Specified; evidence not yet supplied,Automated/manual evidence for Declaration generation and approval tests,Role journey + normal/loading/empty/error/denied/expired/success states,POST /v2/governance/eu-declarations,"governance.*, audit.*",Required before release,Product + module owner + control owner; DPO/Legal/Compliance where cited,Unassessed until implementation and verification evidence exists
FR-GOV-15,Functional,"Compliance, DPO, CPF Super Admin",CPF shall manage CE-marking evidence and prevent display of a conformity mark before the required assessment and declaration are complete.,Must,CE gating and marketing negative tests,EU AI Act consolidated 27 July 2026; Annex III 4(a); GDPR,"EU AI Act Arts 4-21, 25-26, 43, 47-50, 71-73 and 85-86; Annexes III, IV and VI; GDPR",CTRL-FR-GOV-15,"AI Governance, QMS and Conformity",UI + API + service policy + database + audit event + automated acceptance test,G7 Formal high-risk AI compliance,Specified; evidence not yet supplied,Automated/manual evidence for CE gating and marketing negative tests,Role journey + normal/loading/empty/error/denied/expired/success states,POST /v2/governance/ce-marking,"governance.*, audit.*",Required before release,Product + module owner + control owner; DPO/Legal/Compliance where cited,Unassessed until implementation and verification evidence exists
FR-GOV-16,Functional,"Compliance, DPO, CPF Super Admin",CPF shall maintain EU database registration data and evidence for each in-scope high-risk system before required market placement.,Must,Registration completeness and release gate,EU AI Act consolidated 27 July 2026; Annex III 4(a); GDPR,"EU AI Act Arts 4-21, 25-26, 43, 47-50, 71-73 and 85-86; Annexes III, IV and VI; GDPR",CTRL-FR-GOV-16,"AI Governance, QMS and Conformity",UI + API + service policy + database + audit event + automated acceptance test,G7 Formal high-risk AI compliance,Specified; evidence not yet supplied,Automated/manual evidence for Registration completeness and release gate,Role journey + normal/loading/empty/error/denied/expired/success states,POST /v2/governance/eu-registrations,"governance.*, audit.*",Required before release,Product + module owner + control owner; DPO/Legal/Compliance where cited,Unassessed until implementation and verification evidence exists
FR-GOV-17,Functional,"Compliance, DPO, CPF Super Admin","CPF shall operate a versioned post-market monitoring plan using real-world quality, override, complaint, subgroup, incident and drift signals.",Must,Post-market plan and signal-ingestion tests,EU AI Act consolidated 27 July 2026; Annex III 4(a); GDPR,"EU AI Act Arts 4-21, 25-26, 43, 47-50, 71-73 and 85-86; Annexes III, IV and VI; GDPR",CTRL-FR-GOV-17,"AI Governance, QMS and Conformity",UI + API + service policy + database + audit event + automated acceptance test,G7 Formal high-risk AI compliance,Specified; evidence not yet supplied,Automated/manual evidence for Post-market plan and signal-ingestion tests,Role journey + normal/loading/empty/error/denied/expired/success states,GET /v2/governance/post-market-plans; POST /v2/governance/post-market-plans; GET /v2/governance/post-market-signals; POST /v2/governance/post-market-signals,"governance.*, audit.*",Required before release,Product + module owner + control owner; DPO/Legal/Compliance where cited,Unassessed until implementation and verification evidence exists
FR-GOV-18,Functional,"Compliance, DPO, CPF Super Admin","Serious incidents shall be triaged, preserved, reported and communicated within applicable deadlines with provider/deployer responsibilities recorded.",Must,Serious-incident simulation and timeline test,EU AI Act consolidated 27 July 2026; Annex III 4(a); GDPR,"EU AI Act Arts 4-21, 25-26, 43, 47-50, 71-73 and 85-86; Annexes III, IV and VI; GDPR",CTRL-FR-GOV-18,"AI Governance, QMS and Conformity",UI + API + service policy + database + audit event + automated acceptance test,G7 Formal high-risk AI compliance,Specified; evidence not yet supplied,Automated/manual evidence for Serious-incident simulation and timeline test,Role journey + normal/loading/empty/error/denied/expired/success states,POST /v2/governance/serious-incidents; PUT /v2/governance/serious-incidents/{incidentId},"governance.*, audit.*",Required before release,Product + module owner + control owner; DPO/Legal/Compliance where cited,Unassessed until implementation and verification evidence exists
FR-GOV-19,Functional,"Compliance, DPO, CPF Super Admin","Risk, non-conformity and defect findings shall trigger containment, suspension, corrective action, effectiveness verification and authority/customer notification as applicable.",Must,Corrective-action and suspension exercise,EU AI Act consolidated 27 July 2026; Annex III 4(a); GDPR,"EU AI Act Arts 4-21, 25-26, 43, 47-50, 71-73 and 85-86; Annexes III, IV and VI; GDPR",CTRL-FR-GOV-19,"AI Governance, QMS and Conformity",UI + API + service policy + database + audit event + automated acceptance test,G7 Formal high-risk AI compliance,Specified; evidence not yet supplied,Automated/manual evidence for Corrective-action and suspension exercise,Role journey + normal/loading/empty/error/denied/expired/success states,Internal service/control or endpoint mapping to be refined during design,"governance.*, audit.*",Required before release,Product + module owner + control owner; DPO/Legal/Compliance where cited,Unassessed until implementation and verification evidence exists
FR-GOV-20,Functional,"Compliance, DPO, CPF Super Admin","CPF shall support competent-authority requests through a controlled evidence export, legal review and immutable access log.",Must,Authority cooperation exercise,EU AI Act consolidated 27 July 2026; Annex III 4(a); GDPR,"EU AI Act Arts 4-21, 25-26, 43, 47-50, 71-73 and 85-86; Annexes III, IV and VI; GDPR",CTRL-FR-GOV-20,"AI Governance, QMS and Conformity",UI + API + service policy + database + audit event + automated acceptance test,G7 Formal high-risk AI compliance,Specified; evidence not yet supplied,Automated/manual evidence for Authority cooperation exercise,Role journey + normal/loading/empty/error/denied/expired/success states,Internal service/control or endpoint mapping to be refined during design,"governance.*, audit.*",Required before release,Product + module owner + control owner; DPO/Legal/Compliance where cited,Unassessed until implementation and verification evidence exists
FR-GOV-21,Functional,"Compliance, DPO, CPF Super Admin","Material changes shall be classified for substantial-modification risk and require re-evaluation, documentation, conformity and registration updates as applicable.",Must,Change-control and materiality tests,EU AI Act consolidated 27 July 2026; Annex III 4(a); GDPR,"EU AI Act Arts 4-21, 25-26, 43, 47-50, 71-73 and 85-86; Annexes III, IV and VI; GDPR",CTRL-FR-GOV-21,"AI Governance, QMS and Conformity",UI + API + service policy + database + audit event + automated acceptance test,G7 Formal high-risk AI compliance,Specified; evidence not yet supplied,Automated/manual evidence for Change-control and materiality tests,Role journey + normal/loading/empty/error/denied/expired/success states,POST /v2/prompt-versions; POST /v2/prompt-versions/{promptId}/activate; POST /v2/governance/change-requests; PUT /v2/governance/change-requests/{changeId}/decision,"governance.*, audit.*",Required before release,Product + module owner + control owner; DPO/Legal/Compliance where cited,Unassessed until implementation and verification evidence exists
FR-GOV-22,Functional,"Compliance, DPO, CPF Super Admin","CPF shall maintain vendor/model evidence covering role, data terms, retention, training use, subprocessors, security, limitations, changes, incidents and exit.",Must,Vendor due-diligence gate,EU AI Act consolidated 27 July 2026; Annex III 4(a); GDPR,"EU AI Act Arts 4-21, 25-26, 43, 47-50, 71-73 and 85-86; Annexes III, IV and VI; GDPR",CTRL-FR-GOV-22,"AI Governance, QMS and Conformity",UI + API + service policy + database + audit event + automated acceptance test,G7 Formal high-risk AI compliance,Specified; evidence not yet supplied,Automated/manual evidence for Vendor due-diligence gate,Role journey + normal/loading/empty/error/denied/expired/success states,GET /v2/ai-models; POST /v2/ai-models; POST /v2/plugins; GET /v2/governance/vendor-evidence; POST /v2/governance/vendor-evidence,"governance.*, audit.*",Required before release,Product + module owner + control owner; DPO/Legal/Compliance where cited,Unassessed until implementation and verification evidence exists
FR-GOV-23,Functional,"Compliance, DPO, CPF Super Admin","CPF and each deployer shall record role-based AI literacy training, competence assessment, expiry and remediation for staff dealing with the system.",Must,AI literacy coverage and expiry tests,EU AI Act consolidated 27 July 2026; Annex III 4(a); GDPR,"EU AI Act Arts 4-21, 25-26, 43, 47-50, 71-73 and 85-86; Annexes III, IV and VI; GDPR",CTRL-FR-GOV-23,"AI Governance, QMS and Conformity",UI + API + service policy + database + audit event + automated acceptance test,G7 Formal high-risk AI compliance,Specified; evidence not yet supplied,Automated/manual evidence for AI literacy coverage and expiry tests,Role journey + normal/loading/empty/error/denied/expired/success states,GET /v2/reviewer/training; GET /v2/governance/ai-literacy; POST /v2/governance/ai-literacy; PUT /v2/organization/deployer-readiness,"governance.*, audit.*",Required before release,Product + module owner + control owner; DPO/Legal/Compliance where cited,Unassessed until implementation and verification evidence exists
FR-GOV-24,Functional,"Compliance, DPO, CPF Super Admin",Article 50 interaction disclosures shall be shown before or at first AI interaction and remain accessible and versioned.,Must,AI disclosure timing and accessibility tests,EU AI Act consolidated 27 July 2026; Annex III 4(a); GDPR,"EU AI Act Arts 4-21, 25-26, 43, 47-50, 71-73 and 85-86; Annexes III, IV and VI; GDPR",CTRL-FR-GOV-24,"AI Governance, QMS and Conformity",UI + API + service policy + database + audit event + automated acceptance test,G7 Formal high-risk AI compliance,Specified; evidence not yet supplied,Automated/manual evidence for AI disclosure timing and accessibility tests,Role journey + normal/loading/empty/error/denied/expired/success states,Internal service/control or endpoint mapping to be refined during design,"governance.*, audit.*",Required before release,Product + module owner + control owner; DPO/Legal/Compliance where cited,Unassessed until implementation and verification evidence exists
FR-GOV-25,Functional,"Compliance, DPO, CPF Super Admin","CPF shall maintain a purpose-level Data Use Register, ROPA linkage, lawful-basis owner, retention, transfers and rights mapping.",Must,Data-use register completeness test,EU AI Act consolidated 27 July 2026; Annex III 4(a); GDPR,"EU AI Act Arts 4-21, 25-26, 43, 47-50, 71-73 and 85-86; Annexes III, IV and VI; GDPR",CTRL-FR-GOV-25,"AI Governance, QMS and Conformity",UI + API + service policy + database + audit event + automated acceptance test,G7 Formal high-risk AI compliance,Specified; evidence not yet supplied,Automated/manual evidence for Data-use register completeness test,Role journey + normal/loading/empty/error/denied/expired/success states,GET /v2/governance/data-use-register; POST /v2/governance/data-use-register,"governance.*, audit.*",Required before release,Product + module owner + control owner; DPO/Legal/Compliance where cited,Unassessed until implementation and verification evidence exists
FR-GOV-26,Functional,"Compliance, DPO, CPF Super Admin",DPIA status shall gate pilot/production where processing is likely high risk; unresolved high residual risk shall block release or trigger prior consultation.,Must,DPIA gate and residual-risk tests,EU AI Act consolidated 27 July 2026; Annex III 4(a); GDPR,"EU AI Act Arts 4-21, 25-26, 43, 47-50, 71-73 and 85-86; Annexes III, IV and VI; GDPR",CTRL-FR-GOV-26,"AI Governance, QMS and Conformity",UI + API + service policy + database + audit event + automated acceptance test,G7 Formal high-risk AI compliance,Specified; evidence not yet supplied,Automated/manual evidence for DPIA gate and residual-risk tests,Role journey + normal/loading/empty/error/denied/expired/success states,GET /v2/governance/impact-assessments; POST /v2/governance/impact-assessments,"governance.*, audit.*",Required before release,Product + module owner + control owner; DPO/Legal/Compliance where cited,Unassessed until implementation and verification evidence exists
FR-GOV-27,Functional,"Compliance, DPO, CPF Super Admin","The platform shall support, but not automatically claim, a deployer FRIA where required or voluntarily performed, keeping it distinct from the DPIA.",Must,FRIA/DPIA separation test,EU AI Act consolidated 27 July 2026; Annex III 4(a); GDPR,"EU AI Act Arts 4-21, 25-26, 43, 47-50, 71-73 and 85-86; Annexes III, IV and VI; GDPR",CTRL-FR-GOV-27,"AI Governance, QMS and Conformity",UI + API + service policy + database + audit event + automated acceptance test,G7 Formal high-risk AI compliance,Specified; evidence not yet supplied,Automated/manual evidence for FRIA/DPIA separation test,Role journey + normal/loading/empty/error/denied/expired/success states,GET /v2/governance/impact-assessments; POST /v2/governance/impact-assessments,"governance.*, audit.*",Required before release,Product + module owner + control owner; DPO/Legal/Compliance where cited,Unassessed until implementation and verification evidence exists
FR-GOV-28,Functional,"Compliance, DPO, CPF Super Admin","Bias and equality evaluations shall define affected groups, lawful data access, metrics, error costs, intersectional analysis, thresholds and remediation.",Must,Fairness evaluation protocol review,EU AI Act consolidated 27 July 2026; Annex III 4(a); GDPR,"EU AI Act Arts 4-21, 25-26, 43, 47-50, 71-73 and 85-86; Annexes III, IV and VI; GDPR",CTRL-FR-GOV-28,"AI Governance, QMS and Conformity",UI + API + service policy + database + audit event + automated acceptance test,G7 Formal high-risk AI compliance,Specified; evidence not yet supplied,Automated/manual evidence for Fairness evaluation protocol review,Role journey + normal/loading/empty/error/denied/expired/success states,POST /v2/ai-models/{modelId}/evaluations,"governance.*, audit.*",Required before release,Product + module owner + control owner; DPO/Legal/Compliance where cited,Unassessed until implementation and verification evidence exists
FR-GOV-29,Functional,"Compliance, DPO, CPF Super Admin","Protected-characteristic data used for lawful bias monitoring shall be segregated, pseudonymised, access-restricted, short-retained and excluded from individual decisions.",Must,Fairness data isolation and deletion tests,EU AI Act consolidated 27 July 2026; Annex III 4(a); GDPR,"EU AI Act Arts 4-21, 25-26, 43, 47-50, 71-73 and 85-86; Annexes III, IV and VI; GDPR",CTRL-FR-GOV-29,"AI Governance, QMS and Conformity",UI + API + service policy + database + audit event + automated acceptance test,G7 Formal high-risk AI compliance,Specified; evidence not yet supplied,Automated/manual evidence for Fairness data isolation and deletion tests,Role journey + normal/loading/empty/error/denied/expired/success states,Internal service/control or endpoint mapping to be refined during design,"governance.*, audit.*",Required before release,Product + module owner + control owner; DPO/Legal/Compliance where cited,Unassessed until implementation and verification evidence exists
FR-GOV-30,Functional,"Compliance, DPO, CPF Super Admin","CPF shall provide the deployer evidence needed to inform affected persons and to answer explanation, complaint and rights requests.",Must,Deployer evidence pack and explanation drill,EU AI Act consolidated 27 July 2026; Annex III 4(a); GDPR,"EU AI Act Arts 4-21, 25-26, 43, 47-50, 71-73 and 85-86; Annexes III, IV and VI; GDPR",CTRL-FR-GOV-30,"AI Governance, QMS and Conformity",UI + API + service policy + database + audit event + automated acceptance test,G7 Formal high-risk AI compliance,Specified; evidence not yet supplied,Automated/manual evidence for Deployer evidence pack and explanation drill,Role journey + normal/loading/empty/error/denied/expired/success states,POST /v2/candidate/applications/{applicationId}/explanations,"governance.*, audit.*",Required before release,Product + module owner + control owner; DPO/Legal/Compliance where cited,Unassessed until implementation and verification evidence exists
FR-GOV-31,Functional,"Compliance, DPO, CPF Super Admin","Governance approvals shall enforce separation of duties among author, evaluator, approver, release operator and auditor for material controls.",Must,Approval-matrix and self-approval negative tests,EU AI Act consolidated 27 July 2026; Annex III 4(a); GDPR,"EU AI Act Arts 4-21, 25-26, 43, 47-50, 71-73 and 85-86; Annexes III, IV and VI; GDPR",CTRL-FR-GOV-31,"AI Governance, QMS and Conformity",UI + API + service policy + database + audit event + automated acceptance test,G7 Formal high-risk AI compliance,Specified; evidence not yet supplied,Automated/manual evidence for Approval-matrix and self-approval negative tests,Role journey + normal/loading/empty/error/denied/expired/success states,POST /v2/governance/conformity-assessments/{assessmentId}/approve; PUT /v2/governance/change-requests/{changeId}/decision,"governance.*, audit.*",Required before release,Product + module owner + control owner; DPO/Legal/Compliance where cited,Unassessed until implementation and verification evidence exists
FR-GOV-32,Functional,"Compliance, DPO, CPF Super Admin","Compliance and marketing content shall prohibit absolute claims such as unbiased, guaranteed, 100% compliant or cheating-proof without authorised evidence.",Must,Content lint and approval test,EU AI Act consolidated 27 July 2026; Annex III 4(a); GDPR,"EU AI Act Arts 4-21, 25-26, 43, 47-50, 71-73 and 85-86; Annexes III, IV and VI; GDPR",CTRL-FR-GOV-32,"AI Governance, QMS and Conformity",UI + API + service policy + database + audit event + automated acceptance test,G7 Formal high-risk AI compliance,Specified; evidence not yet supplied,Automated/manual evidence for Content lint and approval test,Role journey + normal/loading/empty/error/denied/expired/success states,Internal service/control or endpoint mapping to be refined during design,"governance.*, audit.*",Required before release,Product + module owner + control owner; DPO/Legal/Compliance where cited,Unassessed until implementation and verification evidence exists
FR-SUP-01,Functional,Support and Operations,"Support shall create, classify, assign, merge, escalate, resolve and reopen cases with tenant, user, attempt, severity, SLA and purpose.",Must,Support case lifecycle tests,Operational control baseline; GDPR minimisation; AI Act monitoring,"GDPR Arts 5, 25, 28 and 32; AI Act Arts 20, 26, 72-73",CTRL-FR-SUP-01,Support and Service Operations,UI + API + service policy + database + audit event + automated acceptance test,G8 Operational readiness,Specified; evidence not yet supplied,Automated/manual evidence for Support case lifecycle tests,Role journey + normal/loading/empty/error/denied/expired/success states,GET /v2/me/support-cases; POST /v2/me/support-cases; GET /v2/me/support-cases/{caseId}; GET /v2/admin/support-cases; PUT /v2/admin/support-cases/{caseId}/assignment; PUT /v2/admin/support-cases/{caseId}/status,"support.*, iam.privileged_access_grants",Required before release,Product + module owner + control owner; DPO/Legal/Compliance where cited,Unassessed until implementation and verification evidence exists
FR-SUP-02,Functional,Support and Operations,Support shall communicate in case threads using approved templates and attachments with malware scanning and recipient checks.,Must,Support messaging and upload tests,Operational control baseline; GDPR minimisation; AI Act monitoring,"GDPR Arts 5, 25, 28 and 32; AI Act Arts 20, 26, 72-73",CTRL-FR-SUP-02,Support and Service Operations,UI + API + service policy + database + audit event + automated acceptance test,G8 Operational readiness,Specified; evidence not yet supplied,Automated/manual evidence for Support messaging and upload tests,Role journey + normal/loading/empty/error/denied/expired/success states,POST /v2/me/support-cases/{caseId}/messages,"support.*, iam.privileged_access_grants",Required before release,Product + module owner + control owner; DPO/Legal/Compliance where cited,Unassessed until implementation and verification evidence exists
FR-SUP-03,Functional,Support and Operations,"Candidate-session recovery actions shall show impact, require reason and preserve attempt/version history.",Must,Session recovery and evidence tests,Operational control baseline; GDPR minimisation; AI Act monitoring,"GDPR Arts 5, 25, 28 and 32; AI Act Arts 20, 26, 72-73",CTRL-FR-SUP-03,Support and Service Operations,UI + API + service policy + database + audit event + automated acceptance test,G8 Operational readiness,Specified; evidence not yet supplied,Automated/manual evidence for Session recovery and evidence tests,Role journey + normal/loading/empty/error/denied/expired/success states,Internal service/control or endpoint mapping to be refined during design,"support.*, iam.privileged_access_grants",Required before release,Product + module owner + control owner; DPO/Legal/Compliance where cited,Unassessed until implementation and verification evidence exists
FR-SUP-04,Functional,Support and Operations,Reattempt approval shall create a new attempt with linked remedy reason and shall never destructively reset the prior attempt.,Must,Reattempt immutability test,Operational control baseline; GDPR minimisation; AI Act monitoring,"GDPR Arts 5, 25, 28 and 32; AI Act Arts 20, 26, 72-73",CTRL-FR-SUP-04,Support and Service Operations,UI + API + service policy + database + audit event + automated acceptance test,G8 Operational readiness,Specified; evidence not yet supplied,Automated/manual evidence for Reattempt immutability test,Role journey + normal/loading/empty/error/denied/expired/success states,Internal service/control or endpoint mapping to be refined during design,"support.*, iam.privileged_access_grants",Required before release,Product + module owner + control owner; DPO/Legal/Compliance where cited,Unassessed until implementation and verification evidence exists
FR-SUP-05,Functional,Support and Operations,Support access to restricted evidence shall require a scoped privileged access grant and automatically expire.,Must,JIT support access test,Operational control baseline; GDPR minimisation; AI Act monitoring,"GDPR Arts 5, 25, 28 and 32; AI Act Arts 20, 26, 72-73",CTRL-FR-SUP-05,Support and Service Operations,UI + API + service policy + database + audit event + automated acceptance test,G8 Operational readiness,Specified; evidence not yet supplied,Automated/manual evidence for JIT support access test,Role journey + normal/loading/empty/error/denied/expired/success states,Internal service/control or endpoint mapping to be refined during design,"support.*, iam.privileged_access_grants",Required before release,Product + module owner + control owner; DPO/Legal/Compliance where cited,Unassessed until implementation and verification evidence exists
FR-SUP-06,Functional,Support and Operations,Support dashboards shall separate technical faults from integrity and competency outcomes.,Must,Support data-lineage test,Operational control baseline; GDPR minimisation; AI Act monitoring,"GDPR Arts 5, 25, 28 and 32; AI Act Arts 20, 26, 72-73",CTRL-FR-SUP-06,Support and Service Operations,UI + API + service policy + database + audit event + automated acceptance test,G8 Operational readiness,Specified; evidence not yet supplied,Automated/manual evidence for Support data-lineage test,Role journey + normal/loading/empty/error/denied/expired/success states,Internal service/control or endpoint mapping to be refined during design,"support.*, iam.privileged_access_grants",Required before release,Product + module owner + control owner; DPO/Legal/Compliance where cited,Unassessed until implementation and verification evidence exists
FR-SUP-07,Functional,Support and Operations,Service-status incidents shall trigger affected-campaign analysis and candidate communication options.,Must,Outage impact and communication exercise,Operational control baseline; GDPR minimisation; AI Act monitoring,"GDPR Arts 5, 25, 28 and 32; AI Act Arts 20, 26, 72-73",CTRL-FR-SUP-07,Support and Service Operations,UI + API + service policy + database + audit event + automated acceptance test,G8 Operational readiness,Specified; evidence not yet supplied,Automated/manual evidence for Outage impact and communication exercise,Role journey + normal/loading/empty/error/denied/expired/success states,Internal service/control or endpoint mapping to be refined during design,"support.*, iam.privileged_access_grants",Required before release,Product + module owner + control owner; DPO/Legal/Compliance where cited,Unassessed until implementation and verification evidence exists
FR-SUP-08,Functional,Support and Operations,"Operations shall manage notification retries, bounces, suppressions and delivery failures without duplicating business actions.",Must,Notification delivery resilience tests,Operational control baseline; GDPR minimisation; AI Act monitoring,"GDPR Arts 5, 25, 28 and 32; AI Act Arts 20, 26, 72-73",CTRL-FR-SUP-08,Support and Service Operations,UI + API + service policy + database + audit event + automated acceptance test,G8 Operational readiness,Specified; evidence not yet supplied,Automated/manual evidence for Notification delivery resilience tests,Role journey + normal/loading/empty/error/denied/expired/success states,Internal service/control or endpoint mapping to be refined during design,"support.*, iam.privileged_access_grants",Required before release,Product + module owner + control owner; DPO/Legal/Compliance where cited,Unassessed until implementation and verification evidence exists
FR-SUP-09,Functional,Support and Operations,"Operations shall monitor queue age, stuck workflows, deletion SLA, report SLA and provider degradation with owned runbooks.",Must,Operational alert/runbook test,Operational control baseline; GDPR minimisation; AI Act monitoring,"GDPR Arts 5, 25, 28 and 32; AI Act Arts 20, 26, 72-73",CTRL-FR-SUP-09,Support and Service Operations,UI + API + service policy + database + audit event + automated acceptance test,G8 Operational readiness,Specified; evidence not yet supplied,Automated/manual evidence for Operational alert/runbook test,Role journey + normal/loading/empty/error/denied/expired/success states,GET /v2/admin/jobs,"support.*, iam.privileged_access_grants",Required before release,Product + module owner + control owner; DPO/Legal/Compliance where cited,Unassessed until implementation and verification evidence exists
FR-SUP-10,Functional,Support and Operations,Support metrics shall exclude raw candidate work and shall not become candidate performance signals.,Must,Telemetry minimisation and score-lineage tests,Operational control baseline; GDPR minimisation; AI Act monitoring,"GDPR Arts 5, 25, 28 and 32; AI Act Arts 20, 26, 72-73",CTRL-FR-SUP-10,Support and Service Operations,UI + API + service policy + database + audit event + automated acceptance test,G8 Operational readiness,Specified; evidence not yet supplied,Automated/manual evidence for Telemetry minimisation and score-lineage tests,Role journey + normal/loading/empty/error/denied/expired/success states,Internal service/control or endpoint mapping to be refined during design,"support.*, iam.privileged_access_grants",Required before release,Product + module owner + control owner; DPO/Legal/Compliance where cited,Unassessed until implementation and verification evidence exists
FR-SEC-01,Functional,Security / Incident Responder,"Security responders shall triage, contain, investigate, preserve, remediate and close security incidents with severity, affected data/systems and notification assessment.",Must,Incident tabletop and evidence test,OWASP ASVS/GenAI baseline; GDPR Art 32; AI Act Art 15,"GDPR Arts 32-34; EU AI Act Arts 15, 20, 26, 72-73; cybersecurity law as applicable",CTRL-FR-SEC-01,Security and Incident Response,UI + API + service policy + database + audit event + automated acceptance test,G6 Security and incident readiness,Specified; evidence not yet supplied,Automated/manual evidence for Incident tabletop and evidence test,Role journey + normal/loading/empty/error/denied/expired/success states,Internal service/control or endpoint mapping to be refined during design,"governance.*, audit.*",Required before release,Product + module owner + control owner; DPO/Legal/Compliance where cited,Unassessed until implementation and verification evidence exists
FR-SEC-02,Functional,Security / Incident Responder,"Security shall be able to revoke credentials, sessions, integrations, model/provider access and desktop versions through scoped emergency controls.",Must,Credential and capability kill-switch exercise,OWASP ASVS/GenAI baseline; GDPR Art 32; AI Act Art 15,"GDPR Arts 32-34; EU AI Act Arts 15, 20, 26, 72-73; cybersecurity law as applicable",CTRL-FR-SEC-02,Security and Incident Response,UI + API + service policy + database + audit event + automated acceptance test,G6 Security and incident readiness,Specified; evidence not yet supplied,Automated/manual evidence for Credential and capability kill-switch exercise,Role journey + normal/loading/empty/error/denied/expired/success states,Internal service/control or endpoint mapping to be refined during design,"governance.*, audit.*",Required before release,Product + module owner + control owner; DPO/Legal/Compliance where cited,Unassessed until implementation and verification evidence exists
FR-SEC-03,Functional,Security / Incident Responder,"Security evidence access shall be least-privilege, time-bound and separate from ordinary support access.",Must,Security PAM and access-review tests,OWASP ASVS/GenAI baseline; GDPR Art 32; AI Act Art 15,"GDPR Arts 32-34; EU AI Act Arts 15, 20, 26, 72-73; cybersecurity law as applicable",CTRL-FR-SEC-03,Security and Incident Response,UI + API + service policy + database + audit event + automated acceptance test,G6 Security and incident readiness,Specified; evidence not yet supplied,Automated/manual evidence for Security PAM and access-review tests,Role journey + normal/loading/empty/error/denied/expired/success states,Internal service/control or endpoint mapping to be refined during design,"governance.*, audit.*",Required before release,Product + module owner + control owner; DPO/Legal/Compliance where cited,Unassessed until implementation and verification evidence exists
FR-SEC-04,Functional,Security / Incident Responder,"The platform shall detect cross-tenant access, prompt injection, exfiltration, tool abuse, sandbox escape, secret exposure and supply-chain compromise.",Must,Adversarial and penetration tests,OWASP ASVS/GenAI baseline; GDPR Art 32; AI Act Art 15,"GDPR Arts 32-34; EU AI Act Arts 15, 20, 26, 72-73; cybersecurity law as applicable",CTRL-FR-SEC-04,Security and Incident Response,UI + API + service policy + database + audit event + automated acceptance test,G6 Security and incident readiness,Specified; evidence not yet supplied,Automated/manual evidence for Adversarial and penetration tests,Role journey + normal/loading/empty/error/denied/expired/success states,Internal service/control or endpoint mapping to be refined during design,"governance.*, audit.*",Required before release,Product + module owner + control owner; DPO/Legal/Compliance where cited,Unassessed until implementation and verification evidence exists
FR-SEC-05,Functional,Security / Incident Responder,"Desktop and deployable artefacts shall be signed, provenance-verifiable and supported by vulnerability and forced-update procedures.",Must,"Signature, SBOM and update-channel tests",OWASP ASVS/GenAI baseline; GDPR Art 32; AI Act Art 15,"GDPR Arts 32-34; EU AI Act Arts 15, 20, 26, 72-73; cybersecurity law as applicable",CTRL-FR-SEC-05,Security and Incident Response,UI + API + service policy + database + audit event + automated acceptance test,G6 Security and incident readiness,Specified; evidence not yet supplied,"Automated/manual evidence for Signature, SBOM and update-channel tests",Role journey + normal/loading/empty/error/denied/expired/success states,Internal service/control or endpoint mapping to be refined during design,"governance.*, audit.*",Required before release,Product + module owner + control owner; DPO/Legal/Compliance where cited,Unassessed until implementation and verification evidence exists
FR-SEC-06,Functional,Security / Incident Responder,Security events shall never be used as candidate competency or employability signals.,Must,Data-lineage negative test,OWASP ASVS/GenAI baseline; GDPR Art 32; AI Act Art 15,"GDPR Arts 32-34; EU AI Act Arts 15, 20, 26, 72-73; cybersecurity law as applicable",CTRL-FR-SEC-06,Security and Incident Response,UI + API + service policy + database + audit event + automated acceptance test,G6 Security and incident readiness,Specified; evidence not yet supplied,Automated/manual evidence for Data-lineage negative test,Role journey + normal/loading/empty/error/denied/expired/success states,Internal service/control or endpoint mapping to be refined during design,"governance.*, audit.*",Required before release,Product + module owner + control owner; DPO/Legal/Compliance where cited,Unassessed until implementation and verification evidence exists
FR-SEC-07,Functional,Security / Incident Responder,"Breach and serious-AI-incident assessments shall be linked but retain distinct legal timelines, authorities and decision owners.",Must,Joint incident workflow test,OWASP ASVS/GenAI baseline; GDPR Art 32; AI Act Art 15,"GDPR Arts 32-34; EU AI Act Arts 15, 20, 26, 72-73; cybersecurity law as applicable",CTRL-FR-SEC-07,Security and Incident Response,UI + API + service policy + database + audit event + automated acceptance test,G6 Security and incident readiness,Specified; evidence not yet supplied,Automated/manual evidence for Joint incident workflow test,Role journey + normal/loading/empty/error/denied/expired/success states,POST /v2/governance/serious-incidents,"governance.*, audit.*",Required before release,Product + module owner + control owner; DPO/Legal/Compliance where cited,Unassessed until implementation and verification evidence exists
FR-SEC-08,Functional,Security / Incident Responder,"Break-glass access shall use a separate identity, alert owners, expire quickly and receive mandatory post-use review.",Must,Break-glass exercise,OWASP ASVS/GenAI baseline; GDPR Art 32; AI Act Art 15,"GDPR Arts 32-34; EU AI Act Arts 15, 20, 26, 72-73; cybersecurity law as applicable",CTRL-FR-SEC-08,Security and Incident Response,UI + API + service policy + database + audit event + automated acceptance test,G6 Security and incident readiness,Specified; evidence not yet supplied,Automated/manual evidence for Break-glass exercise,Role journey + normal/loading/empty/error/denied/expired/success states,Internal service/control or endpoint mapping to be refined during design,"governance.*, audit.*",Required before release,Product + module owner + control owner; DPO/Legal/Compliance where cited,Unassessed until implementation and verification evidence exists
FR-AUD-01,Functional,Auditor / Regulator,"Authorised auditors shall receive read-only, purpose-scoped, time-bound access to approved evidence collections.",Must,Auditor access and expiry tests,AI Act provider/deployer evidence and authority cooperation,"EU AI Act Arts 18-21, 74 and 77-78; GDPR accountability and confidentiality",CTRL-FR-AUD-01,Audit and Evidence Access,UI + API + service policy + database + audit event + automated acceptance test,G7 Formal high-risk AI compliance,Specified; evidence not yet supplied,Automated/manual evidence for Auditor access and expiry tests,Role journey + normal/loading/empty/error/denied/expired/success states,GET /v2/audit/evidence-collections; POST /v2/audit/evidence-collections,"audit.*, governance.*",Required before release,Product + module owner + control owner; DPO/Legal/Compliance where cited,Unassessed until implementation and verification evidence exists
FR-AUD-02,Functional,Auditor / Regulator,"Audit evidence exports shall include manifest, hashes, versions, provenance, redaction log and access history.",Must,Evidence-export reconstruction test,AI Act provider/deployer evidence and authority cooperation,"EU AI Act Arts 18-21, 74 and 77-78; GDPR accountability and confidentiality",CTRL-FR-AUD-02,Audit and Evidence Access,UI + API + service policy + database + audit event + automated acceptance test,G7 Formal high-risk AI compliance,Specified; evidence not yet supplied,Automated/manual evidence for Evidence-export reconstruction test,Role journey + normal/loading/empty/error/denied/expired/success states,POST /v2/admin/audit-exports; POST /v2/audit/evidence-collections,"audit.*, governance.*",Required before release,Product + module owner + control owner; DPO/Legal/Compliance where cited,Unassessed until implementation and verification evidence exists
FR-AUD-03,Functional,Auditor / Regulator,"Auditors shall be able to trace a requirement to control, implementation, test, result, owner, approval and residual risk.",Must,End-to-end traceability sampling,AI Act provider/deployer evidence and authority cooperation,"EU AI Act Arts 18-21, 74 and 77-78; GDPR accountability and confidentiality",CTRL-FR-AUD-03,Audit and Evidence Access,UI + API + service policy + database + audit event + automated acceptance test,G7 Formal high-risk AI compliance,Specified; evidence not yet supplied,Automated/manual evidence for End-to-end traceability sampling,Role journey + normal/loading/empty/error/denied/expired/success states,GET /v2/admin/audit-events; GET /v2/audit/traceability/{requirementId},"audit.*, governance.*",Required before release,Product + module owner + control owner; DPO/Legal/Compliance where cited,Unassessed until implementation and verification evidence exists
FR-AUD-04,Functional,Auditor / Regulator,"Regulator requests shall be handled through verified authority identity, legal scope, controlled disclosure and chain of custody.",Must,Regulator request exercise,AI Act provider/deployer evidence and authority cooperation,"EU AI Act Arts 18-21, 74 and 77-78; GDPR accountability and confidentiality",CTRL-FR-AUD-04,Audit and Evidence Access,UI + API + service policy + database + audit event + automated acceptance test,G7 Formal high-risk AI compliance,Specified; evidence not yet supplied,Automated/manual evidence for Regulator request exercise,Role journey + normal/loading/empty/error/denied/expired/success states,Internal service/control or endpoint mapping to be refined during design,"audit.*, governance.*",Required before release,Product + module owner + control owner; DPO/Legal/Compliance where cited,Unassessed until implementation and verification evidence exists
FR-AUD-05,Functional,Auditor / Regulator,"Auditor access shall not expose unrelated tenant, candidate, special-category or trade-secret information.",Must,Negative access and redaction tests,AI Act provider/deployer evidence and authority cooperation,"EU AI Act Arts 18-21, 74 and 77-78; GDPR accountability and confidentiality",CTRL-FR-AUD-05,Audit and Evidence Access,UI + API + service policy + database + audit event + automated acceptance test,G7 Formal high-risk AI compliance,Specified; evidence not yet supplied,Automated/manual evidence for Negative access and redaction tests,Role journey + normal/loading/empty/error/denied/expired/success states,Internal service/control or endpoint mapping to be refined during design,"audit.*, governance.*",Required before release,Product + module owner + control owner; DPO/Legal/Compliance where cited,Unassessed until implementation and verification evidence exists
FR-AUD-06,Functional,Auditor / Regulator,Audit findings shall create corrective actions without allowing auditors to alter production evidence.,Must,Finding-to-CAPA and read-only tests,AI Act provider/deployer evidence and authority cooperation,"EU AI Act Arts 18-21, 74 and 77-78; GDPR accountability and confidentiality",CTRL-FR-AUD-06,Audit and Evidence Access,UI + API + service policy + database + audit event + automated acceptance test,G7 Formal high-risk AI compliance,Specified; evidence not yet supplied,Automated/manual evidence for Finding-to-CAPA and read-only tests,Role journey + normal/loading/empty/error/denied/expired/success states,Internal service/control or endpoint mapping to be refined during design,"audit.*, governance.*",Required before release,Product + module owner + control owner; DPO/Legal/Compliance where cited,Unassessed until implementation and verification evidence exists
NFR-ACT-01,Non-functional,All actors / System,"AI Act evidence required for a release shall be versioned, immutable after approval, hash-verifiable and reproducible from authorised interfaces.",Must,Evidence-pack reconstruction exercise,"EU AI Act Arts 11-12, 18-19","EU AI Act Arts 11-12, 18-19",CTRL-NFR-ACT-01,Cross-cutting architecture and quality,Architecture control + CI/release gate + operational evidence,G9 Non-functional release gate,Specified; evidence not yet supplied,Automated/manual evidence for Evidence-pack reconstruction exercise,Role journey + normal/loading/empty/error/denied/expired/success states,Internal service/control or endpoint mapping to be refined during design,Cross-cutting; see field-level data dictionary,Required before release,Product + module owner + control owner; DPO/Legal/Compliance where cited,Unassessed until implementation and verification evidence exists
NFR-ACT-02,Non-functional,All actors / System,"Automatically generated high-risk AI logs under deployer control shall support a configurable minimum retention of six months, subject to longer/shorter overriding law and GDPR minimisation.",Must,Retention-policy and deletion tests,EU AI Act Art 26(6); GDPR Art 5,EU AI Act Art 26(6); GDPR Art 5,CTRL-NFR-ACT-02,Cross-cutting architecture and quality,Architecture control + CI/release gate + operational evidence,G9 Non-functional release gate,Specified; evidence not yet supplied,Automated/manual evidence for Retention-policy and deletion tests,Role journey + normal/loading/empty/error/denied/expired/success states,Internal service/control or endpoint mapping to be refined during design,Cross-cutting; see field-level data dictionary,Required before release,Product + module owner + control owner; DPO/Legal/Compliance where cited,Unassessed until implementation and verification evidence exists
NFR-ACT-03,Non-functional,All actors / System,"The system shall expose declared accuracy, robustness and cybersecurity metrics by released system/model version and use case.",Must,Metric declaration and report test,EU AI Act Art 15,EU AI Act Art 15,CTRL-NFR-ACT-03,Cross-cutting architecture and quality,Architecture control + CI/release gate + operational evidence,G9 Non-functional release gate,Specified; evidence not yet supplied,Automated/manual evidence for Metric declaration and report test,Role journey + normal/loading/empty/error/denied/expired/success states,Internal service/control or endpoint mapping to be refined during design,Cross-cutting; see field-level data dictionary,Required before release,Product + module owner + control owner; DPO/Legal/Compliance where cited,Unassessed until implementation and verification evidence exists
NFR-ACT-04,Non-functional,All actors / System,"A model, prompt, rubric, data, purpose, autonomy, integration or monitoring change shall not reach production until materiality classification and required re-evaluation complete.",Must,Change-control release gate,"EU AI Act Arts 9, 43, 72","EU AI Act Arts 9, 43, 72",CTRL-NFR-ACT-04,Cross-cutting architecture and quality,Architecture control + CI/release gate + operational evidence,G9 Non-functional release gate,Specified; evidence not yet supplied,Automated/manual evidence for Change-control release gate,Role journey + normal/loading/empty/error/denied/expired/success states,Internal service/control or endpoint mapping to be refined during design,Cross-cutting; see field-level data dictionary,Required before release,Product + module owner + control owner; DPO/Legal/Compliance where cited,Unassessed until implementation and verification evidence exists
NFR-ACT-05,Non-functional,All actors / System,"Human-oversight workflows shall be usability-tested for competence, time, information, authority, automation bias and real override behaviour.",Must,Observed oversight study,EU AI Act Art 14 and Art 26(2),EU AI Act Art 14 and Art 26(2),CTRL-NFR-ACT-05,Cross-cutting architecture and quality,Architecture control + CI/release gate + operational evidence,G9 Non-functional release gate,Specified; evidence not yet supplied,Automated/manual evidence for Observed oversight study,Role journey + normal/loading/empty/error/denied/expired/success states,Internal service/control or endpoint mapping to be refined during design,Cross-cutting; see field-level data dictionary,Required before release,Product + module owner + control owner; DPO/Legal/Compliance where cited,Unassessed until implementation and verification evidence exists
NFR-ACT-06,Non-functional,All actors / System,"System and provider stop controls shall reach a safe state within an approved target and preserve evidence of trigger, scope and recovery.",Must,Kill-switch and recovery exercise,"EU AI Act Arts 14, 20 and 26","EU AI Act Arts 14, 20 and 26",CTRL-NFR-ACT-06,Cross-cutting architecture and quality,Architecture control + CI/release gate + operational evidence,G9 Non-functional release gate,Specified; evidence not yet supplied,Automated/manual evidence for Kill-switch and recovery exercise,Role journey + normal/loading/empty/error/denied/expired/success states,Internal service/control or endpoint mapping to be refined during design,Cross-cutting; see field-level data dictionary,Required before release,Product + module owner + control owner; DPO/Legal/Compliance where cited,Unassessed until implementation and verification evidence exists
NFR-ACT-07,Non-functional,All actors / System,Post-market signals shall be monitored at defined intervals with thresholds that open human review or suspension rather than altering individual outcomes.,Must,Post-market monitoring test,EU AI Act Art 72,EU AI Act Art 72,CTRL-NFR-ACT-07,Cross-cutting architecture and quality,Architecture control + CI/release gate + operational evidence,G9 Non-functional release gate,Specified; evidence not yet supplied,Automated/manual evidence for Post-market monitoring test,Role journey + normal/loading/empty/error/denied/expired/success states,Internal service/control or endpoint mapping to be refined during design,Cross-cutting; see field-level data dictionary,Required before release,Product + module owner + control owner; DPO/Legal/Compliance where cited,Unassessed until implementation and verification evidence exists
NFR-SEC-07,Non-functional,All actors / System,"Authentication secrets, recovery codes and reset tokens shall be hashed or encrypted as appropriate, single-purpose, rotated and absent from logs.",Must,Secrets and authentication data test,GDPR Art 32; OWASP ASVS,GDPR Art 32; OWASP ASVS,CTRL-NFR-SEC-07,Cross-cutting architecture and quality,Architecture control + CI/release gate + operational evidence,G9 Non-functional release gate,Specified; evidence not yet supplied,Automated/manual evidence for Secrets and authentication data test,Role journey + normal/loading/empty/error/denied/expired/success states,Internal service/control or endpoint mapping to be refined during design,Cross-cutting; see field-level data dictionary,Required before release,Product + module owner + control owner; DPO/Legal/Compliance where cited,Unassessed until implementation and verification evidence exists
NFR-SEC-08,Non-functional,All actors / System,"All file uploads shall have type, size, content, malware and archive-bomb controls before use by reviewers, AI, plugins or sandboxes.",Must,Malicious upload test suite,GDPR Art 32; AI Act Art 15,GDPR Art 32; AI Act Art 15,CTRL-NFR-SEC-08,Cross-cutting architecture and quality,Architecture control + CI/release gate + operational evidence,G9 Non-functional release gate,Specified; evidence not yet supplied,Automated/manual evidence for Malicious upload test suite,Role journey + normal/loading/empty/error/denied/expired/success states,Internal service/control or endpoint mapping to be refined during design,Cross-cutting; see field-level data dictionary,Required before release,Product + module owner + control owner; DPO/Legal/Compliance where cited,Unassessed until implementation and verification evidence exists
NFR-SEC-09,Non-functional,All actors / System,"Production access shall use just-in-time grants, MFA, separate identities, approval, expiry and review; shared administrator accounts are prohibited.",Must,PAM and identity audit,GDPR Art 32; AI Act QMS,GDPR Art 32; AI Act QMS,CTRL-NFR-SEC-09,Cross-cutting architecture and quality,Architecture control + CI/release gate + operational evidence,G9 Non-functional release gate,Specified; evidence not yet supplied,Automated/manual evidence for PAM and identity audit,Role journey + normal/loading/empty/error/denied/expired/success states,Internal service/control or endpoint mapping to be refined during design,Cross-cutting; see field-level data dictionary,Required before release,Product + module owner + control owner; DPO/Legal/Compliance where cited,Unassessed until implementation and verification evidence exists
NFR-PRV-05,Non-functional,All actors / System,"Authentication, analytics, observability, AI evidence, proctor telemetry and support data shall remain purpose-separated with prohibited downstream-use tests.",Must,Purpose and data-lineage tests,GDPR Arts 5 and 25,GDPR Arts 5 and 25,CTRL-NFR-PRV-05,Cross-cutting architecture and quality,Architecture control + CI/release gate + operational evidence,G9 Non-functional release gate,Specified; evidence not yet supplied,Automated/manual evidence for Purpose and data-lineage tests,Role journey + normal/loading/empty/error/denied/expired/success states,Internal service/control or endpoint mapping to be refined during design,Cross-cutting; see field-level data dictionary,Required before release,Product + module owner + control owner; DPO/Legal/Compliance where cited,Unassessed until implementation and verification evidence exists
NFR-PRV-06,Non-functional,All actors / System,No processing purpose shall default to consent merely because a user acknowledged a notice; lawful basis and controller ownership shall be explicit.,Must,Consent/lawful-basis configuration test,GDPR Arts 6-7,GDPR Arts 6-7,CTRL-NFR-PRV-06,Cross-cutting architecture and quality,Architecture control + CI/release gate + operational evidence,G9 Non-functional release gate,Specified; evidence not yet supplied,Automated/manual evidence for Consent/lawful-basis configuration test,Role journey + normal/loading/empty/error/denied/expired/success states,Internal service/control or endpoint mapping to be refined during design,Cross-cutting; see field-level data dictionary,Required before release,Product + module owner + control owner; DPO/Legal/Compliance where cited,Unassessed until implementation and verification evidence exists
NFR-ACC-04,Non-functional,All actors / System,"All critical workflows shall remain usable at 200% zoom, large text, keyboard-only, screen reader, reduced motion and forced-colour settings.",Must,Manual accessibility matrix,WCAG 2.2 AA,WCAG 2.2 AA,CTRL-NFR-ACC-04,Cross-cutting architecture and quality,Architecture control + CI/release gate + operational evidence,G9 Non-functional release gate,Specified; evidence not yet supplied,Automated/manual evidence for Manual accessibility matrix,Role journey + normal/loading/empty/error/denied/expired/success states,Internal service/control or endpoint mapping to be refined during design,Cross-cutting; see field-level data dictionary,Required before release,Product + module owner + control owner; DPO/Legal/Compliance where cited,Unassessed until implementation and verification evidence exists
NFR-ACC-05,Non-functional,All actors / System,"Time limits shall support approved extensions, warnings, breaks and alternatives without disclosing disability information to reviewers.",Must,Timed-assessment accessibility test,WCAG 2.2; equality law,WCAG 2.2; equality law,CTRL-NFR-ACC-05,Cross-cutting architecture and quality,Architecture control + CI/release gate + operational evidence,G9 Non-functional release gate,Specified; evidence not yet supplied,Automated/manual evidence for Timed-assessment accessibility test,Role journey + normal/loading/empty/error/denied/expired/success states,Internal service/control or endpoint mapping to be refined during design,Cross-cutting; see field-level data dictionary,Required before release,Product + module owner + control owner; DPO/Legal/Compliance where cited,Unassessed until implementation and verification evidence exists
NFR-PER-05,Non-functional,All actors / System,"Core web experiences shall target LCP <=2.5 s, INP <=200 ms and CLS <=0.1 at the 75th percentile for the defined field population.",Should,Field performance dashboard,Core Web Vitals baseline,Core Web Vitals baseline,CTRL-NFR-PER-05,Cross-cutting architecture and quality,Architecture control + CI/release gate + operational evidence,G9 Non-functional release gate,Specified; evidence not yet supplied,Automated/manual evidence for Field performance dashboard,Role journey + normal/loading/empty/error/denied/expired/success states,Internal service/control or endpoint mapping to be refined during design,Cross-cutting; see field-level data dictionary,Risk-based review,Product + module owner + control owner; DPO/Legal/Compliance where cited,Unassessed until implementation and verification evidence exists
NFR-REL-04,Non-functional,All actors / System,"Every queued command and webhook shall be idempotent, bounded in retry, observable, cancellable where safe and dead-lettered with an owner.",Must,Queue and webhook failure tests,Reliability baseline,Reliability baseline,CTRL-NFR-REL-04,Cross-cutting architecture and quality,Architecture control + CI/release gate + operational evidence,G9 Non-functional release gate,Specified; evidence not yet supplied,Automated/manual evidence for Queue and webhook failure tests,Role journey + normal/loading/empty/error/denied/expired/success states,Internal service/control or endpoint mapping to be refined during design,Cross-cutting; see field-level data dictionary,Required before release,Product + module owner + control owner; DPO/Legal/Compliance where cited,Unassessed until implementation and verification evidence exists
NFR-REL-05,Non-functional,All actors / System,The platform shall publish and test RPO/RTO by service tier; initial engineering targets remain RPO <=15 minutes and RTO <=4 hours pending commercial approval.,Must,Restore and failover exercise,Business continuity baseline,Business continuity baseline,CTRL-NFR-REL-05,Cross-cutting architecture and quality,Architecture control + CI/release gate + operational evidence,G9 Non-functional release gate,Specified; evidence not yet supplied,Automated/manual evidence for Restore and failover exercise,Role journey + normal/loading/empty/error/denied/expired/success states,Internal service/control or endpoint mapping to be refined during design,Cross-cutting; see field-level data dictionary,Required before release,Product + module owner + control owner; DPO/Legal/Compliance where cited,Unassessed until implementation and verification evidence exists
NFR-OBS-03,Non-functional,All actors / System,"Alerts shall be actionable, owned, severity-defined, deduplicated and linked to runbooks; safety, rights and cross-tenant failures shall page immediately.",Must,Alert quality and incident drill,Operational baseline,Operational baseline,CTRL-NFR-OBS-03,Cross-cutting architecture and quality,Architecture control + CI/release gate + operational evidence,G9 Non-functional release gate,Specified; evidence not yet supplied,Automated/manual evidence for Alert quality and incident drill,Role journey + normal/loading/empty/error/denied/expired/success states,Internal service/control or endpoint mapping to be refined during design,Cross-cutting; see field-level data dictionary,Required before release,Product + module owner + control owner; DPO/Legal/Compliance where cited,Unassessed until implementation and verification evidence exists
NFR-QLT-03,Non-functional,All actors / System,"No requirement shall be marked complete without linked implementation, automated/manual test result, approval where required and residual-risk status.",Must,Traceability audit,AI Act QMS and accountability,AI Act QMS and accountability,CTRL-NFR-QLT-03,Cross-cutting architecture and quality,Architecture control + CI/release gate + operational evidence,G9 Non-functional release gate,Specified; evidence not yet supplied,Automated/manual evidence for Traceability audit,Role journey + normal/loading/empty/error/denied/expired/success states,Internal service/control or endpoint mapping to be refined during design,Cross-cutting; see field-level data dictionary,Required before release,Product + module owner + control owner; DPO/Legal/Compliance where cited,Unassessed until implementation and verification evidence exists
NFR-USA-03,Non-functional,All actors / System,"All long-running, empty, partial, denied, expired, conflict, offline, failure, retry and success states shall have approved UX and content.",Must,State coverage audit,Product quality baseline,Product quality baseline,CTRL-NFR-USA-03,Cross-cutting architecture and quality,Architecture control + CI/release gate + operational evidence,G9 Non-functional release gate,Specified; evidence not yet supplied,Automated/manual evidence for State coverage audit,Role journey + normal/loading/empty/error/denied/expired/success states,Internal service/control or endpoint mapping to be refined during design,Cross-cutting; see field-level data dictionary,Required before release,Product + module owner + control owner; DPO/Legal/Compliance where cited,Unassessed until implementation and verification evidence exists
