schema,table,table_purpose,column,data_type,nullable,default,primary_key,foreign_key,unique,column_purpose,data_classification,special_category,tenant_scope,access_roles,lawful_basis_note,retention_rule,mutability,encryption,audit_event
assessment,assessment_items,Question and task definitions,id,uuid,No,gen_random_uuid(),Yes,,No,Stable record identifier,Internal operational data,No,Inherited/global; service policy required,Authorised role by tenant and purpose,Contract/legal obligation/legitimate interests as documented; never infer consent from notice acknowledgement,Entity lifecycle schedule,Mutable through audited service command,Encrypted at rest and in transit,Required for create/update/delete/read-export where material
assessment,assessment_items,Question and task definitions,section_id,uuid,No,,No,assessment.assessment_sections(id),Composite/Yes,Section reference,Internal operational data,No,Inherited/global; service policy required,Authorised role by tenant and purpose,Contract/legal obligation/legitimate interests as documented; never infer consent from notice acknowledgement,Entity lifecycle schedule,Mutable through audited service command,Encrypted at rest and in transit,Required for create/update/delete/read-export where material
assessment,assessment_items,Question and task definitions,item_type,text,No,,No,,No,Item type,Internal operational data,No,Inherited/global; service policy required,Authorised role by tenant and purpose,Contract/legal obligation/legitimate interests as documented; never infer consent from notice acknowledgement,Entity lifecycle schedule,Mutable through audited service command,Encrypted at rest and in transit,Required for create/update/delete/read-export where material
assessment,assessment_items,Question and task definitions,title,text,No,,No,,No,Title,Internal operational data,No,Inherited/global; service policy required,Authorised role by tenant and purpose,Contract/legal obligation/legitimate interests as documented; never infer consent from notice acknowledgement,Entity lifecycle schedule,Mutable through audited service command,Encrypted at rest and in transit,Required for create/update/delete/read-export where material
assessment,assessment_items,Question and task definitions,prompt,jsonb,No,,No,,No,Prompt,Internal operational data,No,Inherited/global; service policy required,Authorised role by tenant and purpose,Contract/legal obligation/legitimate interests as documented; never infer consent from notice acknowledgement,Entity lifecycle schedule,Mutable through audited service command,Encrypted at rest and in transit,Required for create/update/delete/read-export where material
assessment,assessment_items,Question and task definitions,expected_artifacts,jsonb,No,'[]'::jsonb,No,,No,Expected artifacts,Internal operational data,No,Inherited/global; service policy required,Authorised role by tenant and purpose,Contract/legal obligation/legitimate interests as documented; never infer consent from notice acknowledgement,Entity lifecycle schedule,Mutable through audited service command,Encrypted at rest and in transit,Required for create/update/delete/read-export where material
assessment,assessment_items,Question and task definitions,config,jsonb,No,'{}'::jsonb,No,,No,Config,Internal operational data,No,Inherited/global; service policy required,Authorised role by tenant and purpose,Contract/legal obligation/legitimate interests as documented; never infer consent from notice acknowledgement,Entity lifecycle schedule,Mutable through audited service command,Encrypted at rest and in transit,Required for create/update/delete/read-export where material
assessment,assessment_items,Question and task definitions,display_order,integer,No,,No,,Composite/Yes,Display order,Internal operational data,No,Inherited/global; service policy required,Authorised role by tenant and purpose,Contract/legal obligation/legitimate interests as documented; never infer consent from notice acknowledgement,Entity lifecycle schedule,Mutable through audited service command,Encrypted at rest and in transit,Required for create/update/delete/read-export where material
assessment,assessment_items,Question and task definitions,content_hash,text,No,,No,,No,Content hash,Internal operational data,No,Inherited/global; service policy required,Authorised role by tenant and purpose,Contract/legal obligation/legitimate interests as documented; never infer consent from notice acknowledgement,Entity lifecycle schedule,Mutable through audited service command,Encrypted at rest and in transit,Required for create/update/delete/read-export where material
assessment,assessment_sections,Five-layer assessment sections,id,uuid,No,gen_random_uuid(),Yes,,No,Stable record identifier,Internal operational data,No,Inherited/global; service policy required,Authorised role by tenant and purpose,Contract/legal obligation/legitimate interests as documented; never infer consent from notice acknowledgement,Entity lifecycle schedule,Mutable through audited service command,Encrypted at rest and in transit,Required for create/update/delete/read-export where material
assessment,assessment_sections,Five-layer assessment sections,assessment_version_id,uuid,No,,No,assessment.assessment_versions(id),Composite/Yes,Assessment version reference,Internal operational data,No,Inherited/global; service policy required,Authorised role by tenant and purpose,Contract/legal obligation/legitimate interests as documented; never infer consent from notice acknowledgement,Entity lifecycle schedule,Mutable through audited service command,Encrypted at rest and in transit,Required for create/update/delete/read-export where material
assessment,assessment_sections,Five-layer assessment sections,section_type,text,No,,No,,No,Section type,Internal operational data,No,Inherited/global; service policy required,Authorised role by tenant and purpose,Contract/legal obligation/legitimate interests as documented; never infer consent from notice acknowledgement,Entity lifecycle schedule,Mutable through audited service command,Encrypted at rest and in transit,Required for create/update/delete/read-export where material
assessment,assessment_sections,Five-layer assessment sections,title,text,No,,No,,No,Title,Internal operational data,No,Inherited/global; service policy required,Authorised role by tenant and purpose,Contract/legal obligation/legitimate interests as documented; never infer consent from notice acknowledgement,Entity lifecycle schedule,Mutable through audited service command,Encrypted at rest and in transit,Required for create/update/delete/read-export where material
assessment,assessment_sections,Five-layer assessment sections,instructions,jsonb,No,,No,,No,Instructions,Internal operational data,No,Inherited/global; service policy required,Authorised role by tenant and purpose,Contract/legal obligation/legitimate interests as documented; never infer consent from notice acknowledgement,Entity lifecycle schedule,Mutable through audited service command,Encrypted at rest and in transit,Required for create/update/delete/read-export where material
assessment,assessment_sections,Five-layer assessment sections,duration_seconds,integer,Yes,,No,,No,Duration seconds,Internal operational data,No,Inherited/global; service policy required,Authorised role by tenant and purpose,Contract/legal obligation/legitimate interests as documented; never infer consent from notice acknowledgement,Entity lifecycle schedule,Mutable through audited service command,Encrypted at rest and in transit,Required for create/update/delete/read-export where material
assessment,assessment_sections,Five-layer assessment sections,display_order,integer,No,,No,,Composite/Yes,Display order,Internal operational data,No,Inherited/global; service policy required,Authorised role by tenant and purpose,Contract/legal obligation/legitimate interests as documented; never infer consent from notice acknowledgement,Entity lifecycle schedule,Mutable through audited service command,Encrypted at rest and in transit,Required for create/update/delete/read-export where material
assessment,assessment_sections,Five-layer assessment sections,config,jsonb,No,'{}'::jsonb,No,,No,Config,Internal operational data,No,Inherited/global; service policy required,Authorised role by tenant and purpose,Contract/legal obligation/legitimate interests as documented; never infer consent from notice acknowledgement,Entity lifecycle schedule,Mutable through audited service command,Encrypted at rest and in transit,Required for create/update/delete/read-export where material
assessment,assessment_tool_policies,Per-version tool allow-list and limits,id,uuid,No,gen_random_uuid(),Yes,,No,Stable record identifier,Internal operational data,No,Inherited/global; service policy required,Authorised role by tenant and purpose,Contract/legal obligation/legitimate interests as documented; never infer consent from notice acknowledgement,Entity lifecycle schedule,Mutable through audited service command,Encrypted at rest and in transit,Required for create/update/delete/read-export where material
assessment,assessment_tool_policies,Per-version tool allow-list and limits,assessment_version_id,uuid,No,,No,assessment.assessment_versions(id),No,Assessment version reference,Internal operational data,No,Inherited/global; service policy required,Authorised role by tenant and purpose,Contract/legal obligation/legitimate interests as documented; never infer consent from notice acknowledgement,Entity lifecycle schedule,Mutable through audited service command,Encrypted at rest and in transit,Required for create/update/delete/read-export where material
assessment,assessment_tool_policies,Per-version tool allow-list and limits,plugin_id,uuid,Yes,,No,assessment.plugin_registry(id),No,Plugin reference,Internal operational data,No,Inherited/global; service policy required,Authorised role by tenant and purpose,Contract/legal obligation/legitimate interests as documented; never infer consent from notice acknowledgement,Entity lifecycle schedule,Mutable through audited service command,Encrypted at rest and in transit,Required for create/update/delete/read-export where material
assessment,assessment_tool_policies,Per-version tool allow-list and limits,model_id,uuid,Yes,,No,assessment.model_registry(id),No,Model reference,Internal operational data,No,Inherited/global; service policy required,Authorised role by tenant and purpose,Contract/legal obligation/legitimate interests as documented; never infer consent from notice acknowledgement,Entity lifecycle schedule,Mutable through audited service command,Encrypted at rest and in transit,Required for create/update/delete/read-export where material
assessment,assessment_tool_policies,Per-version tool allow-list and limits,prompt_version_id,uuid,Yes,,No,assessment.prompt_versions(id),No,Prompt version reference,Internal operational data,No,Inherited/global; service policy required,Authorised role by tenant and purpose,Contract/legal obligation/legitimate interests as documented; never infer consent from notice acknowledgement,Entity lifecycle schedule,Mutable through audited service command,Encrypted at rest and in transit,Required for create/update/delete/read-export where material
assessment,assessment_tool_policies,Per-version tool allow-list and limits,tool_type,text,No,,No,,No,Tool type,Internal operational data,No,Inherited/global; service policy required,Authorised role by tenant and purpose,Contract/legal obligation/legitimate interests as documented; never infer consent from notice acknowledgement,Entity lifecycle schedule,Mutable through audited service command,Encrypted at rest and in transit,Required for create/update/delete/read-export where material
assessment,assessment_tool_policies,Per-version tool allow-list and limits,is_allowed,boolean,No,,No,,No,Is allowed,Internal operational data,No,Inherited/global; service policy required,Authorised role by tenant and purpose,Contract/legal obligation/legitimate interests as documented; never infer consent from notice acknowledgement,Entity lifecycle schedule,Mutable through audited service command,Encrypted at rest and in transit,Required for create/update/delete/read-export where material
assessment,assessment_tool_policies,Per-version tool allow-list and limits,limits,jsonb,No,'{}'::jsonb,No,,No,Limits,Internal operational data,No,Inherited/global; service policy required,Authorised role by tenant and purpose,Contract/legal obligation/legitimate interests as documented; never infer consent from notice acknowledgement,Entity lifecycle schedule,Mutable through audited service command,Encrypted at rest and in transit,Required for create/update/delete/read-export where material
assessment,assessment_tool_policies,Per-version tool allow-list and limits,created_at,timestamptz,No,now(),No,,No,Immutable record creation time in UTC,Internal operational data,No,Inherited/global; service policy required,Authorised role by tenant and purpose,Contract/legal obligation/legitimate interests as documented; never infer consent from notice acknowledgement,Entity lifecycle schedule,Append-only / immutable,Encrypted at rest and in transit,Required for create/update/delete/read-export where material
assessment,assessment_validations,"Privacy, security, fairness and validity gates",id,uuid,No,gen_random_uuid(),Yes,,No,Stable record identifier,Internal operational data,No,Inherited/global; service policy required,Authorised role by tenant and purpose,Contract/legal obligation/legitimate interests as documented; never infer consent from notice acknowledgement,Entity lifecycle schedule,Mutable through audited service command,Encrypted at rest and in transit,Required for create/update/delete/read-export where material
assessment,assessment_validations,"Privacy, security, fairness and validity gates",assessment_version_id,uuid,No,,No,assessment.assessment_versions(id),No,Assessment version reference,Internal operational data,No,Inherited/global; service policy required,Authorised role by tenant and purpose,Contract/legal obligation/legitimate interests as documented; never infer consent from notice acknowledgement,Entity lifecycle schedule,Mutable through audited service command,Encrypted at rest and in transit,Required for create/update/delete/read-export where material
assessment,assessment_validations,"Privacy, security, fairness and validity gates",validation_type,text,No,,No,,No,Validation type,Internal operational data,No,Inherited/global; service policy required,Authorised role by tenant and purpose,Contract/legal obligation/legitimate interests as documented; never infer consent from notice acknowledgement,Entity lifecycle schedule,Mutable through audited service command,Encrypted at rest and in transit,Required for create/update/delete/read-export where material
assessment,assessment_validations,"Privacy, security, fairness and validity gates",status,text,No,,No,,No,Controlled lifecycle state,Internal operational data,No,Inherited/global; service policy required,Authorised role by tenant and purpose,Contract/legal obligation/legitimate interests as documented; never infer consent from notice acknowledgement,Entity lifecycle schedule,Mutable through audited service command,Encrypted at rest and in transit,Required for create/update/delete/read-export where material
assessment,assessment_validations,"Privacy, security, fairness and validity gates",evidence_uri,text,Yes,,No,,No,Evidence uri,Internal operational data,No,Inherited/global; service policy required,Authorised role by tenant and purpose,Contract/legal obligation/legitimate interests as documented; never infer consent from notice acknowledgement,Entity lifecycle schedule,Mutable through audited service command,Encrypted at rest and in transit,Required for create/update/delete/read-export where material
assessment,assessment_validations,"Privacy, security, fairness and validity gates",summary,text,Yes,,No,,No,Summary,Internal operational data,No,Inherited/global; service policy required,Authorised role by tenant and purpose,Contract/legal obligation/legitimate interests as documented; never infer consent from notice acknowledgement,Entity lifecycle schedule,Mutable through audited service command,Encrypted at rest and in transit,Required for create/update/delete/read-export where material
assessment,assessment_validations,"Privacy, security, fairness and validity gates",reviewer_user_id,uuid,Yes,,No,iam.users(id),No,Reviewer user reference,Internal operational data,No,Inherited/global; service policy required,Authorised role by tenant and purpose,Contract/legal obligation/legitimate interests as documented; never infer consent from notice acknowledgement,Entity lifecycle schedule,Mutable through audited service command,Encrypted at rest and in transit,Required for create/update/delete/read-export where material
assessment,assessment_validations,"Privacy, security, fairness and validity gates",reviewed_at,timestamptz,Yes,,No,,No,Reviewed timestamp,Internal operational data,No,Inherited/global; service policy required,Authorised role by tenant and purpose,Contract/legal obligation/legitimate interests as documented; never infer consent from notice acknowledgement,Entity lifecycle schedule,Mutable through audited service command,Encrypted at rest and in transit,Required for create/update/delete/read-export where material
assessment,assessment_validations,"Privacy, security, fairness and validity gates",expires_at,timestamptz,Yes,,No,,No,Expires timestamp,Internal operational data,No,Inherited/global; service policy required,Authorised role by tenant and purpose,Contract/legal obligation/legitimate interests as documented; never infer consent from notice acknowledgement,Entity lifecycle schedule,Mutable through audited service command,Encrypted at rest and in transit,Required for create/update/delete/read-export where material
assessment,assessment_validations,"Privacy, security, fairness and validity gates",created_at,timestamptz,No,now(),No,,No,Immutable record creation time in UTC,Internal operational data,No,Inherited/global; service policy required,Authorised role by tenant and purpose,Contract/legal obligation/legitimate interests as documented; never infer consent from notice acknowledgement,Entity lifecycle schedule,Append-only / immutable,Encrypted at rest and in transit,Required for create/update/delete/read-export where material
assessment,assessment_versions,Immutable assessment configuration snapshot,id,uuid,No,gen_random_uuid(),Yes,,No,Stable record identifier,Internal operational data,No,Inherited/global; service policy required,Authorised role by tenant and purpose,Contract/legal obligation/legitimate interests as documented; never infer consent from notice acknowledgement,Entity lifecycle schedule,Mutable through audited service command,Encrypted at rest and in transit,Required for create/update/delete/read-export where material
assessment,assessment_versions,Immutable assessment configuration snapshot,assessment_id,uuid,No,,No,assessment.assessments(id),Composite/Yes,Assessment reference,Internal operational data,No,Inherited/global; service policy required,Authorised role by tenant and purpose,Contract/legal obligation/legitimate interests as documented; never infer consent from notice acknowledgement,Entity lifecycle schedule,Mutable through audited service command,Encrypted at rest and in transit,Required for create/update/delete/read-export where material
assessment,assessment_versions,Immutable assessment configuration snapshot,version_no,integer,No,,No,,Composite/Yes,Version no,Internal operational data,No,Inherited/global; service policy required,Authorised role by tenant and purpose,Contract/legal obligation/legitimate interests as documented; never infer consent from notice acknowledgement,Entity lifecycle schedule,Mutable through audited service command,Encrypted at rest and in transit,Required for create/update/delete/read-export where material
assessment,assessment_versions,Immutable assessment configuration snapshot,competency_framework_version_id,uuid,No,,No,assessment.competency_framework_versions(id),No,Competency framework version reference,Internal operational data,No,Inherited/global; service policy required,Authorised role by tenant and purpose,Contract/legal obligation/legitimate interests as documented; never infer consent from notice acknowledgement,Entity lifecycle schedule,Mutable through audited service command,Encrypted at rest and in transit,Required for create/update/delete/read-export where material
assessment,assessment_versions,Immutable assessment configuration snapshot,rubric_version_id,uuid,No,,No,assessment.rubric_versions(id),No,Rubric version reference,Internal operational data,No,Inherited/global; service policy required,Authorised role by tenant and purpose,Contract/legal obligation/legitimate interests as documented; never infer consent from notice acknowledgement,Entity lifecycle schedule,Mutable through audited service command,Encrypted at rest and in transit,Required for create/update/delete/read-export where material
assessment,assessment_versions,Immutable assessment configuration snapshot,default_model_id,uuid,Yes,,No,assessment.model_registry(id),No,Default model reference,Internal operational data,No,Inherited/global; service policy required,Authorised role by tenant and purpose,Contract/legal obligation/legitimate interests as documented; never infer consent from notice acknowledgement,Entity lifecycle schedule,Mutable through audited service command,Encrypted at rest and in transit,Required for create/update/delete/read-export where material
assessment,assessment_versions,Immutable assessment configuration snapshot,default_prompt_version_id,uuid,Yes,,No,assessment.prompt_versions(id),No,Default prompt version reference,Internal operational data,No,Inherited/global; service policy required,Authorised role by tenant and purpose,Contract/legal obligation/legitimate interests as documented; never infer consent from notice acknowledgement,Entity lifecycle schedule,Mutable through audited service command,Encrypted at rest and in transit,Required for create/update/delete/read-export where material
assessment,assessment_versions,Immutable assessment configuration snapshot,duration_seconds,integer,No,,No,,No,Duration seconds,Internal operational data,No,Inherited/global; service policy required,Authorised role by tenant and purpose,Contract/legal obligation/legitimate interests as documented; never infer consent from notice acknowledgement,Entity lifecycle schedule,Mutable through audited service command,Encrypted at rest and in transit,Required for create/update/delete/read-export where material
assessment,assessment_versions,Immutable assessment configuration snapshot,instructions,jsonb,No,,No,,No,Instructions,Internal operational data,No,Inherited/global; service policy required,Authorised role by tenant and purpose,Contract/legal obligation/legitimate interests as documented; never infer consent from notice acknowledgement,Entity lifecycle schedule,Mutable through audited service command,Encrypted at rest and in transit,Required for create/update/delete/read-export where material
assessment,assessment_versions,Immutable assessment configuration snapshot,technical_requirements,jsonb,No,'{}'::jsonb,No,,No,Technical requirements,Internal operational data,No,Inherited/global; service policy required,Authorised role by tenant and purpose,Contract/legal obligation/legitimate interests as documented; never infer consent from notice acknowledgement,Entity lifecycle schedule,Mutable through audited service command,Encrypted at rest and in transit,Required for create/update/delete/read-export where material
assessment,assessment_versions,Immutable assessment configuration snapshot,accessibility_config,jsonb,No,'{}'::jsonb,No,,No,Accessibility config,Internal operational data,No,Inherited/global; service policy required,Authorised role by tenant and purpose,Contract/legal obligation/legitimate interests as documented; never infer consent from notice acknowledgement,Entity lifecycle schedule,Mutable through audited service command,Encrypted at rest and in transit,Required for create/update/delete/read-export where material
assessment,assessment_versions,Immutable assessment configuration snapshot,monitoring_policy,jsonb,No,'{}'::jsonb,No,,No,Monitoring policy,Internal operational data,No,Inherited/global; service policy required,Authorised role by tenant and purpose,Contract/legal obligation/legitimate interests as documented; never infer consent from notice acknowledgement,Entity lifecycle schedule,Mutable through audited service command,Encrypted at rest and in transit,Required for create/update/delete/read-export where material
assessment,assessment_versions,Immutable assessment configuration snapshot,status,text,No,,No,,No,Controlled lifecycle state,Internal operational data,No,Inherited/global; service policy required,Authorised role by tenant and purpose,Contract/legal obligation/legitimate interests as documented; never infer consent from notice acknowledgement,Entity lifecycle schedule,Mutable through audited service command,Encrypted at rest and in transit,Required for create/update/delete/read-export where material
assessment,assessment_versions,Immutable assessment configuration snapshot,effective_from,timestamptz,Yes,,No,,No,Effective from,Internal operational data,No,Inherited/global; service policy required,Authorised role by tenant and purpose,Contract/legal obligation/legitimate interests as documented; never infer consent from notice acknowledgement,Entity lifecycle schedule,Mutable through audited service command,Encrypted at rest and in transit,Required for create/update/delete/read-export where material
assessment,assessment_versions,Immutable assessment configuration snapshot,effective_to,timestamptz,Yes,,No,,No,Effective to,Internal operational data,No,Inherited/global; service policy required,Authorised role by tenant and purpose,Contract/legal obligation/legitimate interests as documented; never infer consent from notice acknowledgement,Entity lifecycle schedule,Mutable through audited service command,Encrypted at rest and in transit,Required for create/update/delete/read-export where material
assessment,assessment_versions,Immutable assessment configuration snapshot,revalidate_by,date,Yes,,No,,No,Revalidate by,Internal operational data,No,Inherited/global; service policy required,Authorised role by tenant and purpose,Contract/legal obligation/legitimate interests as documented; never infer consent from notice acknowledgement,Entity lifecycle schedule,Mutable through audited service command,Encrypted at rest and in transit,Required for create/update/delete/read-export where material
assessment,assessment_versions,Immutable assessment configuration snapshot,content_hash,text,No,,No,,No,Content hash,Internal operational data,No,Inherited/global; service policy required,Authorised role by tenant and purpose,Contract/legal obligation/legitimate interests as documented; never infer consent from notice acknowledgement,Entity lifecycle schedule,Mutable through audited service command,Encrypted at rest and in transit,Required for create/update/delete/read-export where material
assessment,assessment_versions,Immutable assessment configuration snapshot,created_at,timestamptz,No,now(),No,,No,Immutable record creation time in UTC,Internal operational data,No,Inherited/global; service policy required,Authorised role by tenant and purpose,Contract/legal obligation/legitimate interests as documented; never infer consent from notice acknowledgement,Entity lifecycle schedule,Append-only / immutable,Encrypted at rest and in transit,Required for create/update/delete/read-export where material
assessment,assessments,Assessment identity and lifecycle,id,uuid,No,gen_random_uuid(),Yes,,No,Stable record identifier,Internal operational data,No,Direct tenant_id,Authorised role by tenant and purpose,Contract/legal obligation/legitimate interests as documented; never infer consent from notice acknowledgement,Entity lifecycle schedule,Mutable through audited service command,Encrypted at rest and in transit,Required for create/update/delete/read-export where material
assessment,assessments,Assessment identity and lifecycle,tenant_id,uuid,Yes,,No,tenant.organizations(id),Composite/Yes,Employer tenant isolation key,Internal operational data,No,Direct tenant_id,Authorised role by tenant and purpose,Contract/legal obligation/legitimate interests as documented; never infer consent from notice acknowledgement,Entity lifecycle schedule,Mutable through audited service command,Encrypted at rest and in transit,Required for create/update/delete/read-export where material
assessment,assessments,Assessment identity and lifecycle,code,text,No,,No,,Composite/Yes,Code,Internal operational data,No,Direct tenant_id,Authorised role by tenant and purpose,Contract/legal obligation/legitimate interests as documented; never infer consent from notice acknowledgement,Entity lifecycle schedule,Mutable through audited service command,Encrypted at rest and in transit,Required for create/update/delete/read-export where material
assessment,assessments,Assessment identity and lifecycle,title,text,No,,No,,No,Title,Internal operational data,No,Direct tenant_id,Authorised role by tenant and purpose,Contract/legal obligation/legitimate interests as documented; never infer consent from notice acknowledgement,Entity lifecycle schedule,Mutable through audited service command,Encrypted at rest and in transit,Required for create/update/delete/read-export where material
assessment,assessments,Assessment identity and lifecycle,target_role,text,No,,No,,No,Target role,Internal operational data,No,Direct tenant_id,Authorised role by tenant and purpose,Contract/legal obligation/legitimate interests as documented; never infer consent from notice acknowledgement,Entity lifecycle schedule,Mutable through audited service command,Encrypted at rest and in transit,Required for create/update/delete/read-export where material
assessment,assessments,Assessment identity and lifecycle,seniority,text,No,,No,,No,Seniority,Internal operational data,No,Direct tenant_id,Authorised role by tenant and purpose,Contract/legal obligation/legitimate interests as documented; never infer consent from notice acknowledgement,Entity lifecycle schedule,Mutable through audited service command,Encrypted at rest and in transit,Required for create/update/delete/read-export where material
assessment,assessments,Assessment identity and lifecycle,owner_user_id,uuid,Yes,,No,iam.users(id),No,Owner user reference,Internal operational data,No,Direct tenant_id,Authorised role by tenant and purpose,Contract/legal obligation/legitimate interests as documented; never infer consent from notice acknowledgement,Entity lifecycle schedule,Mutable through audited service command,Encrypted at rest and in transit,Required for create/update/delete/read-export where material
assessment,assessments,Assessment identity and lifecycle,lifecycle_status,text,No,,No,,No,Lifecycle status,Internal operational data,No,Direct tenant_id,Authorised role by tenant and purpose,Contract/legal obligation/legitimate interests as documented; never infer consent from notice acknowledgement,Entity lifecycle schedule,Mutable through audited service command,Encrypted at rest and in transit,Required for create/update/delete/read-export where material
assessment,assessments,Assessment identity and lifecycle,created_at,timestamptz,No,now(),No,,No,Immutable record creation time in UTC,Internal operational data,No,Direct tenant_id,Authorised role by tenant and purpose,Contract/legal obligation/legitimate interests as documented; never infer consent from notice acknowledgement,Entity lifecycle schedule,Append-only / immutable,Encrypted at rest and in transit,Required for create/update/delete/read-export where material
assessment,assessments,Assessment identity and lifecycle,updated_at,timestamptz,No,now(),No,,No,Last mutable update time in UTC,Internal operational data,No,Direct tenant_id,Authorised role by tenant and purpose,Contract/legal obligation/legitimate interests as documented; never infer consent from notice acknowledgement,Entity lifecycle schedule,Mutable through audited service command,Encrypted at rest and in transit,Required for create/update/delete/read-export where material
assessment,competencies,Competencies and level anchors,id,uuid,No,gen_random_uuid(),Yes,,No,Stable record identifier,Internal operational data,No,Inherited/global; service policy required,Authorised role by tenant and purpose,Contract/legal obligation/legitimate interests as documented; never infer consent from notice acknowledgement,Entity lifecycle schedule,Mutable through audited service command,Encrypted at rest and in transit,Required for create/update/delete/read-export where material
assessment,competencies,Competencies and level anchors,framework_version_id,uuid,No,,No,assessment.competency_framework_versions(id),Composite/Yes,Framework version reference,Internal operational data,No,Inherited/global; service policy required,Authorised role by tenant and purpose,Contract/legal obligation/legitimate interests as documented; never infer consent from notice acknowledgement,Entity lifecycle schedule,Mutable through audited service command,Encrypted at rest and in transit,Required for create/update/delete/read-export where material
assessment,competencies,Competencies and level anchors,code,text,No,,No,,Composite/Yes,Code,Internal operational data,No,Inherited/global; service policy required,Authorised role by tenant and purpose,Contract/legal obligation/legitimate interests as documented; never infer consent from notice acknowledgement,Entity lifecycle schedule,Mutable through audited service command,Encrypted at rest and in transit,Required for create/update/delete/read-export where material
assessment,competencies,Competencies and level anchors,name,text,No,,No,,No,Name,Internal operational data,No,Inherited/global; service policy required,Authorised role by tenant and purpose,Contract/legal obligation/legitimate interests as documented; never infer consent from notice acknowledgement,Entity lifecycle schedule,Mutable through audited service command,Encrypted at rest and in transit,Required for create/update/delete/read-export where material
assessment,competencies,Competencies and level anchors,description,text,No,,No,,No,Description,Internal operational data,No,Inherited/global; service policy required,Authorised role by tenant and purpose,Contract/legal obligation/legitimate interests as documented; never infer consent from notice acknowledgement,Entity lifecycle schedule,Mutable through audited service command,Encrypted at rest and in transit,Required for create/update/delete/read-export where material
assessment,competencies,Competencies and level anchors,level_anchors,jsonb,No,'[]'::jsonb,No,,No,Level anchors,Internal operational data,No,Inherited/global; service policy required,Authorised role by tenant and purpose,Contract/legal obligation/legitimate interests as documented; never infer consent from notice acknowledgement,Entity lifecycle schedule,Mutable through audited service command,Encrypted at rest and in transit,Required for create/update/delete/read-export where material
assessment,competencies,Competencies and level anchors,display_order,integer,No,,No,,No,Display order,Internal operational data,No,Inherited/global; service policy required,Authorised role by tenant and purpose,Contract/legal obligation/legitimate interests as documented; never infer consent from notice acknowledgement,Entity lifecycle schedule,Mutable through audited service command,Encrypted at rest and in transit,Required for create/update/delete/read-export where material
assessment,competency_framework_versions,Immutable competency definitions,id,uuid,No,gen_random_uuid(),Yes,,No,Stable record identifier,Internal operational data,No,Inherited/global; service policy required,Authorised role by tenant and purpose,Contract/legal obligation/legitimate interests as documented; never infer consent from notice acknowledgement,Entity lifecycle schedule,Mutable through audited service command,Encrypted at rest and in transit,Required for create/update/delete/read-export where material
assessment,competency_framework_versions,Immutable competency definitions,framework_id,uuid,No,,No,assessment.competency_frameworks(id),Composite/Yes,Framework reference,Internal operational data,No,Inherited/global; service policy required,Authorised role by tenant and purpose,Contract/legal obligation/legitimate interests as documented; never infer consent from notice acknowledgement,Entity lifecycle schedule,Mutable through audited service command,Encrypted at rest and in transit,Required for create/update/delete/read-export where material
assessment,competency_framework_versions,Immutable competency definitions,version_no,integer,No,,No,,Composite/Yes,Version no,Internal operational data,No,Inherited/global; service policy required,Authorised role by tenant and purpose,Contract/legal obligation/legitimate interests as documented; never infer consent from notice acknowledgement,Entity lifecycle schedule,Mutable through audited service command,Encrypted at rest and in transit,Required for create/update/delete/read-export where material
assessment,competency_framework_versions,Immutable competency definitions,content,jsonb,No,,No,,No,Content,Internal operational data,No,Inherited/global; service policy required,Authorised role by tenant and purpose,Contract/legal obligation/legitimate interests as documented; never infer consent from notice acknowledgement,Entity lifecycle schedule,Mutable through audited service command,Encrypted at rest and in transit,Required for create/update/delete/read-export where material
assessment,competency_framework_versions,Immutable competency definitions,rationale,text,Yes,,No,,No,Rationale,Internal operational data,No,Inherited/global; service policy required,Authorised role by tenant and purpose,Contract/legal obligation/legitimate interests as documented; never infer consent from notice acknowledgement,Entity lifecycle schedule,Mutable through audited service command,Encrypted at rest and in transit,Required for create/update/delete/read-export where material
assessment,competency_framework_versions,Immutable competency definitions,approval_status,text,No,,No,,No,Approval status,Internal operational data,No,Inherited/global; service policy required,Authorised role by tenant and purpose,Contract/legal obligation/legitimate interests as documented; never infer consent from notice acknowledgement,Entity lifecycle schedule,Mutable through audited service command,Encrypted at rest and in transit,Required for create/update/delete/read-export where material
assessment,competency_framework_versions,Immutable competency definitions,effective_from,timestamptz,Yes,,No,,No,Effective from,Internal operational data,No,Inherited/global; service policy required,Authorised role by tenant and purpose,Contract/legal obligation/legitimate interests as documented; never infer consent from notice acknowledgement,Entity lifecycle schedule,Mutable through audited service command,Encrypted at rest and in transit,Required for create/update/delete/read-export where material
assessment,competency_framework_versions,Immutable competency definitions,effective_to,timestamptz,Yes,,No,,No,Effective to,Internal operational data,No,Inherited/global; service policy required,Authorised role by tenant and purpose,Contract/legal obligation/legitimate interests as documented; never infer consent from notice acknowledgement,Entity lifecycle schedule,Mutable through audited service command,Encrypted at rest and in transit,Required for create/update/delete/read-export where material
assessment,competency_framework_versions,Immutable competency definitions,approved_by,uuid,Yes,,No,iam.users(id),No,Approved by,Internal operational data,No,Inherited/global; service policy required,Authorised role by tenant and purpose,Contract/legal obligation/legitimate interests as documented; never infer consent from notice acknowledgement,Entity lifecycle schedule,Mutable through audited service command,Encrypted at rest and in transit,Required for create/update/delete/read-export where material
assessment,competency_framework_versions,Immutable competency definitions,approved_at,timestamptz,Yes,,No,,No,Approved timestamp,Internal operational data,No,Inherited/global; service policy required,Authorised role by tenant and purpose,Contract/legal obligation/legitimate interests as documented; never infer consent from notice acknowledgement,Entity lifecycle schedule,Mutable through audited service command,Encrypted at rest and in transit,Required for create/update/delete/read-export where material
assessment,competency_framework_versions,Immutable competency definitions,created_at,timestamptz,No,now(),No,,No,Immutable record creation time in UTC,Internal operational data,No,Inherited/global; service policy required,Authorised role by tenant and purpose,Contract/legal obligation/legitimate interests as documented; never infer consent from notice acknowledgement,Entity lifecycle schedule,Append-only / immutable,Encrypted at rest and in transit,Required for create/update/delete/read-export where material
assessment,competency_frameworks,Competency framework identity,id,uuid,No,gen_random_uuid(),Yes,,No,Stable record identifier,Internal operational data,No,Direct tenant_id,Authorised role by tenant and purpose,Contract/legal obligation/legitimate interests as documented; never infer consent from notice acknowledgement,Entity lifecycle schedule,Mutable through audited service command,Encrypted at rest and in transit,Required for create/update/delete/read-export where material
assessment,competency_frameworks,Competency framework identity,tenant_id,uuid,Yes,,No,tenant.organizations(id),Composite/Yes,Employer tenant isolation key,Internal operational data,No,Direct tenant_id,Authorised role by tenant and purpose,Contract/legal obligation/legitimate interests as documented; never infer consent from notice acknowledgement,Entity lifecycle schedule,Mutable through audited service command,Encrypted at rest and in transit,Required for create/update/delete/read-export where material
assessment,competency_frameworks,Competency framework identity,code,text,No,,No,,Composite/Yes,Code,Internal operational data,No,Direct tenant_id,Authorised role by tenant and purpose,Contract/legal obligation/legitimate interests as documented; never infer consent from notice acknowledgement,Entity lifecycle schedule,Mutable through audited service command,Encrypted at rest and in transit,Required for create/update/delete/read-export where material
assessment,competency_frameworks,Competency framework identity,name,text,No,,No,,No,Name,Internal operational data,No,Direct tenant_id,Authorised role by tenant and purpose,Contract/legal obligation/legitimate interests as documented; never infer consent from notice acknowledgement,Entity lifecycle schedule,Mutable through audited service command,Encrypted at rest and in transit,Required for create/update/delete/read-export where material
assessment,competency_frameworks,Competency framework identity,owner_user_id,uuid,Yes,,No,iam.users(id),No,Owner user reference,Internal operational data,No,Direct tenant_id,Authorised role by tenant and purpose,Contract/legal obligation/legitimate interests as documented; never infer consent from notice acknowledgement,Entity lifecycle schedule,Mutable through audited service command,Encrypted at rest and in transit,Required for create/update/delete/read-export where material
assessment,competency_frameworks,Competency framework identity,status,text,No,,No,,No,Controlled lifecycle state,Internal operational data,No,Direct tenant_id,Authorised role by tenant and purpose,Contract/legal obligation/legitimate interests as documented; never infer consent from notice acknowledgement,Entity lifecycle schedule,Mutable through audited service command,Encrypted at rest and in transit,Required for create/update/delete/read-export where material
assessment,competency_frameworks,Competency framework identity,created_at,timestamptz,No,now(),No,,No,Immutable record creation time in UTC,Internal operational data,No,Direct tenant_id,Authorised role by tenant and purpose,Contract/legal obligation/legitimate interests as documented; never infer consent from notice acknowledgement,Entity lifecycle schedule,Append-only / immutable,Encrypted at rest and in transit,Required for create/update/delete/read-export where material
assessment,model_registry,Approved AI model versions and limitations,id,uuid,No,gen_random_uuid(),Yes,,No,Stable record identifier,Internal operational data,No,Inherited/global; service policy required,Authorised role by tenant and purpose,Contract/legal obligation/legitimate interests as documented; never infer consent from notice acknowledgement,Entity lifecycle schedule,Mutable through audited service command,Encrypted at rest and in transit,Required for create/update/delete/read-export where material
assessment,model_registry,Approved AI model versions and limitations,provider,text,No,,No,,Composite/Yes,Provider,Internal operational data,No,Inherited/global; service policy required,Authorised role by tenant and purpose,Contract/legal obligation/legitimate interests as documented; never infer consent from notice acknowledgement,Entity lifecycle schedule,Mutable through audited service command,Encrypted at rest and in transit,Required for create/update/delete/read-export where material
assessment,model_registry,Approved AI model versions and limitations,model_key,text,No,,No,,Composite/Yes,Model key,Internal operational data,No,Inherited/global; service policy required,Authorised role by tenant and purpose,Contract/legal obligation/legitimate interests as documented; never infer consent from notice acknowledgement,Entity lifecycle schedule,Mutable through audited service command,Encrypted at rest and in transit,Required for create/update/delete/read-export where material
assessment,model_registry,Approved AI model versions and limitations,display_name,text,No,,No,,No,Display name,Confidential personal data,No,Inherited/global; service policy required,Data subject; authorised operations,Contract/legal obligation/legitimate interests as documented; never infer consent from notice acknowledgement,Purpose-specific controller schedule,Mutable through audited service command,Encrypted at rest and in transit,Required for create/update/delete/read-export where material
assessment,model_registry,Approved AI model versions and limitations,model_version,text,No,,No,,Composite/Yes,Model version,Internal operational data,No,Inherited/global; service policy required,Authorised role by tenant and purpose,Contract/legal obligation/legitimate interests as documented; never infer consent from notice acknowledgement,Entity lifecycle schedule,Mutable through audited service command,Encrypted at rest and in transit,Required for create/update/delete/read-export where material
assessment,model_registry,Approved AI model versions and limitations,intended_purpose,text,No,,No,,No,Intended purpose,Internal operational data,No,Inherited/global; service policy required,Authorised role by tenant and purpose,Contract/legal obligation/legitimate interests as documented; never infer consent from notice acknowledgement,Entity lifecycle schedule,Mutable through audited service command,Encrypted at rest and in transit,Required for create/update/delete/read-export where material
assessment,model_registry,Approved AI model versions and limitations,limitations,text,No,,No,,No,Limitations,Internal operational data,No,Inherited/global; service policy required,Authorised role by tenant and purpose,Contract/legal obligation/legitimate interests as documented; never infer consent from notice acknowledgement,Entity lifecycle schedule,Mutable through audited service command,Encrypted at rest and in transit,Required for create/update/delete/read-export where material
assessment,model_registry,Approved AI model versions and limitations,data_region,text,Yes,,No,,No,Data region,Internal operational data,No,Inherited/global; service policy required,Authorised role by tenant and purpose,Contract/legal obligation/legitimate interests as documented; never infer consent from notice acknowledgement,Entity lifecycle schedule,Mutable through audited service command,Encrypted at rest and in transit,Required for create/update/delete/read-export where material
assessment,model_registry,Approved AI model versions and limitations,status,text,No,,No,,No,Controlled lifecycle state,Internal operational data,No,Inherited/global; service policy required,Authorised role by tenant and purpose,Contract/legal obligation/legitimate interests as documented; never infer consent from notice acknowledgement,Entity lifecycle schedule,Mutable through audited service command,Encrypted at rest and in transit,Required for create/update/delete/read-export where material
assessment,model_registry,Approved AI model versions and limitations,evaluation_summary,jsonb,No,'{}'::jsonb,No,,No,Evaluation summary,Internal operational data,No,Inherited/global; service policy required,Authorised role by tenant and purpose,Contract/legal obligation/legitimate interests as documented; never infer consent from notice acknowledgement,Entity lifecycle schedule,Mutable through audited service command,Encrypted at rest and in transit,Required for create/update/delete/read-export where material
assessment,model_registry,Approved AI model versions and limitations,approved_by,uuid,Yes,,No,iam.users(id),No,Approved by,Internal operational data,No,Inherited/global; service policy required,Authorised role by tenant and purpose,Contract/legal obligation/legitimate interests as documented; never infer consent from notice acknowledgement,Entity lifecycle schedule,Mutable through audited service command,Encrypted at rest and in transit,Required for create/update/delete/read-export where material
assessment,model_registry,Approved AI model versions and limitations,approved_at,timestamptz,Yes,,No,,No,Approved timestamp,Internal operational data,No,Inherited/global; service policy required,Authorised role by tenant and purpose,Contract/legal obligation/legitimate interests as documented; never infer consent from notice acknowledgement,Entity lifecycle schedule,Mutable through audited service command,Encrypted at rest and in transit,Required for create/update/delete/read-export where material
assessment,model_registry,Approved AI model versions and limitations,created_at,timestamptz,No,now(),No,,No,Immutable record creation time in UTC,Internal operational data,No,Inherited/global; service policy required,Authorised role by tenant and purpose,Contract/legal obligation/legitimate interests as documented; never infer consent from notice acknowledgement,Entity lifecycle schedule,Append-only / immutable,Encrypted at rest and in transit,Required for create/update/delete/read-export where material
assessment,plugin_registry,Approved plugin versions and reviews,id,uuid,No,gen_random_uuid(),Yes,,No,Stable record identifier,Internal operational data,No,Inherited/global; service policy required,Authorised role by tenant and purpose,Contract/legal obligation/legitimate interests as documented; never infer consent from notice acknowledgement,Entity lifecycle schedule,Mutable through audited service command,Encrypted at rest and in transit,Required for create/update/delete/read-export where material
assessment,plugin_registry,Approved plugin versions and reviews,code,text,No,,No,,Composite/Yes,Code,Internal operational data,No,Inherited/global; service policy required,Authorised role by tenant and purpose,Contract/legal obligation/legitimate interests as documented; never infer consent from notice acknowledgement,Entity lifecycle schedule,Mutable through audited service command,Encrypted at rest and in transit,Required for create/update/delete/read-export where material
assessment,plugin_registry,Approved plugin versions and reviews,provider,text,No,,No,,No,Provider,Internal operational data,No,Inherited/global; service policy required,Authorised role by tenant and purpose,Contract/legal obligation/legitimate interests as documented; never infer consent from notice acknowledgement,Entity lifecycle schedule,Mutable through audited service command,Encrypted at rest and in transit,Required for create/update/delete/read-export where material
assessment,plugin_registry,Approved plugin versions and reviews,name,text,No,,No,,No,Name,Internal operational data,No,Inherited/global; service policy required,Authorised role by tenant and purpose,Contract/legal obligation/legitimate interests as documented; never infer consent from notice acknowledgement,Entity lifecycle schedule,Mutable through audited service command,Encrypted at rest and in transit,Required for create/update/delete/read-export where material
assessment,plugin_registry,Approved plugin versions and reviews,version,text,No,,No,,Composite/Yes,Version,Internal operational data,No,Inherited/global; service policy required,Authorised role by tenant and purpose,Contract/legal obligation/legitimate interests as documented; never infer consent from notice acknowledgement,Entity lifecycle schedule,Mutable through audited service command,Encrypted at rest and in transit,Required for create/update/delete/read-export where material
assessment,plugin_registry,Approved plugin versions and reviews,permissions,jsonb,No,'{}'::jsonb,No,,No,Permissions,Internal operational data,No,Inherited/global; service policy required,Authorised role by tenant and purpose,Contract/legal obligation/legitimate interests as documented; never infer consent from notice acknowledgement,Entity lifecycle schedule,Mutable through audited service command,Encrypted at rest and in transit,Required for create/update/delete/read-export where material
assessment,plugin_registry,Approved plugin versions and reviews,security_review,jsonb,No,'{}'::jsonb,No,,No,Security review,Internal operational data,No,Inherited/global; service policy required,Authorised role by tenant and purpose,Contract/legal obligation/legitimate interests as documented; never infer consent from notice acknowledgement,Entity lifecycle schedule,Mutable through audited service command,Encrypted at rest and in transit,Required for create/update/delete/read-export where material
assessment,plugin_registry,Approved plugin versions and reviews,privacy_review,jsonb,No,'{}'::jsonb,No,,No,Privacy review,Internal operational data,No,Inherited/global; service policy required,Authorised role by tenant and purpose,Contract/legal obligation/legitimate interests as documented; never infer consent from notice acknowledgement,Entity lifecycle schedule,Mutable through audited service command,Encrypted at rest and in transit,Required for create/update/delete/read-export where material
assessment,plugin_registry,Approved plugin versions and reviews,accessibility_review,jsonb,No,'{}'::jsonb,No,,No,Accessibility review,Internal operational data,No,Inherited/global; service policy required,Authorised role by tenant and purpose,Contract/legal obligation/legitimate interests as documented; never infer consent from notice acknowledgement,Entity lifecycle schedule,Mutable through audited service command,Encrypted at rest and in transit,Required for create/update/delete/read-export where material
assessment,plugin_registry,Approved plugin versions and reviews,status,text,No,,No,,No,Controlled lifecycle state,Internal operational data,No,Inherited/global; service policy required,Authorised role by tenant and purpose,Contract/legal obligation/legitimate interests as documented; never infer consent from notice acknowledgement,Entity lifecycle schedule,Mutable through audited service command,Encrypted at rest and in transit,Required for create/update/delete/read-export where material
assessment,plugin_registry,Approved plugin versions and reviews,created_at,timestamptz,No,now(),No,,No,Immutable record creation time in UTC,Internal operational data,No,Inherited/global; service policy required,Authorised role by tenant and purpose,Contract/legal obligation/legitimate interests as documented; never infer consent from notice acknowledgement,Entity lifecycle schedule,Append-only / immutable,Encrypted at rest and in transit,Required for create/update/delete/read-export where material
assessment,prompt_versions,System prompt and safety policy versions,id,uuid,No,gen_random_uuid(),Yes,,No,Stable record identifier,Internal operational data,No,Inherited/global; service policy required,Authorised role by tenant and purpose,Contract/legal obligation/legitimate interests as documented; never infer consent from notice acknowledgement,Entity lifecycle schedule,Mutable through audited service command,Encrypted at rest and in transit,Required for create/update/delete/read-export where material
assessment,prompt_versions,System prompt and safety policy versions,code,text,No,,No,,Composite/Yes,Code,Internal operational data,No,Inherited/global; service policy required,Authorised role by tenant and purpose,Contract/legal obligation/legitimate interests as documented; never infer consent from notice acknowledgement,Entity lifecycle schedule,Mutable through audited service command,Encrypted at rest and in transit,Required for create/update/delete/read-export where material
assessment,prompt_versions,System prompt and safety policy versions,version_no,integer,No,,No,,Composite/Yes,Version no,Internal operational data,No,Inherited/global; service policy required,Authorised role by tenant and purpose,Contract/legal obligation/legitimate interests as documented; never infer consent from notice acknowledgement,Entity lifecycle schedule,Mutable through audited service command,Encrypted at rest and in transit,Required for create/update/delete/read-export where material
assessment,prompt_versions,System prompt and safety policy versions,purpose,text,No,,No,,No,Purpose,Internal operational data,No,Inherited/global; service policy required,Authorised role by tenant and purpose,Contract/legal obligation/legitimate interests as documented; never infer consent from notice acknowledgement,Entity lifecycle schedule,Mutable through audited service command,Encrypted at rest and in transit,Required for create/update/delete/read-export where material
assessment,prompt_versions,System prompt and safety policy versions,system_prompt,text,No,,No,,No,System prompt,Internal operational data,No,Inherited/global; service policy required,Authorised role by tenant and purpose,Contract/legal obligation/legitimate interests as documented; never infer consent from notice acknowledgement,Entity lifecycle schedule,Mutable through audited service command,Encrypted at rest and in transit,Required for create/update/delete/read-export where material
assessment,prompt_versions,System prompt and safety policy versions,safety_policy,jsonb,No,'{}'::jsonb,No,,No,Safety policy,Internal operational data,No,Inherited/global; service policy required,Authorised role by tenant and purpose,Contract/legal obligation/legitimate interests as documented; never infer consent from notice acknowledgement,Entity lifecycle schedule,Mutable through audited service command,Encrypted at rest and in transit,Required for create/update/delete/read-export where material
assessment,prompt_versions,System prompt and safety policy versions,status,text,No,,No,,No,Controlled lifecycle state,Internal operational data,No,Inherited/global; service policy required,Authorised role by tenant and purpose,Contract/legal obligation/legitimate interests as documented; never infer consent from notice acknowledgement,Entity lifecycle schedule,Mutable through audited service command,Encrypted at rest and in transit,Required for create/update/delete/read-export where material
assessment,prompt_versions,System prompt and safety policy versions,approved_by,uuid,Yes,,No,iam.users(id),No,Approved by,Internal operational data,No,Inherited/global; service policy required,Authorised role by tenant and purpose,Contract/legal obligation/legitimate interests as documented; never infer consent from notice acknowledgement,Entity lifecycle schedule,Mutable through audited service command,Encrypted at rest and in transit,Required for create/update/delete/read-export where material
assessment,prompt_versions,System prompt and safety policy versions,approved_at,timestamptz,Yes,,No,,No,Approved timestamp,Internal operational data,No,Inherited/global; service policy required,Authorised role by tenant and purpose,Contract/legal obligation/legitimate interests as documented; never infer consent from notice acknowledgement,Entity lifecycle schedule,Mutable through audited service command,Encrypted at rest and in transit,Required for create/update/delete/read-export where material
assessment,prompt_versions,System prompt and safety policy versions,created_at,timestamptz,No,now(),No,,No,Immutable record creation time in UTC,Internal operational data,No,Inherited/global; service policy required,Authorised role by tenant and purpose,Contract/legal obligation/legitimate interests as documented; never infer consent from notice acknowledgement,Entity lifecycle schedule,Append-only / immutable,Encrypted at rest and in transit,Required for create/update/delete/read-export where material
assessment,rubric_anchors,Behavioural scoring anchors,id,uuid,No,gen_random_uuid(),Yes,,No,Stable record identifier,Internal operational data,No,Inherited/global; service policy required,Authorised role by tenant and purpose,Contract/legal obligation/legitimate interests as documented; never infer consent from notice acknowledgement,Entity lifecycle schedule,Mutable through audited service command,Encrypted at rest and in transit,Required for create/update/delete/read-export where material
assessment,rubric_anchors,Behavioural scoring anchors,criterion_id,uuid,No,,No,assessment.rubric_criteria(id),Composite/Yes,Criterion reference,Internal operational data,No,Inherited/global; service policy required,Authorised role by tenant and purpose,Contract/legal obligation/legitimate interests as documented; never infer consent from notice acknowledgement,Entity lifecycle schedule,Mutable through audited service command,Encrypted at rest and in transit,Required for create/update/delete/read-export where material
assessment,rubric_anchors,Behavioural scoring anchors,score_value,"numeric(10,4)",No,,No,,Composite/Yes,Score value,Internal operational data,No,Inherited/global; service policy required,Authorised role by tenant and purpose,Contract/legal obligation/legitimate interests as documented; never infer consent from notice acknowledgement,Entity lifecycle schedule,Mutable through audited service command,Encrypted at rest and in transit,Required for create/update/delete/read-export where material
assessment,rubric_anchors,Behavioural scoring anchors,label,text,No,,No,,No,Label,Internal operational data,No,Inherited/global; service policy required,Authorised role by tenant and purpose,Contract/legal obligation/legitimate interests as documented; never infer consent from notice acknowledgement,Entity lifecycle schedule,Mutable through audited service command,Encrypted at rest and in transit,Required for create/update/delete/read-export where material
assessment,rubric_anchors,Behavioural scoring anchors,description,text,No,,No,,No,Description,Internal operational data,No,Inherited/global; service policy required,Authorised role by tenant and purpose,Contract/legal obligation/legitimate interests as documented; never infer consent from notice acknowledgement,Entity lifecycle schedule,Mutable through audited service command,Encrypted at rest and in transit,Required for create/update/delete/read-export where material
assessment,rubric_anchors,Behavioural scoring anchors,evidence_examples,jsonb,No,'[]'::jsonb,No,,No,Evidence examples,Internal operational data,No,Inherited/global; service policy required,Authorised role by tenant and purpose,Contract/legal obligation/legitimate interests as documented; never infer consent from notice acknowledgement,Entity lifecycle schedule,Mutable through audited service command,Encrypted at rest and in transit,Required for create/update/delete/read-export where material
assessment,rubric_criteria,Criterion definitions and weights,id,uuid,No,gen_random_uuid(),Yes,,No,Stable record identifier,Internal operational data,No,Inherited/global; service policy required,Authorised role by tenant and purpose,Contract/legal obligation/legitimate interests as documented; never infer consent from notice acknowledgement,Entity lifecycle schedule,Mutable through audited service command,Encrypted at rest and in transit,Required for create/update/delete/read-export where material
assessment,rubric_criteria,Criterion definitions and weights,rubric_version_id,uuid,No,,No,assessment.rubric_versions(id),Composite/Yes,Rubric version reference,Internal operational data,No,Inherited/global; service policy required,Authorised role by tenant and purpose,Contract/legal obligation/legitimate interests as documented; never infer consent from notice acknowledgement,Entity lifecycle schedule,Mutable through audited service command,Encrypted at rest and in transit,Required for create/update/delete/read-export where material
assessment,rubric_criteria,Criterion definitions and weights,competency_id,uuid,Yes,,No,assessment.competencies(id),No,Competency reference,Internal operational data,No,Inherited/global; service policy required,Authorised role by tenant and purpose,Contract/legal obligation/legitimate interests as documented; never infer consent from notice acknowledgement,Entity lifecycle schedule,Mutable through audited service command,Encrypted at rest and in transit,Required for create/update/delete/read-export where material
assessment,rubric_criteria,Criterion definitions and weights,code,text,No,,No,,Composite/Yes,Code,Internal operational data,No,Inherited/global; service policy required,Authorised role by tenant and purpose,Contract/legal obligation/legitimate interests as documented; never infer consent from notice acknowledgement,Entity lifecycle schedule,Mutable through audited service command,Encrypted at rest and in transit,Required for create/update/delete/read-export where material
assessment,rubric_criteria,Criterion definitions and weights,title,text,No,,No,,No,Title,Internal operational data,No,Inherited/global; service policy required,Authorised role by tenant and purpose,Contract/legal obligation/legitimate interests as documented; never infer consent from notice acknowledgement,Entity lifecycle schedule,Mutable through audited service command,Encrypted at rest and in transit,Required for create/update/delete/read-export where material
assessment,rubric_criteria,Criterion definitions and weights,description,text,No,,No,,No,Description,Internal operational data,No,Inherited/global; service policy required,Authorised role by tenant and purpose,Contract/legal obligation/legitimate interests as documented; never infer consent from notice acknowledgement,Entity lifecycle schedule,Mutable through audited service command,Encrypted at rest and in transit,Required for create/update/delete/read-export where material
assessment,rubric_criteria,Criterion definitions and weights,weight,"numeric(7,4)",No,,No,,No,Weight,Internal operational data,No,Inherited/global; service policy required,Authorised role by tenant and purpose,Contract/legal obligation/legitimate interests as documented; never infer consent from notice acknowledgement,Entity lifecycle schedule,Mutable through audited service command,Encrypted at rest and in transit,Required for create/update/delete/read-export where material
assessment,rubric_criteria,Criterion definitions and weights,min_score,"numeric(10,4)",No,,No,,No,Min score,Internal operational data,No,Inherited/global; service policy required,Authorised role by tenant and purpose,Contract/legal obligation/legitimate interests as documented; never infer consent from notice acknowledgement,Entity lifecycle schedule,Mutable through audited service command,Encrypted at rest and in transit,Required for create/update/delete/read-export where material
assessment,rubric_criteria,Criterion definitions and weights,max_score,"numeric(10,4)",No,,No,,No,Max score,Internal operational data,No,Inherited/global; service policy required,Authorised role by tenant and purpose,Contract/legal obligation/legitimate interests as documented; never infer consent from notice acknowledgement,Entity lifecycle schedule,Mutable through audited service command,Encrypted at rest and in transit,Required for create/update/delete/read-export where material
assessment,rubric_criteria,Criterion definitions and weights,minimum_evidence_count,integer,No,1,No,,No,Minimum evidence count,Internal operational data,No,Inherited/global; service policy required,Authorised role by tenant and purpose,Contract/legal obligation/legitimate interests as documented; never infer consent from notice acknowledgement,Entity lifecycle schedule,Mutable through audited service command,Encrypted at rest and in transit,Required for create/update/delete/read-export where material
assessment,rubric_criteria,Criterion definitions and weights,ai_assistance_policy,text,No,'allowed',No,,No,Ai assistance policy,Internal operational data,No,Inherited/global; service policy required,Authorised role by tenant and purpose,Contract/legal obligation/legitimate interests as documented; never infer consent from notice acknowledgement,Entity lifecycle schedule,Mutable through audited service command,Encrypted at rest and in transit,Required for create/update/delete/read-export where material
assessment,rubric_criteria,Criterion definitions and weights,display_order,integer,No,,No,,No,Display order,Internal operational data,No,Inherited/global; service policy required,Authorised role by tenant and purpose,Contract/legal obligation/legitimate interests as documented; never infer consent from notice acknowledgement,Entity lifecycle schedule,Mutable through audited service command,Encrypted at rest and in transit,Required for create/update/delete/read-export where material
assessment,rubric_versions,Versioned scoring rules and weights,id,uuid,No,gen_random_uuid(),Yes,,No,Stable record identifier,Internal operational data,No,Direct tenant_id,Authorised role by tenant and purpose,Contract/legal obligation/legitimate interests as documented; never infer consent from notice acknowledgement,Entity lifecycle schedule,Mutable through audited service command,Encrypted at rest and in transit,Required for create/update/delete/read-export where material
assessment,rubric_versions,Versioned scoring rules and weights,tenant_id,uuid,Yes,,No,tenant.organizations(id),Composite/Yes,Employer tenant isolation key,Internal operational data,No,Direct tenant_id,Authorised role by tenant and purpose,Contract/legal obligation/legitimate interests as documented; never infer consent from notice acknowledgement,Entity lifecycle schedule,Mutable through audited service command,Encrypted at rest and in transit,Required for create/update/delete/read-export where material
assessment,rubric_versions,Versioned scoring rules and weights,code,text,No,,No,,Composite/Yes,Code,Internal operational data,No,Direct tenant_id,Authorised role by tenant and purpose,Contract/legal obligation/legitimate interests as documented; never infer consent from notice acknowledgement,Entity lifecycle schedule,Mutable through audited service command,Encrypted at rest and in transit,Required for create/update/delete/read-export where material
assessment,rubric_versions,Versioned scoring rules and weights,version_no,integer,No,,No,,Composite/Yes,Version no,Internal operational data,No,Direct tenant_id,Authorised role by tenant and purpose,Contract/legal obligation/legitimate interests as documented; never infer consent from notice acknowledgement,Entity lifecycle schedule,Mutable through audited service command,Encrypted at rest and in transit,Required for create/update/delete/read-export where material
assessment,rubric_versions,Versioned scoring rules and weights,status,text,No,,No,,No,Controlled lifecycle state,Internal operational data,No,Direct tenant_id,Authorised role by tenant and purpose,Contract/legal obligation/legitimate interests as documented; never infer consent from notice acknowledgement,Entity lifecycle schedule,Mutable through audited service command,Encrypted at rest and in transit,Required for create/update/delete/read-export where material
assessment,rubric_versions,Versioned scoring rules and weights,scoring_range,jsonb,No,,No,,No,Scoring range,Internal operational data,No,Direct tenant_id,Authorised role by tenant and purpose,Contract/legal obligation/legitimate interests as documented; never infer consent from notice acknowledgement,Entity lifecycle schedule,Mutable through audited service command,Encrypted at rest and in transit,Required for create/update/delete/read-export where material
assessment,rubric_versions,Versioned scoring rules and weights,weighting_policy,jsonb,No,,No,,No,Weighting policy,Internal operational data,No,Direct tenant_id,Authorised role by tenant and purpose,Contract/legal obligation/legitimate interests as documented; never infer consent from notice acknowledgement,Entity lifecycle schedule,Mutable through audited service command,Encrypted at rest and in transit,Required for create/update/delete/read-export where material
assessment,rubric_versions,Versioned scoring rules and weights,effective_from,timestamptz,Yes,,No,,No,Effective from,Internal operational data,No,Direct tenant_id,Authorised role by tenant and purpose,Contract/legal obligation/legitimate interests as documented; never infer consent from notice acknowledgement,Entity lifecycle schedule,Mutable through audited service command,Encrypted at rest and in transit,Required for create/update/delete/read-export where material
assessment,rubric_versions,Versioned scoring rules and weights,effective_to,timestamptz,Yes,,No,,No,Effective to,Internal operational data,No,Direct tenant_id,Authorised role by tenant and purpose,Contract/legal obligation/legitimate interests as documented; never infer consent from notice acknowledgement,Entity lifecycle schedule,Mutable through audited service command,Encrypted at rest and in transit,Required for create/update/delete/read-export where material
assessment,rubric_versions,Versioned scoring rules and weights,approved_by,uuid,Yes,,No,iam.users(id),No,Approved by,Internal operational data,No,Direct tenant_id,Authorised role by tenant and purpose,Contract/legal obligation/legitimate interests as documented; never infer consent from notice acknowledgement,Entity lifecycle schedule,Mutable through audited service command,Encrypted at rest and in transit,Required for create/update/delete/read-export where material
assessment,rubric_versions,Versioned scoring rules and weights,approved_at,timestamptz,Yes,,No,,No,Approved timestamp,Internal operational data,No,Direct tenant_id,Authorised role by tenant and purpose,Contract/legal obligation/legitimate interests as documented; never infer consent from notice acknowledgement,Entity lifecycle schedule,Mutable through audited service command,Encrypted at rest and in transit,Required for create/update/delete/read-export where material
assessment,rubric_versions,Versioned scoring rules and weights,created_at,timestamptz,No,now(),No,,No,Immutable record creation time in UTC,Internal operational data,No,Direct tenant_id,Authorised role by tenant and purpose,Contract/legal obligation/legitimate interests as documented; never infer consent from notice acknowledgement,Entity lifecycle schedule,Append-only / immutable,Encrypted at rest and in transit,Required for create/update/delete/read-export where material
audit,events,Platform data record,id,uuid,No,gen_random_uuid(),Yes,,No,Stable record identifier,Confidential accountability record,No,Direct tenant_id,Compliance; DPO; security; authorised auditor,Contract/legal obligation/legitimate interests as documented; never infer consent from notice acknowledgement,Statutory/contractual accountability schedule,Append-only / immutable,Encrypted and integrity protected,Required for create/update/delete/read-export where material
audit,events,Platform data record,tenant_id,uuid,Yes,,No,tenant.organizations(id),No,Employer tenant isolation key,Confidential accountability record,No,Direct tenant_id,Compliance; DPO; security; authorised auditor,Contract/legal obligation/legitimate interests as documented; never infer consent from notice acknowledgement,Statutory/contractual accountability schedule,Append-only / immutable,Encrypted and integrity protected,Required for create/update/delete/read-export where material
audit,events,Platform data record,occurred_at,timestamptz,No,now(),Yes,,No,Event occurrence time in UTC,Confidential accountability record,No,Direct tenant_id,Compliance; DPO; security; authorised auditor,Contract/legal obligation/legitimate interests as documented; never infer consent from notice acknowledgement,Statutory/contractual accountability schedule,Append-only / immutable,Encrypted and integrity protected,Required for create/update/delete/read-export where material
audit,events,Platform data record,actor_type,text,No,,No,,No,Actor type,Confidential accountability record,No,Direct tenant_id,Compliance; DPO; security; authorised auditor,Contract/legal obligation/legitimate interests as documented; never infer consent from notice acknowledgement,Statutory/contractual accountability schedule,Append-only / immutable,Encrypted and integrity protected,Required for create/update/delete/read-export where material
audit,events,Platform data record,actor_id,uuid,Yes,,No,,No,Actor reference,Confidential accountability record,No,Direct tenant_id,Compliance; DPO; security; authorised auditor,Contract/legal obligation/legitimate interests as documented; never infer consent from notice acknowledgement,Statutory/contractual accountability schedule,Append-only / immutable,Encrypted and integrity protected,Required for create/update/delete/read-export where material
audit,events,Platform data record,session_id,uuid,Yes,,No,,No,Session reference,Confidential accountability record,No,Direct tenant_id,Compliance; DPO; security; authorised auditor,Contract/legal obligation/legitimate interests as documented; never infer consent from notice acknowledgement,Statutory/contractual accountability schedule,Append-only / immutable,Encrypted and integrity protected,Required for create/update/delete/read-export where material
audit,events,Platform data record,action,text,No,,No,,No,Action,Confidential accountability record,No,Direct tenant_id,Compliance; DPO; security; authorised auditor,Contract/legal obligation/legitimate interests as documented; never infer consent from notice acknowledgement,Statutory/contractual accountability schedule,Append-only / immutable,Encrypted and integrity protected,Required for create/update/delete/read-export where material
audit,events,Platform data record,resource_type,text,No,,No,,No,Resource type,Confidential accountability record,No,Direct tenant_id,Compliance; DPO; security; authorised auditor,Contract/legal obligation/legitimate interests as documented; never infer consent from notice acknowledgement,Statutory/contractual accountability schedule,Append-only / immutable,Encrypted and integrity protected,Required for create/update/delete/read-export where material
audit,events,Platform data record,resource_id,uuid,Yes,,No,,No,Resource reference,Confidential accountability record,No,Direct tenant_id,Compliance; DPO; security; authorised auditor,Contract/legal obligation/legitimate interests as documented; never infer consent from notice acknowledgement,Statutory/contractual accountability schedule,Append-only / immutable,Encrypted and integrity protected,Required for create/update/delete/read-export where material
audit,events,Platform data record,purpose,text,Yes,,No,,No,Purpose,Confidential accountability record,No,Direct tenant_id,Compliance; DPO; security; authorised auditor,Contract/legal obligation/legitimate interests as documented; never infer consent from notice acknowledgement,Statutory/contractual accountability schedule,Append-only / immutable,Encrypted and integrity protected,Required for create/update/delete/read-export where material
audit,events,Platform data record,outcome,text,No,,No,,No,Outcome,Confidential accountability record,No,Direct tenant_id,Compliance; DPO; security; authorised auditor,Contract/legal obligation/legitimate interests as documented; never infer consent from notice acknowledgement,Statutory/contractual accountability schedule,Append-only / immutable,Encrypted and integrity protected,Required for create/update/delete/read-export where material
audit,events,Platform data record,ip_hash,text,Yes,,No,,No,Ip hash,Confidential accountability record,No,Direct tenant_id,Compliance; DPO; security; authorised auditor,Contract/legal obligation/legitimate interests as documented; never infer consent from notice acknowledgement,Statutory/contractual accountability schedule,Append-only / immutable,Encrypted and integrity protected,Required for create/update/delete/read-export where material
audit,events,Platform data record,user_agent_hash,text,Yes,,No,,No,User agent hash,Confidential accountability record,No,Direct tenant_id,Compliance; DPO; security; authorised auditor,Contract/legal obligation/legitimate interests as documented; never infer consent from notice acknowledgement,Statutory/contractual accountability schedule,Append-only / immutable,Encrypted and integrity protected,Required for create/update/delete/read-export where material
audit,events,Platform data record,metadata,jsonb,No,'{}'::jsonb,No,,No,Metadata,Confidential accountability record,No,Direct tenant_id,Compliance; DPO; security; authorised auditor,Contract/legal obligation/legitimate interests as documented; never infer consent from notice acknowledgement,Statutory/contractual accountability schedule,Append-only / immutable,Encrypted and integrity protected,Required for create/update/delete/read-export where material
audit,events,Platform data record,previous_hash,text,Yes,,No,,No,Previous hash,Confidential accountability record,No,Direct tenant_id,Compliance; DPO; security; authorised auditor,Contract/legal obligation/legitimate interests as documented; never infer consent from notice acknowledgement,Statutory/contractual accountability schedule,Append-only / immutable,Encrypted and integrity protected,Required for create/update/delete/read-export where material
audit,events,Platform data record,event_hash,text,No,,No,,No,Event hash,Confidential accountability record,No,Direct tenant_id,Compliance; DPO; security; authorised auditor,Contract/legal obligation/legitimate interests as documented; never infer consent from notice acknowledgement,Statutory/contractual accountability schedule,Append-only / immutable,Encrypted and integrity protected,Required for create/update/delete/read-export where material
audit,outbox_events,Transactional domain event outbox and delivery state,id,uuid,No,gen_random_uuid(),Yes,,No,Stable record identifier,Confidential accountability record,No,Direct tenant_id,Compliance; DPO; security; authorised auditor,Contract/legal obligation/legitimate interests as documented; never infer consent from notice acknowledgement,Statutory/contractual accountability schedule,Mutable through audited service command,Encrypted and integrity protected,Required for create/update/delete/read-export where material
audit,outbox_events,Transactional domain event outbox and delivery state,tenant_id,uuid,Yes,,No,tenant.organizations(id),No,Employer tenant isolation key,Confidential accountability record,No,Direct tenant_id,Compliance; DPO; security; authorised auditor,Contract/legal obligation/legitimate interests as documented; never infer consent from notice acknowledgement,Statutory/contractual accountability schedule,Mutable through audited service command,Encrypted and integrity protected,Required for create/update/delete/read-export where material
audit,outbox_events,Transactional domain event outbox and delivery state,aggregate_type,text,No,,No,,No,Aggregate type,Confidential accountability record,No,Direct tenant_id,Compliance; DPO; security; authorised auditor,Contract/legal obligation/legitimate interests as documented; never infer consent from notice acknowledgement,Statutory/contractual accountability schedule,Mutable through audited service command,Encrypted and integrity protected,Required for create/update/delete/read-export where material
audit,outbox_events,Transactional domain event outbox and delivery state,aggregate_id,uuid,No,,No,,No,Aggregate reference,Confidential accountability record,No,Direct tenant_id,Compliance; DPO; security; authorised auditor,Contract/legal obligation/legitimate interests as documented; never infer consent from notice acknowledgement,Statutory/contractual accountability schedule,Mutable through audited service command,Encrypted and integrity protected,Required for create/update/delete/read-export where material
audit,outbox_events,Transactional domain event outbox and delivery state,event_type,text,No,,No,,No,Event type,Confidential accountability record,No,Direct tenant_id,Compliance; DPO; security; authorised auditor,Contract/legal obligation/legitimate interests as documented; never infer consent from notice acknowledgement,Statutory/contractual accountability schedule,Mutable through audited service command,Encrypted and integrity protected,Required for create/update/delete/read-export where material
audit,outbox_events,Transactional domain event outbox and delivery state,event_version,integer,No,1,No,,No,Event version,Confidential accountability record,No,Direct tenant_id,Compliance; DPO; security; authorised auditor,Contract/legal obligation/legitimate interests as documented; never infer consent from notice acknowledgement,Statutory/contractual accountability schedule,Mutable through audited service command,Encrypted and integrity protected,Required for create/update/delete/read-export where material
audit,outbox_events,Transactional domain event outbox and delivery state,payload,jsonb,No,,No,,No,Payload,Confidential accountability record,No,Direct tenant_id,Compliance; DPO; security; authorised auditor,Contract/legal obligation/legitimate interests as documented; never infer consent from notice acknowledgement,Statutory/contractual accountability schedule,Mutable through audited service command,Encrypted and integrity protected,Required for create/update/delete/read-export where material
audit,outbox_events,Transactional domain event outbox and delivery state,data_classification,text,No,,No,,No,Data classification,Confidential accountability record,No,Direct tenant_id,Compliance; DPO; security; authorised auditor,Contract/legal obligation/legitimate interests as documented; never infer consent from notice acknowledgement,Statutory/contractual accountability schedule,Mutable through audited service command,Encrypted and integrity protected,Required for create/update/delete/read-export where material
audit,outbox_events,Transactional domain event outbox and delivery state,correlation_id,uuid,No,,No,,No,Correlation reference,Confidential accountability record,No,Direct tenant_id,Compliance; DPO; security; authorised auditor,Contract/legal obligation/legitimate interests as documented; never infer consent from notice acknowledgement,Statutory/contractual accountability schedule,Mutable through audited service command,Encrypted and integrity protected,Required for create/update/delete/read-export where material
audit,outbox_events,Transactional domain event outbox and delivery state,causation_id,uuid,Yes,,No,,No,Causation reference,Confidential accountability record,No,Direct tenant_id,Compliance; DPO; security; authorised auditor,Contract/legal obligation/legitimate interests as documented; never infer consent from notice acknowledgement,Statutory/contractual accountability schedule,Mutable through audited service command,Encrypted and integrity protected,Required for create/update/delete/read-export where material
audit,outbox_events,Transactional domain event outbox and delivery state,status,text,No,,No,,No,Controlled lifecycle state,Confidential accountability record,No,Direct tenant_id,Compliance; DPO; security; authorised auditor,Contract/legal obligation/legitimate interests as documented; never infer consent from notice acknowledgement,Statutory/contractual accountability schedule,Mutable through audited service command,Encrypted and integrity protected,Required for create/update/delete/read-export where material
audit,outbox_events,Transactional domain event outbox and delivery state,attempt_count,integer,No,0,No,,No,Attempt count,Confidential accountability record,No,Direct tenant_id,Compliance; DPO; security; authorised auditor,Contract/legal obligation/legitimate interests as documented; never infer consent from notice acknowledgement,Statutory/contractual accountability schedule,Mutable through audited service command,Encrypted and integrity protected,Required for create/update/delete/read-export where material
audit,outbox_events,Transactional domain event outbox and delivery state,available_at,timestamptz,No,now(),No,,No,Available timestamp,Confidential accountability record,No,Direct tenant_id,Compliance; DPO; security; authorised auditor,Contract/legal obligation/legitimate interests as documented; never infer consent from notice acknowledgement,Statutory/contractual accountability schedule,Mutable through audited service command,Encrypted and integrity protected,Required for create/update/delete/read-export where material
audit,outbox_events,Transactional domain event outbox and delivery state,created_at,timestamptz,No,now(),No,,No,Immutable record creation time in UTC,Confidential accountability record,No,Direct tenant_id,Compliance; DPO; security; authorised auditor,Contract/legal obligation/legitimate interests as documented; never infer consent from notice acknowledgement,Statutory/contractual accountability schedule,Append-only / immutable,Encrypted and integrity protected,Required for create/update/delete/read-export where material
audit,outbox_events,Transactional domain event outbox and delivery state,published_at,timestamptz,Yes,,No,,No,Published timestamp,Confidential accountability record,No,Direct tenant_id,Compliance; DPO; security; authorised auditor,Contract/legal obligation/legitimate interests as documented; never infer consent from notice acknowledgement,Statutory/contractual accountability schedule,Mutable through audited service command,Encrypted and integrity protected,Required for create/update/delete/read-export where material
evidence,ai_conversations,AI interaction session metadata,id,uuid,No,gen_random_uuid(),Yes,,No,Stable record identifier,Restricted assessment evidence,No,Direct tenant_id,Candidate where applicable; assigned reviewer; authorised support/compliance,Contract/legal obligation/legitimate interests as documented; never infer consent from notice acknowledgement,Assessment evidence schedule; legal hold aware,Append-only / immutable,Encrypted at rest and in transit,Required for create/update/delete/read-export where material
evidence,ai_conversations,AI interaction session metadata,tenant_id,uuid,No,,No,tenant.organizations(id),No,Employer tenant isolation key,Restricted assessment evidence,No,Direct tenant_id,Candidate where applicable; assigned reviewer; authorised support/compliance,Contract/legal obligation/legitimate interests as documented; never infer consent from notice acknowledgement,Assessment evidence schedule; legal hold aware,Append-only / immutable,Encrypted at rest and in transit,Required for create/update/delete/read-export where material
evidence,ai_conversations,AI interaction session metadata,attempt_id,uuid,No,,No,runtime.attempts(id),No,Assessment attempt reference,Restricted assessment evidence,No,Direct tenant_id,Candidate where applicable; assigned reviewer; authorised support/compliance,Contract/legal obligation/legitimate interests as documented; never infer consent from notice acknowledgement,Assessment evidence schedule; legal hold aware,Append-only / immutable,Encrypted at rest and in transit,Required for create/update/delete/read-export where material
evidence,ai_conversations,AI interaction session metadata,assessment_item_id,uuid,Yes,,No,assessment.assessment_items(id),No,Assessment item reference,Restricted assessment evidence,No,Direct tenant_id,Candidate where applicable; assigned reviewer; authorised support/compliance,Contract/legal obligation/legitimate interests as documented; never infer consent from notice acknowledgement,Assessment evidence schedule; legal hold aware,Append-only / immutable,Encrypted at rest and in transit,Required for create/update/delete/read-export where material
evidence,ai_conversations,AI interaction session metadata,model_id,uuid,No,,No,assessment.model_registry(id),No,Model reference,Restricted assessment evidence,No,Direct tenant_id,Candidate where applicable; assigned reviewer; authorised support/compliance,Contract/legal obligation/legitimate interests as documented; never infer consent from notice acknowledgement,Assessment evidence schedule; legal hold aware,Append-only / immutable,Encrypted at rest and in transit,Required for create/update/delete/read-export where material
evidence,ai_conversations,AI interaction session metadata,prompt_version_id,uuid,No,,No,assessment.prompt_versions(id),No,Prompt version reference,Restricted assessment evidence,No,Direct tenant_id,Candidate where applicable; assigned reviewer; authorised support/compliance,Contract/legal obligation/legitimate interests as documented; never infer consent from notice acknowledgement,Assessment evidence schedule; legal hold aware,Append-only / immutable,Encrypted at rest and in transit,Required for create/update/delete/read-export where material
evidence,ai_conversations,AI interaction session metadata,status,text,No,,No,,No,Controlled lifecycle state,Restricted assessment evidence,No,Direct tenant_id,Candidate where applicable; assigned reviewer; authorised support/compliance,Contract/legal obligation/legitimate interests as documented; never infer consent from notice acknowledgement,Assessment evidence schedule; legal hold aware,Append-only / immutable,Encrypted at rest and in transit,Required for create/update/delete/read-export where material
evidence,ai_conversations,AI interaction session metadata,started_at,timestamptz,No,now(),No,,No,Started timestamp,Restricted assessment evidence,No,Direct tenant_id,Candidate where applicable; assigned reviewer; authorised support/compliance,Contract/legal obligation/legitimate interests as documented; never infer consent from notice acknowledgement,Assessment evidence schedule; legal hold aware,Append-only / immutable,Encrypted at rest and in transit,Required for create/update/delete/read-export where material
evidence,ai_conversations,AI interaction session metadata,ended_at,timestamptz,Yes,,No,,No,Ended timestamp,Restricted assessment evidence,No,Direct tenant_id,Candidate where applicable; assigned reviewer; authorised support/compliance,Contract/legal obligation/legitimate interests as documented; never infer consent from notice acknowledgement,Assessment evidence schedule; legal hold aware,Append-only / immutable,Encrypted at rest and in transit,Required for create/update/delete/read-export where material
evidence,ai_messages,"Prompts, model responses and safety events",id,uuid,No,gen_random_uuid(),Yes,,No,Stable record identifier,Restricted assessment evidence,No,Direct tenant_id,Candidate where applicable; assigned reviewer; authorised support/compliance,Contract/legal obligation/legitimate interests as documented; never infer consent from notice acknowledgement,Assessment evidence schedule; legal hold aware,Append-only / immutable,Encrypted at rest and in transit,Required for create/update/delete/read-export where material
evidence,ai_messages,"Prompts, model responses and safety events",tenant_id,uuid,No,,No,tenant.organizations(id),No,Employer tenant isolation key,Restricted assessment evidence,No,Direct tenant_id,Candidate where applicable; assigned reviewer; authorised support/compliance,Contract/legal obligation/legitimate interests as documented; never infer consent from notice acknowledgement,Assessment evidence schedule; legal hold aware,Append-only / immutable,Encrypted at rest and in transit,Required for create/update/delete/read-export where material
evidence,ai_messages,"Prompts, model responses and safety events",conversation_id,uuid,No,,No,evidence.ai_conversations(id),Composite/Yes,Conversation reference,Restricted assessment evidence,No,Direct tenant_id,Candidate where applicable; assigned reviewer; authorised support/compliance,Contract/legal obligation/legitimate interests as documented; never infer consent from notice acknowledgement,Assessment evidence schedule; legal hold aware,Append-only / immutable,Encrypted at rest and in transit,Required for create/update/delete/read-export where material
evidence,ai_messages,"Prompts, model responses and safety events",sequence_no,integer,No,,No,,Composite/Yes,Sequence no,Restricted assessment evidence,No,Direct tenant_id,Candidate where applicable; assigned reviewer; authorised support/compliance,Contract/legal obligation/legitimate interests as documented; never infer consent from notice acknowledgement,Assessment evidence schedule; legal hold aware,Append-only / immutable,Encrypted at rest and in transit,Required for create/update/delete/read-export where material
evidence,ai_messages,"Prompts, model responses and safety events",role,text,No,,No,,No,Role,Restricted assessment evidence,No,Direct tenant_id,Candidate where applicable; assigned reviewer; authorised support/compliance,Contract/legal obligation/legitimate interests as documented; never infer consent from notice acknowledgement,Assessment evidence schedule; legal hold aware,Append-only / immutable,Encrypted at rest and in transit,Required for create/update/delete/read-export where material
evidence,ai_messages,"Prompts, model responses and safety events",content,jsonb,No,,No,,No,Content,Restricted assessment evidence,No,Direct tenant_id,Candidate where applicable; assigned reviewer; authorised support/compliance,Contract/legal obligation/legitimate interests as documented; never infer consent from notice acknowledgement,Assessment evidence schedule; legal hold aware,Append-only / immutable,Encrypted at rest and in transit,Required for create/update/delete/read-export where material
evidence,ai_messages,"Prompts, model responses and safety events",token_metadata,jsonb,No,'{}'::jsonb,No,,No,Token metadata,Restricted authentication secret,No,Direct tenant_id,Security / IAM only,Contract/legal obligation/legitimate interests as documented; never infer consent from notice acknowledgement,Security credential schedule,Append-only / immutable,Hashed or envelope-encrypted,Required for create/update/delete/read-export where material
evidence,ai_messages,"Prompts, model responses and safety events",safety_events,jsonb,No,'[]'::jsonb,No,,No,Safety events,Restricted assessment evidence,No,Direct tenant_id,Candidate where applicable; assigned reviewer; authorised support/compliance,Contract/legal obligation/legitimate interests as documented; never infer consent from notice acknowledgement,Assessment evidence schedule; legal hold aware,Append-only / immutable,Encrypted at rest and in transit,Required for create/update/delete/read-export where material
evidence,ai_messages,"Prompts, model responses and safety events",created_at,timestamptz,No,now(),No,,No,Immutable record creation time in UTC,Restricted assessment evidence,No,Direct tenant_id,Candidate where applicable; assigned reviewer; authorised support/compliance,Contract/legal obligation/legitimate interests as documented; never infer consent from notice acknowledgement,Assessment evidence schedule; legal hold aware,Append-only / immutable,Encrypted at rest and in transit,Required for create/update/delete/read-export where material
evidence,evidence_objects,Stable evidence references used by reviewers,id,uuid,No,gen_random_uuid(),Yes,,No,Stable record identifier,Restricted assessment evidence,No,Direct tenant_id,Candidate where applicable; assigned reviewer; authorised support/compliance,Contract/legal obligation/legitimate interests as documented; never infer consent from notice acknowledgement,Assessment evidence schedule; legal hold aware,Append-only / immutable,Encrypted at rest and in transit,Required for create/update/delete/read-export where material
evidence,evidence_objects,Stable evidence references used by reviewers,tenant_id,uuid,No,,No,tenant.organizations(id),No,Employer tenant isolation key,Restricted assessment evidence,No,Direct tenant_id,Candidate where applicable; assigned reviewer; authorised support/compliance,Contract/legal obligation/legitimate interests as documented; never infer consent from notice acknowledgement,Assessment evidence schedule; legal hold aware,Append-only / immutable,Encrypted at rest and in transit,Required for create/update/delete/read-export where material
evidence,evidence_objects,Stable evidence references used by reviewers,attempt_id,uuid,No,,No,runtime.attempts(id),No,Assessment attempt reference,Restricted assessment evidence,No,Direct tenant_id,Candidate where applicable; assigned reviewer; authorised support/compliance,Contract/legal obligation/legitimate interests as documented; never infer consent from notice acknowledgement,Assessment evidence schedule; legal hold aware,Append-only / immutable,Encrypted at rest and in transit,Required for create/update/delete/read-export where material
evidence,evidence_objects,Stable evidence references used by reviewers,evidence_type,text,No,,No,,No,Evidence type,Restricted assessment evidence,No,Direct tenant_id,Candidate where applicable; assigned reviewer; authorised support/compliance,Contract/legal obligation/legitimate interests as documented; never infer consent from notice acknowledgement,Assessment evidence schedule; legal hold aware,Append-only / immutable,Encrypted at rest and in transit,Required for create/update/delete/read-export where material
evidence,evidence_objects,Stable evidence references used by reviewers,source_table,text,No,,No,,No,Source table,Restricted assessment evidence,No,Direct tenant_id,Candidate where applicable; assigned reviewer; authorised support/compliance,Contract/legal obligation/legitimate interests as documented; never infer consent from notice acknowledgement,Assessment evidence schedule; legal hold aware,Append-only / immutable,Encrypted at rest and in transit,Required for create/update/delete/read-export where material
evidence,evidence_objects,Stable evidence references used by reviewers,source_id,uuid,No,,No,,No,Source reference,Restricted assessment evidence,No,Direct tenant_id,Candidate where applicable; assigned reviewer; authorised support/compliance,Contract/legal obligation/legitimate interests as documented; never infer consent from notice acknowledgement,Assessment evidence schedule; legal hold aware,Append-only / immutable,Encrypted at rest and in transit,Required for create/update/delete/read-export where material
evidence,evidence_objects,Stable evidence references used by reviewers,object_uri,text,Yes,,No,,No,Object uri,Restricted assessment evidence,No,Direct tenant_id,Candidate where applicable; assigned reviewer; authorised support/compliance,Contract/legal obligation/legitimate interests as documented; never infer consent from notice acknowledgement,Assessment evidence schedule; legal hold aware,Append-only / immutable,Encrypted at rest and in transit,Required for create/update/delete/read-export where material
evidence,evidence_objects,Stable evidence references used by reviewers,sha256,text,Yes,,No,,No,Sha256,Restricted assessment evidence,No,Direct tenant_id,Candidate where applicable; assigned reviewer; authorised support/compliance,Contract/legal obligation/legitimate interests as documented; never infer consent from notice acknowledgement,Assessment evidence schedule; legal hold aware,Append-only / immutable,Encrypted at rest and in transit,Required for create/update/delete/read-export where material
evidence,evidence_objects,Stable evidence references used by reviewers,metadata,jsonb,No,'{}'::jsonb,No,,No,Metadata,Restricted assessment evidence,No,Direct tenant_id,Candidate where applicable; assigned reviewer; authorised support/compliance,Contract/legal obligation/legitimate interests as documented; never infer consent from notice acknowledgement,Assessment evidence schedule; legal hold aware,Append-only / immutable,Encrypted at rest and in transit,Required for create/update/delete/read-export where material
evidence,evidence_objects,Stable evidence references used by reviewers,created_at,timestamptz,No,now(),No,,No,Immutable record creation time in UTC,Restricted assessment evidence,No,Direct tenant_id,Candidate where applicable; assigned reviewer; authorised support/compliance,Contract/legal obligation/legitimate interests as documented; never infer consent from notice acknowledgement,Assessment evidence schedule; legal hold aware,Append-only / immutable,Encrypted at rest and in transit,Required for create/update/delete/read-export where material
evidence,integrity_events,Objective integrity event evidence; no cheating verdict,id,uuid,No,gen_random_uuid(),Yes,,No,Stable record identifier,Restricted assessment evidence,No,Direct tenant_id,Candidate where applicable; assigned reviewer; authorised support/compliance,Contract/legal obligation/legitimate interests as documented; never infer consent from notice acknowledgement,Assessment evidence schedule; legal hold aware,Append-only / immutable,Encrypted at rest and in transit,Required for create/update/delete/read-export where material
evidence,integrity_events,Objective integrity event evidence; no cheating verdict,tenant_id,uuid,No,,No,tenant.organizations(id),No,Employer tenant isolation key,Restricted assessment evidence,No,Direct tenant_id,Candidate where applicable; assigned reviewer; authorised support/compliance,Contract/legal obligation/legitimate interests as documented; never infer consent from notice acknowledgement,Assessment evidence schedule; legal hold aware,Append-only / immutable,Encrypted at rest and in transit,Required for create/update/delete/read-export where material
evidence,integrity_events,Objective integrity event evidence; no cheating verdict,attempt_id,uuid,No,,No,runtime.attempts(id),No,Assessment attempt reference,Restricted assessment evidence,No,Direct tenant_id,Candidate where applicable; assigned reviewer; authorised support/compliance,Contract/legal obligation/legitimate interests as documented; never infer consent from notice acknowledgement,Assessment evidence schedule; legal hold aware,Append-only / immutable,Encrypted at rest and in transit,Required for create/update/delete/read-export where material
evidence,integrity_events,Objective integrity event evidence; no cheating verdict,event_type,text,No,,No,,No,Event type,Restricted assessment evidence,No,Direct tenant_id,Candidate where applicable; assigned reviewer; authorised support/compliance,Contract/legal obligation/legitimate interests as documented; never infer consent from notice acknowledgement,Assessment evidence schedule; legal hold aware,Append-only / immutable,Encrypted at rest and in transit,Required for create/update/delete/read-export where material
evidence,integrity_events,Objective integrity event evidence; no cheating verdict,detection_source,text,No,,No,,No,Detection source,Restricted assessment evidence,No,Direct tenant_id,Candidate where applicable; assigned reviewer; authorised support/compliance,Contract/legal obligation/legitimate interests as documented; never infer consent from notice acknowledgement,Assessment evidence schedule; legal hold aware,Append-only / immutable,Encrypted at rest and in transit,Required for create/update/delete/read-export where material
evidence,integrity_events,Objective integrity event evidence; no cheating verdict,occurred_at,timestamptz,No,,No,,No,Event occurrence time in UTC,Restricted assessment evidence,No,Direct tenant_id,Candidate where applicable; assigned reviewer; authorised support/compliance,Contract/legal obligation/legitimate interests as documented; never infer consent from notice acknowledgement,Assessment evidence schedule; legal hold aware,Append-only / immutable,Encrypted at rest and in transit,Required for create/update/delete/read-export where material
evidence,integrity_events,Objective integrity event evidence; no cheating verdict,confidence,"numeric(5,4)",Yes,,No,,No,Confidence,Restricted assessment evidence,No,Direct tenant_id,Candidate where applicable; assigned reviewer; authorised support/compliance,Contract/legal obligation/legitimate interests as documented; never infer consent from notice acknowledgement,Assessment evidence schedule; legal hold aware,Append-only / immutable,Encrypted at rest and in transit,Required for create/update/delete/read-export where material
evidence,integrity_events,Objective integrity event evidence; no cheating verdict,technical_evidence,jsonb,No,,No,,No,Technical evidence,Restricted assessment evidence,No,Direct tenant_id,Candidate where applicable; assigned reviewer; authorised support/compliance,Contract/legal obligation/legitimate interests as documented; never infer consent from notice acknowledgement,Assessment evidence schedule; legal hold aware,Append-only / immutable,Encrypted at rest and in transit,Required for create/update/delete/read-export where material
evidence,integrity_events,Objective integrity event evidence; no cheating verdict,alternative_explanations,jsonb,No,'[]'::jsonb,No,,No,Alternative explanations,Restricted assessment evidence,No,Direct tenant_id,Candidate where applicable; assigned reviewer; authorised support/compliance,Contract/legal obligation/legitimate interests as documented; never infer consent from notice acknowledgement,Assessment evidence schedule; legal hold aware,Append-only / immutable,Encrypted at rest and in transit,Required for create/update/delete/read-export where material
evidence,integrity_events,Objective integrity event evidence; no cheating verdict,system_limitations,jsonb,No,'[]'::jsonb,No,,No,System limitations,Restricted assessment evidence,No,Direct tenant_id,Candidate where applicable; assigned reviewer; authorised support/compliance,Contract/legal obligation/legitimate interests as documented; never infer consent from notice acknowledgement,Assessment evidence schedule; legal hold aware,Append-only / immutable,Encrypted at rest and in transit,Required for create/update/delete/read-export where material
evidence,integrity_events,Objective integrity event evidence; no cheating verdict,candidate_context,text,Yes,,No,,No,Candidate context,Restricted assessment evidence,No,Direct tenant_id,Candidate where applicable; assigned reviewer; authorised support/compliance,Contract/legal obligation/legitimate interests as documented; never infer consent from notice acknowledgement,Assessment evidence schedule; legal hold aware,Append-only / immutable,Encrypted at rest and in transit,Required for create/update/delete/read-export where material
evidence,integrity_events,Objective integrity event evidence; no cheating verdict,status,text,No,'unreviewed',No,,No,Controlled lifecycle state,Restricted assessment evidence,No,Direct tenant_id,Candidate where applicable; assigned reviewer; authorised support/compliance,Contract/legal obligation/legitimate interests as documented; never infer consent from notice acknowledgement,Assessment evidence schedule; legal hold aware,Append-only / immutable,Encrypted at rest and in transit,Required for create/update/delete/read-export where material
evidence,integrity_events,Objective integrity event evidence; no cheating verdict,created_at,timestamptz,No,now(),No,,No,Immutable record creation time in UTC,Restricted assessment evidence,No,Direct tenant_id,Candidate where applicable; assigned reviewer; authorised support/compliance,Contract/legal obligation/legitimate interests as documented; never infer consent from notice acknowledgement,Assessment evidence schedule; legal hold aware,Append-only / immutable,Encrypted at rest and in transit,Required for create/update/delete/read-export where material
evidence,plugin_executions,Professional plugin action audit,id,uuid,No,gen_random_uuid(),Yes,,No,Stable record identifier,Restricted assessment evidence,No,Direct tenant_id,Candidate where applicable; assigned reviewer; authorised support/compliance,Contract/legal obligation/legitimate interests as documented; never infer consent from notice acknowledgement,Assessment evidence schedule; legal hold aware,Append-only / immutable,Encrypted at rest and in transit,Required for create/update/delete/read-export where material
evidence,plugin_executions,Professional plugin action audit,tenant_id,uuid,No,,No,tenant.organizations(id),No,Employer tenant isolation key,Restricted assessment evidence,No,Direct tenant_id,Candidate where applicable; assigned reviewer; authorised support/compliance,Contract/legal obligation/legitimate interests as documented; never infer consent from notice acknowledgement,Assessment evidence schedule; legal hold aware,Append-only / immutable,Encrypted at rest and in transit,Required for create/update/delete/read-export where material
evidence,plugin_executions,Professional plugin action audit,attempt_id,uuid,No,,No,runtime.attempts(id),No,Assessment attempt reference,Restricted assessment evidence,No,Direct tenant_id,Candidate where applicable; assigned reviewer; authorised support/compliance,Contract/legal obligation/legitimate interests as documented; never infer consent from notice acknowledgement,Assessment evidence schedule; legal hold aware,Append-only / immutable,Encrypted at rest and in transit,Required for create/update/delete/read-export where material
evidence,plugin_executions,Professional plugin action audit,plugin_id,uuid,No,,No,assessment.plugin_registry(id),No,Plugin reference,Restricted assessment evidence,No,Direct tenant_id,Candidate where applicable; assigned reviewer; authorised support/compliance,Contract/legal obligation/legitimate interests as documented; never infer consent from notice acknowledgement,Assessment evidence schedule; legal hold aware,Append-only / immutable,Encrypted at rest and in transit,Required for create/update/delete/read-export where material
evidence,plugin_executions,Professional plugin action audit,assessment_item_id,uuid,Yes,,No,assessment.assessment_items(id),No,Assessment item reference,Restricted assessment evidence,No,Direct tenant_id,Candidate where applicable; assigned reviewer; authorised support/compliance,Contract/legal obligation/legitimate interests as documented; never infer consent from notice acknowledgement,Assessment evidence schedule; legal hold aware,Append-only / immutable,Encrypted at rest and in transit,Required for create/update/delete/read-export where material
evidence,plugin_executions,Professional plugin action audit,action,text,No,,No,,No,Action,Restricted assessment evidence,No,Direct tenant_id,Candidate where applicable; assigned reviewer; authorised support/compliance,Contract/legal obligation/legitimate interests as documented; never infer consent from notice acknowledgement,Assessment evidence schedule; legal hold aware,Append-only / immutable,Encrypted at rest and in transit,Required for create/update/delete/read-export where material
evidence,plugin_executions,Professional plugin action audit,input_json,jsonb,No,,No,,No,Input json,Restricted assessment evidence,No,Direct tenant_id,Candidate where applicable; assigned reviewer; authorised support/compliance,Contract/legal obligation/legitimate interests as documented; never infer consent from notice acknowledgement,Assessment evidence schedule; legal hold aware,Append-only / immutable,Encrypted at rest and in transit,Required for create/update/delete/read-export where material
evidence,plugin_executions,Professional plugin action audit,output_json,jsonb,Yes,,No,,No,Output json,Restricted assessment evidence,No,Direct tenant_id,Candidate where applicable; assigned reviewer; authorised support/compliance,Contract/legal obligation/legitimate interests as documented; never infer consent from notice acknowledgement,Assessment evidence schedule; legal hold aware,Append-only / immutable,Encrypted at rest and in transit,Required for create/update/delete/read-export where material
evidence,plugin_executions,Professional plugin action audit,status,text,No,,No,,No,Controlled lifecycle state,Restricted assessment evidence,No,Direct tenant_id,Candidate where applicable; assigned reviewer; authorised support/compliance,Contract/legal obligation/legitimate interests as documented; never infer consent from notice acknowledgement,Assessment evidence schedule; legal hold aware,Append-only / immutable,Encrypted at rest and in transit,Required for create/update/delete/read-export where material
evidence,plugin_executions,Professional plugin action audit,started_at,timestamptz,No,,No,,No,Started timestamp,Restricted assessment evidence,No,Direct tenant_id,Candidate where applicable; assigned reviewer; authorised support/compliance,Contract/legal obligation/legitimate interests as documented; never infer consent from notice acknowledgement,Assessment evidence schedule; legal hold aware,Append-only / immutable,Encrypted at rest and in transit,Required for create/update/delete/read-export where material
evidence,plugin_executions,Professional plugin action audit,completed_at,timestamptz,Yes,,No,,No,Completed timestamp,Restricted assessment evidence,No,Direct tenant_id,Candidate where applicable; assigned reviewer; authorised support/compliance,Contract/legal obligation/legitimate interests as documented; never infer consent from notice acknowledgement,Assessment evidence schedule; legal hold aware,Append-only / immutable,Encrypted at rest and in transit,Required for create/update/delete/read-export where material
evidence,plugin_executions,Professional plugin action audit,failure_incident_id,uuid,Yes,,No,,No,Failure incident reference,Restricted assessment evidence,No,Direct tenant_id,Candidate where applicable; assigned reviewer; authorised support/compliance,Contract/legal obligation/legitimate interests as documented; never infer consent from notice acknowledgement,Assessment evidence schedule; legal hold aware,Append-only / immutable,Encrypted at rest and in transit,Required for create/update/delete/read-export where material
evidence,reviewer_ai_observations,"Labelled AI evidence observations without scores, ranks or decisions",id,uuid,No,gen_random_uuid(),Yes,,No,Stable record identifier,Restricted assessment evidence,No,Direct tenant_id,Candidate where applicable; assigned reviewer; authorised support/compliance,Contract/legal obligation/legitimate interests as documented; never infer consent from notice acknowledgement,Assessment evidence schedule; legal hold aware,Append-only / immutable,Encrypted at rest and in transit,Required for create/update/delete/read-export where material
evidence,reviewer_ai_observations,"Labelled AI evidence observations without scores, ranks or decisions",tenant_id,uuid,No,,No,tenant.organizations(id),No,Employer tenant isolation key,Restricted assessment evidence,No,Direct tenant_id,Candidate where applicable; assigned reviewer; authorised support/compliance,Contract/legal obligation/legitimate interests as documented; never infer consent from notice acknowledgement,Assessment evidence schedule; legal hold aware,Append-only / immutable,Encrypted at rest and in transit,Required for create/update/delete/read-export where material
evidence,reviewer_ai_observations,"Labelled AI evidence observations without scores, ranks or decisions",submission_id,uuid,No,,No,runtime.submissions(id),No,Immutable submitted-attempt reference,Restricted assessment evidence,No,Direct tenant_id,Candidate where applicable; assigned reviewer; authorised support/compliance,Contract/legal obligation/legitimate interests as documented; never infer consent from notice acknowledgement,Assessment evidence schedule; legal hold aware,Append-only / immutable,Encrypted at rest and in transit,Required for create/update/delete/read-export where material
evidence,reviewer_ai_observations,"Labelled AI evidence observations without scores, ranks or decisions",criterion_id,uuid,Yes,,No,assessment.rubric_criteria(id),No,Criterion reference,Restricted assessment evidence,No,Direct tenant_id,Candidate where applicable; assigned reviewer; authorised support/compliance,Contract/legal obligation/legitimate interests as documented; never infer consent from notice acknowledgement,Assessment evidence schedule; legal hold aware,Append-only / immutable,Encrypted at rest and in transit,Required for create/update/delete/read-export where material
evidence,reviewer_ai_observations,"Labelled AI evidence observations without scores, ranks or decisions",model_id,uuid,No,,No,assessment.model_registry(id),No,Model reference,Restricted assessment evidence,No,Direct tenant_id,Candidate where applicable; assigned reviewer; authorised support/compliance,Contract/legal obligation/legitimate interests as documented; never infer consent from notice acknowledgement,Assessment evidence schedule; legal hold aware,Append-only / immutable,Encrypted at rest and in transit,Required for create/update/delete/read-export where material
evidence,reviewer_ai_observations,"Labelled AI evidence observations without scores, ranks or decisions",prompt_version_id,uuid,No,,No,assessment.prompt_versions(id),No,Prompt version reference,Restricted assessment evidence,No,Direct tenant_id,Candidate where applicable; assigned reviewer; authorised support/compliance,Contract/legal obligation/legitimate interests as documented; never infer consent from notice acknowledgement,Assessment evidence schedule; legal hold aware,Append-only / immutable,Encrypted at rest and in transit,Required for create/update/delete/read-export where material
evidence,reviewer_ai_observations,"Labelled AI evidence observations without scores, ranks or decisions",observation_text,text,No,,No,,No,Observation text,Restricted assessment evidence,No,Direct tenant_id,Candidate where applicable; assigned reviewer; authorised support/compliance,Contract/legal obligation/legitimate interests as documented; never infer consent from notice acknowledgement,Assessment evidence schedule; legal hold aware,Append-only / immutable,Encrypted at rest and in transit,Required for create/update/delete/read-export where material
evidence,reviewer_ai_observations,"Labelled AI evidence observations without scores, ranks or decisions",evidence_links,jsonb,No,,No,,No,Versioned links to supporting evidence objects,Restricted assessment evidence,No,Direct tenant_id,Candidate where applicable; assigned reviewer; authorised support/compliance,Contract/legal obligation/legitimate interests as documented; never infer consent from notice acknowledgement,Assessment evidence schedule; legal hold aware,Append-only / immutable,Encrypted at rest and in transit,Required for create/update/delete/read-export where material
evidence,reviewer_ai_observations,"Labelled AI evidence observations without scores, ranks or decisions",limitations,jsonb,No,'[]'::jsonb,No,,No,Limitations,Restricted assessment evidence,No,Direct tenant_id,Candidate where applicable; assigned reviewer; authorised support/compliance,Contract/legal obligation/legitimate interests as documented; never infer consent from notice acknowledgement,Assessment evidence schedule; legal hold aware,Append-only / immutable,Encrypted at rest and in transit,Required for create/update/delete/read-export where material
evidence,reviewer_ai_observations,"Labelled AI evidence observations without scores, ranks or decisions",output_schema_version,text,No,,No,,No,Output schema version,Restricted assessment evidence,No,Direct tenant_id,Candidate where applicable; assigned reviewer; authorised support/compliance,Contract/legal obligation/legitimate interests as documented; never infer consent from notice acknowledgement,Assessment evidence schedule; legal hold aware,Append-only / immutable,Encrypted at rest and in transit,Required for create/update/delete/read-export where material
evidence,reviewer_ai_observations,"Labelled AI evidence observations without scores, ranks or decisions",status,text,No,,No,,No,Controlled lifecycle state,Restricted assessment evidence,No,Direct tenant_id,Candidate where applicable; assigned reviewer; authorised support/compliance,Contract/legal obligation/legitimate interests as documented; never infer consent from notice acknowledgement,Assessment evidence schedule; legal hold aware,Append-only / immutable,Encrypted at rest and in transit,Required for create/update/delete/read-export where material
evidence,reviewer_ai_observations,"Labelled AI evidence observations without scores, ranks or decisions",generated_at,timestamptz,No,now(),No,,No,Generated timestamp,Restricted assessment evidence,No,Direct tenant_id,Candidate where applicable; assigned reviewer; authorised support/compliance,Contract/legal obligation/legitimate interests as documented; never infer consent from notice acknowledgement,Assessment evidence schedule; legal hold aware,Append-only / immutable,Encrypted at rest and in transit,Required for create/update/delete/read-export where material
evidence,technical_incidents,Candidate or system failure evidence and remedy,id,uuid,No,gen_random_uuid(),Yes,,No,Stable record identifier,Restricted assessment evidence,No,Direct tenant_id,Candidate where applicable; assigned reviewer; authorised support/compliance,Contract/legal obligation/legitimate interests as documented; never infer consent from notice acknowledgement,Assessment evidence schedule; legal hold aware,Append-only / immutable,Encrypted at rest and in transit,Required for create/update/delete/read-export where material
evidence,technical_incidents,Candidate or system failure evidence and remedy,tenant_id,uuid,No,,No,tenant.organizations(id),No,Employer tenant isolation key,Restricted assessment evidence,No,Direct tenant_id,Candidate where applicable; assigned reviewer; authorised support/compliance,Contract/legal obligation/legitimate interests as documented; never infer consent from notice acknowledgement,Assessment evidence schedule; legal hold aware,Append-only / immutable,Encrypted at rest and in transit,Required for create/update/delete/read-export where material
evidence,technical_incidents,Candidate or system failure evidence and remedy,attempt_id,uuid,No,,No,runtime.attempts(id),No,Assessment attempt reference,Restricted assessment evidence,No,Direct tenant_id,Candidate where applicable; assigned reviewer; authorised support/compliance,Contract/legal obligation/legitimate interests as documented; never infer consent from notice acknowledgement,Assessment evidence schedule; legal hold aware,Append-only / immutable,Encrypted at rest and in transit,Required for create/update/delete/read-export where material
evidence,technical_incidents,Candidate or system failure evidence and remedy,incident_type,text,No,,No,,No,Incident type,Restricted assessment evidence,No,Direct tenant_id,Candidate where applicable; assigned reviewer; authorised support/compliance,Contract/legal obligation/legitimate interests as documented; never infer consent from notice acknowledgement,Assessment evidence schedule; legal hold aware,Append-only / immutable,Encrypted at rest and in transit,Required for create/update/delete/read-export where material
evidence,technical_incidents,Candidate or system failure evidence and remedy,source,text,No,,No,,No,Source,Restricted assessment evidence,No,Direct tenant_id,Candidate where applicable; assigned reviewer; authorised support/compliance,Contract/legal obligation/legitimate interests as documented; never infer consent from notice acknowledgement,Assessment evidence schedule; legal hold aware,Append-only / immutable,Encrypted at rest and in transit,Required for create/update/delete/read-export where material
evidence,technical_incidents,Candidate or system failure evidence and remedy,severity,text,No,,No,,No,Severity,Restricted assessment evidence,No,Direct tenant_id,Candidate where applicable; assigned reviewer; authorised support/compliance,Contract/legal obligation/legitimate interests as documented; never infer consent from notice acknowledgement,Assessment evidence schedule; legal hold aware,Append-only / immutable,Encrypted at rest and in transit,Required for create/update/delete/read-export where material
evidence,technical_incidents,Candidate or system failure evidence and remedy,description,text,No,,No,,No,Description,Restricted assessment evidence,No,Direct tenant_id,Candidate where applicable; assigned reviewer; authorised support/compliance,Contract/legal obligation/legitimate interests as documented; never infer consent from notice acknowledgement,Assessment evidence schedule; legal hold aware,Append-only / immutable,Encrypted at rest and in transit,Required for create/update/delete/read-export where material
evidence,technical_incidents,Candidate or system failure evidence and remedy,telemetry,jsonb,No,'{}'::jsonb,No,,No,Telemetry,Restricted assessment evidence,No,Direct tenant_id,Candidate where applicable; assigned reviewer; authorised support/compliance,Contract/legal obligation/legitimate interests as documented; never infer consent from notice acknowledgement,Assessment evidence schedule; legal hold aware,Append-only / immutable,Encrypted at rest and in transit,Required for create/update/delete/read-export where material
evidence,technical_incidents,Candidate or system failure evidence and remedy,status,text,No,,No,,No,Controlled lifecycle state,Restricted assessment evidence,No,Direct tenant_id,Candidate where applicable; assigned reviewer; authorised support/compliance,Contract/legal obligation/legitimate interests as documented; never infer consent from notice acknowledgement,Assessment evidence schedule; legal hold aware,Append-only / immutable,Encrypted at rest and in transit,Required for create/update/delete/read-export where material
evidence,technical_incidents,Candidate or system failure evidence and remedy,occurred_at,timestamptz,No,,No,,No,Event occurrence time in UTC,Restricted assessment evidence,No,Direct tenant_id,Candidate where applicable; assigned reviewer; authorised support/compliance,Contract/legal obligation/legitimate interests as documented; never infer consent from notice acknowledgement,Assessment evidence schedule; legal hold aware,Append-only / immutable,Encrypted at rest and in transit,Required for create/update/delete/read-export where material
evidence,technical_incidents,Candidate or system failure evidence and remedy,resolved_at,timestamptz,Yes,,No,,No,Resolved timestamp,Restricted assessment evidence,No,Direct tenant_id,Candidate where applicable; assigned reviewer; authorised support/compliance,Contract/legal obligation/legitimate interests as documented; never infer consent from notice acknowledgement,Assessment evidence schedule; legal hold aware,Append-only / immutable,Encrypted at rest and in transit,Required for create/update/delete/read-export where material
evidence,technical_incidents,Candidate or system failure evidence and remedy,remedy,text,Yes,,No,,No,Remedy,Restricted assessment evidence,No,Direct tenant_id,Candidate where applicable; assigned reviewer; authorised support/compliance,Contract/legal obligation/legitimate interests as documented; never infer consent from notice acknowledgement,Assessment evidence schedule; legal hold aware,Append-only / immutable,Encrypted at rest and in transit,Required for create/update/delete/read-export where material
evidence,technical_incidents,Candidate or system failure evidence and remedy,created_at,timestamptz,No,now(),No,,No,Immutable record creation time in UTC,Restricted assessment evidence,No,Direct tenant_id,Candidate where applicable; assigned reviewer; authorised support/compliance,Contract/legal obligation/legitimate interests as documented; never infer consent from notice acknowledgement,Assessment evidence schedule; legal hold aware,Append-only / immutable,Encrypted at rest and in transit,Required for create/update/delete/read-export where material
evidence,tool_calls,AI tool invocation audit,id,uuid,No,gen_random_uuid(),Yes,,No,Stable record identifier,Restricted assessment evidence,No,Direct tenant_id,Candidate where applicable; assigned reviewer; authorised support/compliance,Contract/legal obligation/legitimate interests as documented; never infer consent from notice acknowledgement,Assessment evidence schedule; legal hold aware,Append-only / immutable,Encrypted at rest and in transit,Required for create/update/delete/read-export where material
evidence,tool_calls,AI tool invocation audit,tenant_id,uuid,No,,No,tenant.organizations(id),No,Employer tenant isolation key,Restricted assessment evidence,No,Direct tenant_id,Candidate where applicable; assigned reviewer; authorised support/compliance,Contract/legal obligation/legitimate interests as documented; never infer consent from notice acknowledgement,Assessment evidence schedule; legal hold aware,Append-only / immutable,Encrypted at rest and in transit,Required for create/update/delete/read-export where material
evidence,tool_calls,AI tool invocation audit,conversation_id,uuid,Yes,,No,evidence.ai_conversations(id),No,Conversation reference,Restricted assessment evidence,No,Direct tenant_id,Candidate where applicable; assigned reviewer; authorised support/compliance,Contract/legal obligation/legitimate interests as documented; never infer consent from notice acknowledgement,Assessment evidence schedule; legal hold aware,Append-only / immutable,Encrypted at rest and in transit,Required for create/update/delete/read-export where material
evidence,tool_calls,AI tool invocation audit,attempt_id,uuid,No,,No,runtime.attempts(id),No,Assessment attempt reference,Restricted assessment evidence,No,Direct tenant_id,Candidate where applicable; assigned reviewer; authorised support/compliance,Contract/legal obligation/legitimate interests as documented; never infer consent from notice acknowledgement,Assessment evidence schedule; legal hold aware,Append-only / immutable,Encrypted at rest and in transit,Required for create/update/delete/read-export where material
evidence,tool_calls,AI tool invocation audit,tool_name,text,No,,No,,No,Tool name,Restricted assessment evidence,No,Direct tenant_id,Candidate where applicable; assigned reviewer; authorised support/compliance,Contract/legal obligation/legitimate interests as documented; never infer consent from notice acknowledgement,Assessment evidence schedule; legal hold aware,Append-only / immutable,Encrypted at rest and in transit,Required for create/update/delete/read-export where material
evidence,tool_calls,AI tool invocation audit,request_json,jsonb,No,,No,,No,Request json,Restricted assessment evidence,No,Direct tenant_id,Candidate where applicable; assigned reviewer; authorised support/compliance,Contract/legal obligation/legitimate interests as documented; never infer consent from notice acknowledgement,Assessment evidence schedule; legal hold aware,Append-only / immutable,Encrypted at rest and in transit,Required for create/update/delete/read-export where material
evidence,tool_calls,AI tool invocation audit,response_json,jsonb,Yes,,No,,No,Response json,Restricted assessment evidence,No,Direct tenant_id,Candidate where applicable; assigned reviewer; authorised support/compliance,Contract/legal obligation/legitimate interests as documented; never infer consent from notice acknowledgement,Assessment evidence schedule; legal hold aware,Append-only / immutable,Encrypted at rest and in transit,Required for create/update/delete/read-export where material
evidence,tool_calls,AI tool invocation audit,status,text,No,,No,,No,Controlled lifecycle state,Restricted assessment evidence,No,Direct tenant_id,Candidate where applicable; assigned reviewer; authorised support/compliance,Contract/legal obligation/legitimate interests as documented; never infer consent from notice acknowledgement,Assessment evidence schedule; legal hold aware,Append-only / immutable,Encrypted at rest and in transit,Required for create/update/delete/read-export where material
evidence,tool_calls,AI tool invocation audit,started_at,timestamptz,Yes,,No,,No,Started timestamp,Restricted assessment evidence,No,Direct tenant_id,Candidate where applicable; assigned reviewer; authorised support/compliance,Contract/legal obligation/legitimate interests as documented; never infer consent from notice acknowledgement,Assessment evidence schedule; legal hold aware,Append-only / immutable,Encrypted at rest and in transit,Required for create/update/delete/read-export where material
evidence,tool_calls,AI tool invocation audit,completed_at,timestamptz,Yes,,No,,No,Completed timestamp,Restricted assessment evidence,No,Direct tenant_id,Candidate where applicable; assigned reviewer; authorised support/compliance,Contract/legal obligation/legitimate interests as documented; never infer consent from notice acknowledgement,Assessment evidence schedule; legal hold aware,Append-only / immutable,Encrypted at rest and in transit,Required for create/update/delete/read-export where material
evidence,tool_calls,AI tool invocation audit,error_code,text,Yes,,No,,No,Error code,Restricted assessment evidence,No,Direct tenant_id,Candidate where applicable; assigned reviewer; authorised support/compliance,Contract/legal obligation/legitimate interests as documented; never infer consent from notice acknowledgement,Assessment evidence schedule; legal hold aware,Append-only / immutable,Encrypted at rest and in transit,Required for create/update/delete/read-export where material
governance,ai_literacy_records,Role-based AI literacy training and competence evidence,id,uuid,No,gen_random_uuid(),Yes,,No,Stable record identifier,Confidential accountability record,No,Direct tenant_id,Compliance; DPO; security; authorised auditor,Contract/legal obligation/legitimate interests as documented; never infer consent from notice acknowledgement,Statutory/contractual accountability schedule,Mutable through audited service command,Encrypted and integrity protected,Required for create/update/delete/read-export where material
governance,ai_literacy_records,Role-based AI literacy training and competence evidence,tenant_id,uuid,Yes,,No,tenant.organizations(id),Composite/Yes,Employer tenant isolation key,Confidential accountability record,No,Direct tenant_id,Compliance; DPO; security; authorised auditor,Contract/legal obligation/legitimate interests as documented; never infer consent from notice acknowledgement,Statutory/contractual accountability schedule,Mutable through audited service command,Encrypted and integrity protected,Required for create/update/delete/read-export where material
governance,ai_literacy_records,Role-based AI literacy training and competence evidence,user_id,uuid,No,,No,iam.users(id),Composite/Yes,Related human or service user,Confidential accountability record,No,Direct tenant_id,Compliance; DPO; security; authorised auditor,Contract/legal obligation/legitimate interests as documented; never infer consent from notice acknowledgement,Statutory/contractual accountability schedule,Mutable through audited service command,Encrypted and integrity protected,Required for create/update/delete/read-export where material
governance,ai_literacy_records,Role-based AI literacy training and competence evidence,role_context,text,No,,No,,No,Role context,Confidential accountability record,No,Direct tenant_id,Compliance; DPO; security; authorised auditor,Contract/legal obligation/legitimate interests as documented; never infer consent from notice acknowledgement,Statutory/contractual accountability schedule,Mutable through audited service command,Encrypted and integrity protected,Required for create/update/delete/read-export where material
governance,ai_literacy_records,Role-based AI literacy training and competence evidence,training_code,text,No,,No,,Composite/Yes,Training code,Confidential accountability record,No,Direct tenant_id,Compliance; DPO; security; authorised auditor,Contract/legal obligation/legitimate interests as documented; never infer consent from notice acknowledgement,Statutory/contractual accountability schedule,Mutable through audited service command,Encrypted and integrity protected,Required for create/update/delete/read-export where material
governance,ai_literacy_records,Role-based AI literacy training and competence evidence,material_version,text,No,,No,,Composite/Yes,Material version,Confidential accountability record,No,Direct tenant_id,Compliance; DPO; security; authorised auditor,Contract/legal obligation/legitimate interests as documented; never infer consent from notice acknowledgement,Statutory/contractual accountability schedule,Mutable through audited service command,Encrypted and integrity protected,Required for create/update/delete/read-export where material
governance,ai_literacy_records,Role-based AI literacy training and competence evidence,competence_result,text,No,,No,,No,Competence result,Confidential accountability record,No,Direct tenant_id,Compliance; DPO; security; authorised auditor,Contract/legal obligation/legitimate interests as documented; never infer consent from notice acknowledgement,Statutory/contractual accountability schedule,Mutable through audited service command,Encrypted and integrity protected,Required for create/update/delete/read-export where material
governance,ai_literacy_records,Role-based AI literacy training and competence evidence,completed_at,timestamptz,Yes,,No,,No,Completed timestamp,Confidential accountability record,No,Direct tenant_id,Compliance; DPO; security; authorised auditor,Contract/legal obligation/legitimate interests as documented; never infer consent from notice acknowledgement,Statutory/contractual accountability schedule,Mutable through audited service command,Encrypted and integrity protected,Required for create/update/delete/read-export where material
governance,ai_literacy_records,Role-based AI literacy training and competence evidence,expires_at,timestamptz,Yes,,No,,No,Expires timestamp,Confidential accountability record,No,Direct tenant_id,Compliance; DPO; security; authorised auditor,Contract/legal obligation/legitimate interests as documented; never infer consent from notice acknowledgement,Statutory/contractual accountability schedule,Mutable through audited service command,Encrypted and integrity protected,Required for create/update/delete/read-export where material
governance,ai_literacy_records,Role-based AI literacy training and competence evidence,evidence_uri,text,Yes,,No,,No,Evidence uri,Confidential accountability record,No,Direct tenant_id,Compliance; DPO; security; authorised auditor,Contract/legal obligation/legitimate interests as documented; never infer consent from notice acknowledgement,Statutory/contractual accountability schedule,Mutable through audited service command,Encrypted and integrity protected,Required for create/update/delete/read-export where material
governance,ai_literacy_records,Role-based AI literacy training and competence evidence,approved_by,uuid,Yes,,No,iam.users(id),No,Approved by,Confidential accountability record,No,Direct tenant_id,Compliance; DPO; security; authorised auditor,Contract/legal obligation/legitimate interests as documented; never infer consent from notice acknowledgement,Statutory/contractual accountability schedule,Mutable through audited service command,Encrypted and integrity protected,Required for create/update/delete/read-export where material
governance,ai_literacy_records,Role-based AI literacy training and competence evidence,created_at,timestamptz,No,now(),No,,No,Immutable record creation time in UTC,Confidential accountability record,No,Direct tenant_id,Compliance; DPO; security; authorised auditor,Contract/legal obligation/legitimate interests as documented; never infer consent from notice acknowledgement,Statutory/contractual accountability schedule,Append-only / immutable,Encrypted and integrity protected,Required for create/update/delete/read-export where material
governance,ai_system_records,Provider AI system identity and intended purpose,id,uuid,No,gen_random_uuid(),Yes,,No,Stable record identifier,Confidential accountability record,No,Inherited/global; service policy required,Compliance; DPO; security; authorised auditor,Contract/legal obligation/legitimate interests as documented; never infer consent from notice acknowledgement,Statutory/contractual accountability schedule,Mutable through audited service command,Encrypted and integrity protected,Required for create/update/delete/read-export where material
governance,ai_system_records,Provider AI system identity and intended purpose,system_code,text,No,,No,,Yes,System code,Confidential accountability record,No,Inherited/global; service policy required,Compliance; DPO; security; authorised auditor,Contract/legal obligation/legitimate interests as documented; never infer consent from notice acknowledgement,Statutory/contractual accountability schedule,Mutable through audited service command,Encrypted and integrity protected,Required for create/update/delete/read-export where material
governance,ai_system_records,Provider AI system identity and intended purpose,name,text,No,,No,,No,Name,Confidential accountability record,No,Inherited/global; service policy required,Compliance; DPO; security; authorised auditor,Contract/legal obligation/legitimate interests as documented; never infer consent from notice acknowledgement,Statutory/contractual accountability schedule,Mutable through audited service command,Encrypted and integrity protected,Required for create/update/delete/read-export where material
governance,ai_system_records,Provider AI system identity and intended purpose,provider_legal_name,text,No,,No,,No,Provider legal name,Confidential personal data,No,Inherited/global; service policy required,Data subject; authorised operations,Contract/legal obligation/legitimate interests as documented; never infer consent from notice acknowledgement,Purpose-specific controller schedule,Mutable through audited service command,Encrypted at rest and in transit,Required for create/update/delete/read-export where material
governance,ai_system_records,Provider AI system identity and intended purpose,intended_purpose,text,No,,No,,No,Intended purpose,Confidential accountability record,No,Inherited/global; service policy required,Compliance; DPO; security; authorised auditor,Contract/legal obligation/legitimate interests as documented; never infer consent from notice acknowledgement,Statutory/contractual accountability schedule,Mutable through audited service command,Encrypted and integrity protected,Required for create/update/delete/read-export where material
governance,ai_system_records,Provider AI system identity and intended purpose,excluded_purposes,jsonb,No,'[]'::jsonb,No,,No,Excluded purposes,Confidential accountability record,No,Inherited/global; service policy required,Compliance; DPO; security; authorised auditor,Contract/legal obligation/legitimate interests as documented; never infer consent from notice acknowledgement,Statutory/contractual accountability schedule,Mutable through audited service command,Encrypted and integrity protected,Required for create/update/delete/read-export where material
governance,ai_system_records,Provider AI system identity and intended purpose,foreseeable_misuse,jsonb,No,'[]'::jsonb,No,,No,Foreseeable misuse,Confidential accountability record,No,Inherited/global; service policy required,Compliance; DPO; security; authorised auditor,Contract/legal obligation/legitimate interests as documented; never infer consent from notice acknowledgement,Statutory/contractual accountability schedule,Mutable through audited service command,Encrypted and integrity protected,Required for create/update/delete/read-export where material
governance,ai_system_records,Provider AI system identity and intended purpose,version,text,No,,No,,No,Version,Confidential accountability record,No,Inherited/global; service policy required,Compliance; DPO; security; authorised auditor,Contract/legal obligation/legitimate interests as documented; never infer consent from notice acknowledgement,Statutory/contractual accountability schedule,Mutable through audited service command,Encrypted and integrity protected,Required for create/update/delete/read-export where material
governance,ai_system_records,Provider AI system identity and intended purpose,lifecycle_status,text,No,,No,,No,Lifecycle status,Confidential accountability record,No,Inherited/global; service policy required,Compliance; DPO; security; authorised auditor,Contract/legal obligation/legitimate interests as documented; never infer consent from notice acknowledgement,Statutory/contractual accountability schedule,Mutable through audited service command,Encrypted and integrity protected,Required for create/update/delete/read-export where material
governance,ai_system_records,Provider AI system identity and intended purpose,owner_user_id,uuid,No,,No,iam.users(id),No,Owner user reference,Confidential accountability record,No,Inherited/global; service policy required,Compliance; DPO; security; authorised auditor,Contract/legal obligation/legitimate interests as documented; never infer consent from notice acknowledgement,Statutory/contractual accountability schedule,Mutable through audited service command,Encrypted and integrity protected,Required for create/update/delete/read-export where material
governance,ai_system_records,Provider AI system identity and intended purpose,created_at,timestamptz,No,now(),No,,No,Immutable record creation time in UTC,Confidential accountability record,No,Inherited/global; service policy required,Compliance; DPO; security; authorised auditor,Contract/legal obligation/legitimate interests as documented; never infer consent from notice acknowledgement,Statutory/contractual accountability schedule,Append-only / immutable,Encrypted and integrity protected,Required for create/update/delete/read-export where material
governance,ai_system_records,Provider AI system identity and intended purpose,updated_at,timestamptz,No,now(),No,,No,Last mutable update time in UTC,Confidential accountability record,No,Inherited/global; service policy required,Compliance; DPO; security; authorised auditor,Contract/legal obligation/legitimate interests as documented; never infer consent from notice acknowledgement,Statutory/contractual accountability schedule,Mutable through audited service command,Encrypted and integrity protected,Required for create/update/delete/read-export where material
governance,assessment_defects,Affected-attempt analysis and remedies,id,uuid,No,gen_random_uuid(),Yes,,No,Stable record identifier,Confidential accountability record,No,Inherited/global; service policy required,Compliance; DPO; security; authorised auditor,Contract/legal obligation/legitimate interests as documented; never infer consent from notice acknowledgement,Statutory/contractual accountability schedule,Mutable through audited service command,Encrypted and integrity protected,Required for create/update/delete/read-export where material
governance,assessment_defects,Affected-attempt analysis and remedies,assessment_version_id,uuid,No,,No,assessment.assessment_versions(id),No,Assessment version reference,Confidential accountability record,No,Inherited/global; service policy required,Compliance; DPO; security; authorised auditor,Contract/legal obligation/legitimate interests as documented; never infer consent from notice acknowledgement,Statutory/contractual accountability schedule,Mutable through audited service command,Encrypted and integrity protected,Required for create/update/delete/read-export where material
governance,assessment_defects,Affected-attempt analysis and remedies,defect_type,text,No,,No,,No,Defect type,Confidential accountability record,No,Inherited/global; service policy required,Compliance; DPO; security; authorised auditor,Contract/legal obligation/legitimate interests as documented; never infer consent from notice acknowledgement,Statutory/contractual accountability schedule,Mutable through audited service command,Encrypted and integrity protected,Required for create/update/delete/read-export where material
governance,assessment_defects,Affected-attempt analysis and remedies,severity,text,No,,No,,No,Severity,Confidential accountability record,No,Inherited/global; service policy required,Compliance; DPO; security; authorised auditor,Contract/legal obligation/legitimate interests as documented; never infer consent from notice acknowledgement,Statutory/contractual accountability schedule,Mutable through audited service command,Encrypted and integrity protected,Required for create/update/delete/read-export where material
governance,assessment_defects,Affected-attempt analysis and remedies,description,text,No,,No,,No,Description,Confidential accountability record,No,Inherited/global; service policy required,Compliance; DPO; security; authorised auditor,Contract/legal obligation/legitimate interests as documented; never infer consent from notice acknowledgement,Statutory/contractual accountability schedule,Mutable through audited service command,Encrypted and integrity protected,Required for create/update/delete/read-export where material
governance,assessment_defects,Affected-attempt analysis and remedies,status,text,No,,No,,No,Controlled lifecycle state,Confidential accountability record,No,Inherited/global; service policy required,Compliance; DPO; security; authorised auditor,Contract/legal obligation/legitimate interests as documented; never infer consent from notice acknowledgement,Statutory/contractual accountability schedule,Mutable through audited service command,Encrypted and integrity protected,Required for create/update/delete/read-export where material
governance,assessment_defects,Affected-attempt analysis and remedies,affected_attempt_count,integer,No,0,No,,No,Affected timestamptempt count,Confidential accountability record,No,Inherited/global; service policy required,Compliance; DPO; security; authorised auditor,Contract/legal obligation/legitimate interests as documented; never infer consent from notice acknowledgement,Statutory/contractual accountability schedule,Mutable through audited service command,Encrypted and integrity protected,Required for create/update/delete/read-export where material
governance,assessment_defects,Affected-attempt analysis and remedies,impact_analysis,jsonb,No,'{}'::jsonb,No,,No,Impact analysis,Confidential accountability record,No,Inherited/global; service policy required,Compliance; DPO; security; authorised auditor,Contract/legal obligation/legitimate interests as documented; never infer consent from notice acknowledgement,Statutory/contractual accountability schedule,Mutable through audited service command,Encrypted and integrity protected,Required for create/update/delete/read-export where material
governance,assessment_defects,Affected-attempt analysis and remedies,remedy_policy,jsonb,No,'{}'::jsonb,No,,No,Remedy policy,Confidential accountability record,No,Inherited/global; service policy required,Compliance; DPO; security; authorised auditor,Contract/legal obligation/legitimate interests as documented; never infer consent from notice acknowledgement,Statutory/contractual accountability schedule,Mutable through audited service command,Encrypted and integrity protected,Required for create/update/delete/read-export where material
governance,assessment_defects,Affected-attempt analysis and remedies,created_at,timestamptz,No,now(),No,,No,Immutable record creation time in UTC,Confidential accountability record,No,Inherited/global; service policy required,Compliance; DPO; security; authorised auditor,Contract/legal obligation/legitimate interests as documented; never infer consent from notice acknowledgement,Statutory/contractual accountability schedule,Append-only / immutable,Encrypted and integrity protected,Required for create/update/delete/read-export where material
governance,assessment_defects,Affected-attempt analysis and remedies,resolved_at,timestamptz,Yes,,No,,No,Resolved timestamp,Confidential accountability record,No,Inherited/global; service policy required,Compliance; DPO; security; authorised auditor,Contract/legal obligation/legitimate interests as documented; never infer consent from notice acknowledgement,Statutory/contractual accountability schedule,Mutable through audited service command,Encrypted and integrity protected,Required for create/update/delete/read-export where material
governance,ce_marking_records,CE marking evidence and release gate,id,uuid,No,gen_random_uuid(),Yes,,No,Stable record identifier,Confidential accountability record,No,Inherited/global; service policy required,Compliance; DPO; security; authorised auditor,Contract/legal obligation/legitimate interests as documented; never infer consent from notice acknowledgement,Statutory/contractual accountability schedule,Mutable through audited service command,Encrypted and integrity protected,Required for create/update/delete/read-export where material
governance,ce_marking_records,CE marking evidence and release gate,ai_system_id,uuid,No,,No,governance.ai_system_records(id),Composite/Yes,Ai system reference,Confidential accountability record,No,Inherited/global; service policy required,Compliance; DPO; security; authorised auditor,Contract/legal obligation/legitimate interests as documented; never infer consent from notice acknowledgement,Statutory/contractual accountability schedule,Mutable through audited service command,Encrypted and integrity protected,Required for create/update/delete/read-export where material
governance,ce_marking_records,CE marking evidence and release gate,release_version,text,No,,No,,Composite/Yes,Release version,Confidential accountability record,No,Inherited/global; service policy required,Compliance; DPO; security; authorised auditor,Contract/legal obligation/legitimate interests as documented; never infer consent from notice acknowledgement,Statutory/contractual accountability schedule,Mutable through audited service command,Encrypted and integrity protected,Required for create/update/delete/read-export where material
governance,ce_marking_records,CE marking evidence and release gate,declaration_id,uuid,No,,No,governance.eu_declarations(id),No,Declaration reference,Confidential accountability record,No,Inherited/global; service policy required,Compliance; DPO; security; authorised auditor,Contract/legal obligation/legitimate interests as documented; never infer consent from notice acknowledgement,Statutory/contractual accountability schedule,Mutable through audited service command,Encrypted and integrity protected,Required for create/update/delete/read-export where material
governance,ce_marking_records,CE marking evidence and release gate,marking_location,text,No,,No,,No,Marking location,Confidential accountability record,No,Inherited/global; service policy required,Compliance; DPO; security; authorised auditor,Contract/legal obligation/legitimate interests as documented; never infer consent from notice acknowledgement,Statutory/contractual accountability schedule,Mutable through audited service command,Encrypted and integrity protected,Required for create/update/delete/read-export where material
governance,ce_marking_records,CE marking evidence and release gate,status,text,No,,No,,No,Controlled lifecycle state,Confidential accountability record,No,Inherited/global; service policy required,Compliance; DPO; security; authorised auditor,Contract/legal obligation/legitimate interests as documented; never infer consent from notice acknowledgement,Statutory/contractual accountability schedule,Mutable through audited service command,Encrypted and integrity protected,Required for create/update/delete/read-export where material
governance,ce_marking_records,CE marking evidence and release gate,approved_by,uuid,Yes,,No,iam.users(id),No,Approved by,Confidential accountability record,No,Inherited/global; service policy required,Compliance; DPO; security; authorised auditor,Contract/legal obligation/legitimate interests as documented; never infer consent from notice acknowledgement,Statutory/contractual accountability schedule,Mutable through audited service command,Encrypted and integrity protected,Required for create/update/delete/read-export where material
governance,ce_marking_records,CE marking evidence and release gate,approved_at,timestamptz,Yes,,No,,No,Approved timestamp,Confidential accountability record,No,Inherited/global; service policy required,Compliance; DPO; security; authorised auditor,Contract/legal obligation/legitimate interests as documented; never infer consent from notice acknowledgement,Statutory/contractual accountability schedule,Mutable through audited service command,Encrypted and integrity protected,Required for create/update/delete/read-export where material
governance,ce_marking_records,CE marking evidence and release gate,evidence_uri,text,Yes,,No,,No,Evidence uri,Confidential accountability record,No,Inherited/global; service policy required,Compliance; DPO; security; authorised auditor,Contract/legal obligation/legitimate interests as documented; never infer consent from notice acknowledgement,Statutory/contractual accountability schedule,Mutable through audited service command,Encrypted and integrity protected,Required for create/update/delete/read-export where material
governance,change_requests,Materiality and substantial-modification change control,id,uuid,No,gen_random_uuid(),Yes,,No,Stable record identifier,Confidential accountability record,No,Direct tenant_id,Compliance; DPO; security; authorised auditor,Contract/legal obligation/legitimate interests as documented; never infer consent from notice acknowledgement,Statutory/contractual accountability schedule,Mutable through audited service command,Encrypted and integrity protected,Required for create/update/delete/read-export where material
governance,change_requests,Materiality and substantial-modification change control,tenant_id,uuid,Yes,,No,tenant.organizations(id),Composite/Yes,Employer tenant isolation key,Confidential accountability record,No,Direct tenant_id,Compliance; DPO; security; authorised auditor,Contract/legal obligation/legitimate interests as documented; never infer consent from notice acknowledgement,Statutory/contractual accountability schedule,Mutable through audited service command,Encrypted and integrity protected,Required for create/update/delete/read-export where material
governance,change_requests,Materiality and substantial-modification change control,change_code,text,No,,No,,Composite/Yes,Change code,Confidential accountability record,No,Direct tenant_id,Compliance; DPO; security; authorised auditor,Contract/legal obligation/legitimate interests as documented; never infer consent from notice acknowledgement,Statutory/contractual accountability schedule,Mutable through audited service command,Encrypted and integrity protected,Required for create/update/delete/read-export where material
governance,change_requests,Materiality and substantial-modification change control,change_type,text,No,,No,,No,Change type,Confidential accountability record,No,Direct tenant_id,Compliance; DPO; security; authorised auditor,Contract/legal obligation/legitimate interests as documented; never infer consent from notice acknowledgement,Statutory/contractual accountability schedule,Mutable through audited service command,Encrypted and integrity protected,Required for create/update/delete/read-export where material
governance,change_requests,Materiality and substantial-modification change control,scope,jsonb,No,,No,,No,Scope,Confidential accountability record,No,Direct tenant_id,Compliance; DPO; security; authorised auditor,Contract/legal obligation/legitimate interests as documented; never infer consent from notice acknowledgement,Statutory/contractual accountability schedule,Mutable through audited service command,Encrypted and integrity protected,Required for create/update/delete/read-export where material
governance,change_requests,Materiality and substantial-modification change control,description,text,No,,No,,No,Description,Confidential accountability record,No,Direct tenant_id,Compliance; DPO; security; authorised auditor,Contract/legal obligation/legitimate interests as documented; never infer consent from notice acknowledgement,Statutory/contractual accountability schedule,Mutable through audited service command,Encrypted and integrity protected,Required for create/update/delete/read-export where material
governance,change_requests,Materiality and substantial-modification change control,intended_purpose_impact,text,No,,No,,No,Intended purpose impact,Confidential accountability record,No,Direct tenant_id,Compliance; DPO; security; authorised auditor,Contract/legal obligation/legitimate interests as documented; never infer consent from notice acknowledgement,Statutory/contractual accountability schedule,Mutable through audited service command,Encrypted and integrity protected,Required for create/update/delete/read-export where material
governance,change_requests,Materiality and substantial-modification change control,data_impact,text,No,,No,,No,Data impact,Confidential accountability record,No,Direct tenant_id,Compliance; DPO; security; authorised auditor,Contract/legal obligation/legitimate interests as documented; never infer consent from notice acknowledgement,Statutory/contractual accountability schedule,Mutable through audited service command,Encrypted and integrity protected,Required for create/update/delete/read-export where material
governance,change_requests,Materiality and substantial-modification change control,rights_impact,text,No,,No,,No,Rights impact,Confidential accountability record,No,Direct tenant_id,Compliance; DPO; security; authorised auditor,Contract/legal obligation/legitimate interests as documented; never infer consent from notice acknowledgement,Statutory/contractual accountability schedule,Mutable through audited service command,Encrypted and integrity protected,Required for create/update/delete/read-export where material
governance,change_requests,Materiality and substantial-modification change control,substantial_modification_risk,text,No,,No,,No,Substantial modification risk,Confidential accountability record,No,Direct tenant_id,Compliance; DPO; security; authorised auditor,Contract/legal obligation/legitimate interests as documented; never infer consent from notice acknowledgement,Statutory/contractual accountability schedule,Mutable through audited service command,Encrypted and integrity protected,Required for create/update/delete/read-export where material
governance,change_requests,Materiality and substantial-modification change control,required_reviews,jsonb,No,,No,,No,Required reviews,Confidential accountability record,No,Direct tenant_id,Compliance; DPO; security; authorised auditor,Contract/legal obligation/legitimate interests as documented; never infer consent from notice acknowledgement,Statutory/contractual accountability schedule,Mutable through audited service command,Encrypted and integrity protected,Required for create/update/delete/read-export where material
governance,change_requests,Materiality and substantial-modification change control,required_revalidation,jsonb,No,,No,,No,Required revalidation,Confidential accountability record,No,Direct tenant_id,Compliance; DPO; security; authorised auditor,Contract/legal obligation/legitimate interests as documented; never infer consent from notice acknowledgement,Statutory/contractual accountability schedule,Mutable through audited service command,Encrypted and integrity protected,Required for create/update/delete/read-export where material
governance,change_requests,Materiality and substantial-modification change control,rollback_plan,text,No,,No,,No,Rollback plan,Confidential accountability record,No,Direct tenant_id,Compliance; DPO; security; authorised auditor,Contract/legal obligation/legitimate interests as documented; never infer consent from notice acknowledgement,Statutory/contractual accountability schedule,Mutable through audited service command,Encrypted and integrity protected,Required for create/update/delete/read-export where material
governance,change_requests,Materiality and substantial-modification change control,status,text,No,,No,,No,Controlled lifecycle state,Confidential accountability record,No,Direct tenant_id,Compliance; DPO; security; authorised auditor,Contract/legal obligation/legitimate interests as documented; never infer consent from notice acknowledgement,Statutory/contractual accountability schedule,Mutable through audited service command,Encrypted and integrity protected,Required for create/update/delete/read-export where material
governance,change_requests,Materiality and substantial-modification change control,requested_by,uuid,No,,No,iam.users(id),No,Requested by,Confidential accountability record,No,Direct tenant_id,Compliance; DPO; security; authorised auditor,Contract/legal obligation/legitimate interests as documented; never infer consent from notice acknowledgement,Statutory/contractual accountability schedule,Mutable through audited service command,Encrypted and integrity protected,Required for create/update/delete/read-export where material
governance,change_requests,Materiality and substantial-modification change control,approved_by,uuid,Yes,,No,iam.users(id),No,Approved by,Confidential accountability record,No,Direct tenant_id,Compliance; DPO; security; authorised auditor,Contract/legal obligation/legitimate interests as documented; never infer consent from notice acknowledgement,Statutory/contractual accountability schedule,Mutable through audited service command,Encrypted and integrity protected,Required for create/update/delete/read-export where material
governance,change_requests,Materiality and substantial-modification change control,created_at,timestamptz,No,now(),No,,No,Immutable record creation time in UTC,Confidential accountability record,No,Direct tenant_id,Compliance; DPO; security; authorised auditor,Contract/legal obligation/legitimate interests as documented; never infer consent from notice acknowledgement,Statutory/contractual accountability schedule,Append-only / immutable,Encrypted and integrity protected,Required for create/update/delete/read-export where material
governance,change_requests,Materiality and substantial-modification change control,approved_at,timestamptz,Yes,,No,,No,Approved timestamp,Confidential accountability record,No,Direct tenant_id,Compliance; DPO; security; authorised auditor,Contract/legal obligation/legitimate interests as documented; never infer consent from notice acknowledgement,Statutory/contractual accountability schedule,Mutable through audited service command,Encrypted and integrity protected,Required for create/update/delete/read-export where material
governance,change_requests,Materiality and substantial-modification change control,implemented_at,timestamptz,Yes,,No,,No,Implemented timestamp,Confidential accountability record,No,Direct tenant_id,Compliance; DPO; security; authorised auditor,Contract/legal obligation/legitimate interests as documented; never infer consent from notice acknowledgement,Statutory/contractual accountability schedule,Mutable through audited service command,Encrypted and integrity protected,Required for create/update/delete/read-export where material
governance,classification_records,Versioned AI Act classification and prohibited-practice analysis,id,uuid,No,gen_random_uuid(),Yes,,No,Stable record identifier,Confidential accountability record,No,Inherited/global; service policy required,Compliance; DPO; security; authorised auditor,Contract/legal obligation/legitimate interests as documented; never infer consent from notice acknowledgement,Statutory/contractual accountability schedule,Mutable through audited service command,Encrypted and integrity protected,Required for create/update/delete/read-export where material
governance,classification_records,Versioned AI Act classification and prohibited-practice analysis,ai_system_id,uuid,No,,No,governance.ai_system_records(id),Composite/Yes,Ai system reference,Confidential accountability record,No,Inherited/global; service policy required,Compliance; DPO; security; authorised auditor,Contract/legal obligation/legitimate interests as documented; never infer consent from notice acknowledgement,Statutory/contractual accountability schedule,Mutable through audited service command,Encrypted and integrity protected,Required for create/update/delete/read-export where material
governance,classification_records,Versioned AI Act classification and prohibited-practice analysis,version_no,integer,No,,No,,Composite/Yes,Version no,Confidential accountability record,No,Inherited/global; service policy required,Compliance; DPO; security; authorised auditor,Contract/legal obligation/legitimate interests as documented; never infer consent from notice acknowledgement,Statutory/contractual accountability schedule,Mutable through audited service command,Encrypted and integrity protected,Required for create/update/delete/read-export where material
governance,classification_records,Versioned AI Act classification and prohibited-practice analysis,ai_system_conclusion,boolean,No,,No,,No,Ai system conclusion,Confidential accountability record,No,Inherited/global; service policy required,Compliance; DPO; security; authorised auditor,Contract/legal obligation/legitimate interests as documented; never infer consent from notice acknowledgement,Statutory/contractual accountability schedule,Mutable through audited service command,Encrypted and integrity protected,Required for create/update/delete/read-export where material
governance,classification_records,Versioned AI Act classification and prohibited-practice analysis,territorial_scope,text,No,,No,,No,Territorial scope,Confidential accountability record,No,Inherited/global; service policy required,Compliance; DPO; security; authorised auditor,Contract/legal obligation/legitimate interests as documented; never infer consent from notice acknowledgement,Statutory/contractual accountability schedule,Mutable through audited service command,Encrypted and integrity protected,Required for create/update/delete/read-export where material
governance,classification_records,Versioned AI Act classification and prohibited-practice analysis,organization_roles,jsonb,No,,No,,No,Organization roles,Confidential accountability record,No,Inherited/global; service policy required,Compliance; DPO; security; authorised auditor,Contract/legal obligation/legitimate interests as documented; never infer consent from notice acknowledgement,Statutory/contractual accountability schedule,Mutable through audited service command,Encrypted and integrity protected,Required for create/update/delete/read-export where material
governance,classification_records,Versioned AI Act classification and prohibited-practice analysis,article_5_review,jsonb,No,,No,,No,Article 5 review,Confidential accountability record,No,Inherited/global; service policy required,Compliance; DPO; security; authorised auditor,Contract/legal obligation/legitimate interests as documented; never infer consent from notice acknowledgement,Statutory/contractual accountability schedule,Mutable through audited service command,Encrypted and integrity protected,Required for create/update/delete/read-export where material
governance,classification_records,Versioned AI Act classification and prohibited-practice analysis,annex_iii_category,text,Yes,,No,,No,Annex iii category,Confidential accountability record,No,Inherited/global; service policy required,Compliance; DPO; security; authorised auditor,Contract/legal obligation/legitimate interests as documented; never infer consent from notice acknowledgement,Statutory/contractual accountability schedule,Mutable through audited service command,Encrypted and integrity protected,Required for create/update/delete/read-export where material
governance,classification_records,Versioned AI Act classification and prohibited-practice analysis,high_risk_conclusion,boolean,No,,No,,No,High risk conclusion,Confidential accountability record,No,Inherited/global; service policy required,Compliance; DPO; security; authorised auditor,Contract/legal obligation/legitimate interests as documented; never infer consent from notice acknowledgement,Statutory/contractual accountability schedule,Mutable through audited service command,Encrypted and integrity protected,Required for create/update/delete/read-export where material
governance,classification_records,Versioned AI Act classification and prohibited-practice analysis,article_50_review,jsonb,No,,No,,No,Article 50 review,Confidential accountability record,No,Inherited/global; service policy required,Compliance; DPO; security; authorised auditor,Contract/legal obligation/legitimate interests as documented; never infer consent from notice acknowledgement,Statutory/contractual accountability schedule,Mutable through audited service command,Encrypted and integrity protected,Required for create/update/delete/read-export where material
governance,classification_records,Versioned AI Act classification and prohibited-practice analysis,gpai_role_review,jsonb,No,,No,,No,Gpai role review,Confidential accountability record,No,Inherited/global; service policy required,Compliance; DPO; security; authorised auditor,Contract/legal obligation/legitimate interests as documented; never infer consent from notice acknowledgement,Statutory/contractual accountability schedule,Mutable through audited service command,Encrypted and integrity protected,Required for create/update/delete/read-export where material
governance,classification_records,Versioned AI Act classification and prohibited-practice analysis,legal_snapshot_at,date,No,,No,,No,Legal snapshot timestamp,Confidential accountability record,No,Inherited/global; service policy required,Compliance; DPO; security; authorised auditor,Contract/legal obligation/legitimate interests as documented; never infer consent from notice acknowledgement,Statutory/contractual accountability schedule,Mutable through audited service command,Encrypted and integrity protected,Required for create/update/delete/read-export where material
governance,classification_records,Versioned AI Act classification and prohibited-practice analysis,confidence,text,No,,No,,No,Confidence,Confidential accountability record,No,Inherited/global; service policy required,Compliance; DPO; security; authorised auditor,Contract/legal obligation/legitimate interests as documented; never infer consent from notice acknowledgement,Statutory/contractual accountability schedule,Mutable through audited service command,Encrypted and integrity protected,Required for create/update/delete/read-export where material
governance,classification_records,Versioned AI Act classification and prohibited-practice analysis,status,text,No,,No,,No,Controlled lifecycle state,Confidential accountability record,No,Inherited/global; service policy required,Compliance; DPO; security; authorised auditor,Contract/legal obligation/legitimate interests as documented; never infer consent from notice acknowledgement,Statutory/contractual accountability schedule,Mutable through audited service command,Encrypted and integrity protected,Required for create/update/delete/read-export where material
governance,classification_records,Versioned AI Act classification and prohibited-practice analysis,prepared_by,uuid,No,,No,iam.users(id),No,Prepared by,Confidential accountability record,No,Inherited/global; service policy required,Compliance; DPO; security; authorised auditor,Contract/legal obligation/legitimate interests as documented; never infer consent from notice acknowledgement,Statutory/contractual accountability schedule,Mutable through audited service command,Encrypted and integrity protected,Required for create/update/delete/read-export where material
governance,classification_records,Versioned AI Act classification and prohibited-practice analysis,approved_by,uuid,Yes,,No,iam.users(id),No,Approved by,Confidential accountability record,No,Inherited/global; service policy required,Compliance; DPO; security; authorised auditor,Contract/legal obligation/legitimate interests as documented; never infer consent from notice acknowledgement,Statutory/contractual accountability schedule,Mutable through audited service command,Encrypted and integrity protected,Required for create/update/delete/read-export where material
governance,classification_records,Versioned AI Act classification and prohibited-practice analysis,created_at,timestamptz,No,now(),No,,No,Immutable record creation time in UTC,Confidential accountability record,No,Inherited/global; service policy required,Compliance; DPO; security; authorised auditor,Contract/legal obligation/legitimate interests as documented; never infer consent from notice acknowledgement,Statutory/contractual accountability schedule,Append-only / immutable,Encrypted and integrity protected,Required for create/update/delete/read-export where material
governance,classification_records,Versioned AI Act classification and prohibited-practice analysis,approved_at,timestamptz,Yes,,No,,No,Approved timestamp,Confidential accountability record,No,Inherited/global; service policy required,Compliance; DPO; security; authorised auditor,Contract/legal obligation/legitimate interests as documented; never infer consent from notice acknowledgement,Statutory/contractual accountability schedule,Mutable through audited service command,Encrypted and integrity protected,Required for create/update/delete/read-export where material
governance,complaints,"Candidate, deployer or whistleblowing complaint workflow",id,uuid,No,gen_random_uuid(),Yes,,No,Stable record identifier,Confidential accountability record,No,Direct tenant_id,Compliance; DPO; security; authorised auditor,Contract/legal obligation/legitimate interests as documented; never infer consent from notice acknowledgement,Statutory/contractual accountability schedule,Mutable through audited service command,Encrypted and integrity protected,Required for create/update/delete/read-export where material
governance,complaints,"Candidate, deployer or whistleblowing complaint workflow",tenant_id,uuid,Yes,,No,tenant.organizations(id),No,Employer tenant isolation key,Confidential accountability record,No,Direct tenant_id,Compliance; DPO; security; authorised auditor,Contract/legal obligation/legitimate interests as documented; never infer consent from notice acknowledgement,Statutory/contractual accountability schedule,Mutable through audited service command,Encrypted and integrity protected,Required for create/update/delete/read-export where material
governance,complaints,"Candidate, deployer or whistleblowing complaint workflow",candidate_id,uuid,Yes,,No,hiring.candidates(id),No,Tenant-local candidate reference,Confidential accountability record,No,Direct tenant_id,Compliance; DPO; security; authorised auditor,Contract/legal obligation/legitimate interests as documented; never infer consent from notice acknowledgement,Statutory/contractual accountability schedule,Mutable through audited service command,Encrypted and integrity protected,Required for create/update/delete/read-export where material
governance,complaints,"Candidate, deployer or whistleblowing complaint workflow",complaint_type,text,No,,No,,No,Complaint type,Confidential accountability record,No,Direct tenant_id,Compliance; DPO; security; authorised auditor,Contract/legal obligation/legitimate interests as documented; never infer consent from notice acknowledgement,Statutory/contractual accountability schedule,Mutable through audited service command,Encrypted and integrity protected,Required for create/update/delete/read-export where material
governance,complaints,"Candidate, deployer or whistleblowing complaint workflow",channel,text,No,,No,,No,Channel,Confidential accountability record,No,Direct tenant_id,Compliance; DPO; security; authorised auditor,Contract/legal obligation/legitimate interests as documented; never infer consent from notice acknowledgement,Statutory/contractual accountability schedule,Mutable through audited service command,Encrypted and integrity protected,Required for create/update/delete/read-export where material
governance,complaints,"Candidate, deployer or whistleblowing complaint workflow",description,text,No,,No,,No,Description,Confidential accountability record,No,Direct tenant_id,Compliance; DPO; security; authorised auditor,Contract/legal obligation/legitimate interests as documented; never infer consent from notice acknowledgement,Statutory/contractual accountability schedule,Mutable through audited service command,Encrypted and integrity protected,Required for create/update/delete/read-export where material
governance,complaints,"Candidate, deployer or whistleblowing complaint workflow",confidentiality_level,text,No,,No,,No,Confidentiality level,Confidential accountability record,No,Direct tenant_id,Compliance; DPO; security; authorised auditor,Contract/legal obligation/legitimate interests as documented; never infer consent from notice acknowledgement,Statutory/contractual accountability schedule,Mutable through audited service command,Encrypted and integrity protected,Required for create/update/delete/read-export where material
governance,complaints,"Candidate, deployer or whistleblowing complaint workflow",status,text,No,,No,,No,Controlled lifecycle state,Confidential accountability record,No,Direct tenant_id,Compliance; DPO; security; authorised auditor,Contract/legal obligation/legitimate interests as documented; never infer consent from notice acknowledgement,Statutory/contractual accountability schedule,Mutable through audited service command,Encrypted and integrity protected,Required for create/update/delete/read-export where material
governance,complaints,"Candidate, deployer or whistleblowing complaint workflow",owner_user_id,uuid,Yes,,No,iam.users(id),No,Owner user reference,Confidential accountability record,No,Direct tenant_id,Compliance; DPO; security; authorised auditor,Contract/legal obligation/legitimate interests as documented; never infer consent from notice acknowledgement,Statutory/contractual accountability schedule,Mutable through audited service command,Encrypted and integrity protected,Required for create/update/delete/read-export where material
governance,complaints,"Candidate, deployer or whistleblowing complaint workflow",due_at,timestamptz,Yes,,No,,No,Due timestamp,Confidential accountability record,No,Direct tenant_id,Compliance; DPO; security; authorised auditor,Contract/legal obligation/legitimate interests as documented; never infer consent from notice acknowledgement,Statutory/contractual accountability schedule,Mutable through audited service command,Encrypted and integrity protected,Required for create/update/delete/read-export where material
governance,complaints,"Candidate, deployer or whistleblowing complaint workflow",outcome,text,Yes,,No,,No,Outcome,Confidential accountability record,No,Direct tenant_id,Compliance; DPO; security; authorised auditor,Contract/legal obligation/legitimate interests as documented; never infer consent from notice acknowledgement,Statutory/contractual accountability schedule,Mutable through audited service command,Encrypted and integrity protected,Required for create/update/delete/read-export where material
governance,complaints,"Candidate, deployer or whistleblowing complaint workflow",remedy,text,Yes,,No,,No,Remedy,Confidential accountability record,No,Direct tenant_id,Compliance; DPO; security; authorised auditor,Contract/legal obligation/legitimate interests as documented; never infer consent from notice acknowledgement,Statutory/contractual accountability schedule,Mutable through audited service command,Encrypted and integrity protected,Required for create/update/delete/read-export where material
governance,complaints,"Candidate, deployer or whistleblowing complaint workflow",created_at,timestamptz,No,now(),No,,No,Immutable record creation time in UTC,Confidential accountability record,No,Direct tenant_id,Compliance; DPO; security; authorised auditor,Contract/legal obligation/legitimate interests as documented; never infer consent from notice acknowledgement,Statutory/contractual accountability schedule,Append-only / immutable,Encrypted and integrity protected,Required for create/update/delete/read-export where material
governance,complaints,"Candidate, deployer or whistleblowing complaint workflow",resolved_at,timestamptz,Yes,,No,,No,Resolved timestamp,Confidential accountability record,No,Direct tenant_id,Compliance; DPO; security; authorised auditor,Contract/legal obligation/legitimate interests as documented; never infer consent from notice acknowledgement,Statutory/contractual accountability schedule,Mutable through audited service command,Encrypted and integrity protected,Required for create/update/delete/read-export where material
governance,conformity_assessments,High-risk internal-control conformity procedure record,id,uuid,No,gen_random_uuid(),Yes,,No,Stable record identifier,Confidential accountability record,No,Inherited/global; service policy required,Compliance; DPO; security; authorised auditor,Contract/legal obligation/legitimate interests as documented; never infer consent from notice acknowledgement,Statutory/contractual accountability schedule,Mutable through audited service command,Encrypted and integrity protected,Required for create/update/delete/read-export where material
governance,conformity_assessments,High-risk internal-control conformity procedure record,ai_system_id,uuid,No,,No,governance.ai_system_records(id),Composite/Yes,Ai system reference,Confidential accountability record,No,Inherited/global; service policy required,Compliance; DPO; security; authorised auditor,Contract/legal obligation/legitimate interests as documented; never infer consent from notice acknowledgement,Statutory/contractual accountability schedule,Mutable through audited service command,Encrypted and integrity protected,Required for create/update/delete/read-export where material
governance,conformity_assessments,High-risk internal-control conformity procedure record,release_version,text,No,,No,,Composite/Yes,Release version,Confidential accountability record,No,Inherited/global; service policy required,Compliance; DPO; security; authorised auditor,Contract/legal obligation/legitimate interests as documented; never infer consent from notice acknowledgement,Statutory/contractual accountability schedule,Mutable through audited service command,Encrypted and integrity protected,Required for create/update/delete/read-export where material
governance,conformity_assessments,High-risk internal-control conformity procedure record,procedure,text,No,,No,,No,Procedure,Confidential accountability record,No,Inherited/global; service policy required,Compliance; DPO; security; authorised auditor,Contract/legal obligation/legitimate interests as documented; never infer consent from notice acknowledgement,Statutory/contractual accountability schedule,Mutable through audited service command,Encrypted and integrity protected,Required for create/update/delete/read-export where material
governance,conformity_assessments,High-risk internal-control conformity procedure record,requirement_results,jsonb,No,,No,,No,Requirement results,Confidential accountability record,No,Inherited/global; service policy required,Compliance; DPO; security; authorised auditor,Contract/legal obligation/legitimate interests as documented; never infer consent from notice acknowledgement,Statutory/contractual accountability schedule,Mutable through audited service command,Encrypted and integrity protected,Required for create/update/delete/read-export where material
governance,conformity_assessments,High-risk internal-control conformity procedure record,deviations,jsonb,No,'[]'::jsonb,No,,No,Deviations,Confidential accountability record,No,Inherited/global; service policy required,Compliance; DPO; security; authorised auditor,Contract/legal obligation/legitimate interests as documented; never infer consent from notice acknowledgement,Statutory/contractual accountability schedule,Mutable through audited service command,Encrypted and integrity protected,Required for create/update/delete/read-export where material
governance,conformity_assessments,High-risk internal-control conformity procedure record,decision,text,No,,No,,No,Decision,Confidential accountability record,No,Inherited/global; service policy required,Compliance; DPO; security; authorised auditor,Contract/legal obligation/legitimate interests as documented; never infer consent from notice acknowledgement,Statutory/contractual accountability schedule,Mutable through audited service command,Encrypted and integrity protected,Required for create/update/delete/read-export where material
governance,conformity_assessments,High-risk internal-control conformity procedure record,assessed_by,uuid,No,,No,iam.users(id),No,Assessed by,Confidential accountability record,No,Inherited/global; service policy required,Compliance; DPO; security; authorised auditor,Contract/legal obligation/legitimate interests as documented; never infer consent from notice acknowledgement,Statutory/contractual accountability schedule,Mutable through audited service command,Encrypted and integrity protected,Required for create/update/delete/read-export where material
governance,conformity_assessments,High-risk internal-control conformity procedure record,approved_by,uuid,Yes,,No,iam.users(id),No,Approved by,Confidential accountability record,No,Inherited/global; service policy required,Compliance; DPO; security; authorised auditor,Contract/legal obligation/legitimate interests as documented; never infer consent from notice acknowledgement,Statutory/contractual accountability schedule,Mutable through audited service command,Encrypted and integrity protected,Required for create/update/delete/read-export where material
governance,conformity_assessments,High-risk internal-control conformity procedure record,assessed_at,timestamptz,No,now(),No,,No,Assessed timestamp,Confidential accountability record,No,Inherited/global; service policy required,Compliance; DPO; security; authorised auditor,Contract/legal obligation/legitimate interests as documented; never infer consent from notice acknowledgement,Statutory/contractual accountability schedule,Mutable through audited service command,Encrypted and integrity protected,Required for create/update/delete/read-export where material
governance,conformity_assessments,High-risk internal-control conformity procedure record,approved_at,timestamptz,Yes,,No,,No,Approved timestamp,Confidential accountability record,No,Inherited/global; service policy required,Compliance; DPO; security; authorised auditor,Contract/legal obligation/legitimate interests as documented; never infer consent from notice acknowledgement,Statutory/contractual accountability schedule,Mutable through audited service command,Encrypted and integrity protected,Required for create/update/delete/read-export where material
governance,conformity_assessments,High-risk internal-control conformity procedure record,valid_until,date,Yes,,No,,No,Valid until,Confidential accountability record,No,Inherited/global; service policy required,Compliance; DPO; security; authorised auditor,Contract/legal obligation/legitimate interests as documented; never infer consent from notice acknowledgement,Statutory/contractual accountability schedule,Mutable through audited service command,Encrypted and integrity protected,Required for create/update/delete/read-export where material
governance,corrective_actions,"Defect, risk and incident remediation tracking",id,uuid,No,gen_random_uuid(),Yes,,No,Stable record identifier,Confidential accountability record,No,Direct tenant_id,Compliance; DPO; security; authorised auditor,Contract/legal obligation/legitimate interests as documented; never infer consent from notice acknowledgement,Statutory/contractual accountability schedule,Mutable through audited service command,Encrypted and integrity protected,Required for create/update/delete/read-export where material
governance,corrective_actions,"Defect, risk and incident remediation tracking",tenant_id,uuid,Yes,,No,tenant.organizations(id),No,Employer tenant isolation key,Confidential accountability record,No,Direct tenant_id,Compliance; DPO; security; authorised auditor,Contract/legal obligation/legitimate interests as documented; never infer consent from notice acknowledgement,Statutory/contractual accountability schedule,Mutable through audited service command,Encrypted and integrity protected,Required for create/update/delete/read-export where material
governance,corrective_actions,"Defect, risk and incident remediation tracking",source_type,text,No,,No,,No,Source type,Confidential accountability record,No,Direct tenant_id,Compliance; DPO; security; authorised auditor,Contract/legal obligation/legitimate interests as documented; never infer consent from notice acknowledgement,Statutory/contractual accountability schedule,Mutable through audited service command,Encrypted and integrity protected,Required for create/update/delete/read-export where material
governance,corrective_actions,"Defect, risk and incident remediation tracking",source_id,uuid,No,,No,,No,Source reference,Confidential accountability record,No,Direct tenant_id,Compliance; DPO; security; authorised auditor,Contract/legal obligation/legitimate interests as documented; never infer consent from notice acknowledgement,Statutory/contractual accountability schedule,Mutable through audited service command,Encrypted and integrity protected,Required for create/update/delete/read-export where material
governance,corrective_actions,"Defect, risk and incident remediation tracking",title,text,No,,No,,No,Title,Confidential accountability record,No,Direct tenant_id,Compliance; DPO; security; authorised auditor,Contract/legal obligation/legitimate interests as documented; never infer consent from notice acknowledgement,Statutory/contractual accountability schedule,Mutable through audited service command,Encrypted and integrity protected,Required for create/update/delete/read-export where material
governance,corrective_actions,"Defect, risk and incident remediation tracking",description,text,No,,No,,No,Description,Confidential accountability record,No,Direct tenant_id,Compliance; DPO; security; authorised auditor,Contract/legal obligation/legitimate interests as documented; never infer consent from notice acknowledgement,Statutory/contractual accountability schedule,Mutable through audited service command,Encrypted and integrity protected,Required for create/update/delete/read-export where material
governance,corrective_actions,"Defect, risk and incident remediation tracking",owner_user_id,uuid,No,,No,iam.users(id),No,Owner user reference,Confidential accountability record,No,Direct tenant_id,Compliance; DPO; security; authorised auditor,Contract/legal obligation/legitimate interests as documented; never infer consent from notice acknowledgement,Statutory/contractual accountability schedule,Mutable through audited service command,Encrypted and integrity protected,Required for create/update/delete/read-export where material
governance,corrective_actions,"Defect, risk and incident remediation tracking",priority,text,No,,No,,No,Priority,Confidential accountability record,No,Direct tenant_id,Compliance; DPO; security; authorised auditor,Contract/legal obligation/legitimate interests as documented; never infer consent from notice acknowledgement,Statutory/contractual accountability schedule,Mutable through audited service command,Encrypted and integrity protected,Required for create/update/delete/read-export where material
governance,corrective_actions,"Defect, risk and incident remediation tracking",status,text,No,,No,,No,Controlled lifecycle state,Confidential accountability record,No,Direct tenant_id,Compliance; DPO; security; authorised auditor,Contract/legal obligation/legitimate interests as documented; never infer consent from notice acknowledgement,Statutory/contractual accountability schedule,Mutable through audited service command,Encrypted and integrity protected,Required for create/update/delete/read-export where material
governance,corrective_actions,"Defect, risk and incident remediation tracking",due_at,timestamptz,Yes,,No,,No,Due timestamp,Confidential accountability record,No,Direct tenant_id,Compliance; DPO; security; authorised auditor,Contract/legal obligation/legitimate interests as documented; never infer consent from notice acknowledgement,Statutory/contractual accountability schedule,Mutable through audited service command,Encrypted and integrity protected,Required for create/update/delete/read-export where material
governance,corrective_actions,"Defect, risk and incident remediation tracking",completed_at,timestamptz,Yes,,No,,No,Completed timestamp,Confidential accountability record,No,Direct tenant_id,Compliance; DPO; security; authorised auditor,Contract/legal obligation/legitimate interests as documented; never infer consent from notice acknowledgement,Statutory/contractual accountability schedule,Mutable through audited service command,Encrypted and integrity protected,Required for create/update/delete/read-export where material
governance,corrective_actions,"Defect, risk and incident remediation tracking",verification_evidence,jsonb,No,'{}'::jsonb,No,,No,Verification evidence,Confidential accountability record,No,Direct tenant_id,Compliance; DPO; security; authorised auditor,Contract/legal obligation/legitimate interests as documented; never infer consent from notice acknowledgement,Statutory/contractual accountability schedule,Mutable through audited service command,Encrypted and integrity protected,Required for create/update/delete/read-export where material
governance,corrective_actions,"Defect, risk and incident remediation tracking",created_at,timestamptz,No,now(),No,,No,Immutable record creation time in UTC,Confidential accountability record,No,Direct tenant_id,Compliance; DPO; security; authorised auditor,Contract/legal obligation/legitimate interests as documented; never infer consent from notice acknowledgement,Statutory/contractual accountability schedule,Append-only / immutable,Encrypted and integrity protected,Required for create/update/delete/read-export where material
governance,data_subject_requests,GDPR rights and contestation workflow,id,uuid,No,gen_random_uuid(),Yes,,No,Stable record identifier,Confidential accountability record,No,Direct tenant_id,Compliance; DPO; security; authorised auditor,Contract/legal obligation/legitimate interests as documented; never infer consent from notice acknowledgement,Statutory/contractual accountability schedule,Mutable through audited service command,Encrypted and integrity protected,Required for create/update/delete/read-export where material
governance,data_subject_requests,GDPR rights and contestation workflow,tenant_id,uuid,No,,No,tenant.organizations(id),No,Employer tenant isolation key,Confidential accountability record,No,Direct tenant_id,Compliance; DPO; security; authorised auditor,Contract/legal obligation/legitimate interests as documented; never infer consent from notice acknowledgement,Statutory/contractual accountability schedule,Mutable through audited service command,Encrypted and integrity protected,Required for create/update/delete/read-export where material
governance,data_subject_requests,GDPR rights and contestation workflow,candidate_id,uuid,No,,No,hiring.candidates(id),No,Tenant-local candidate reference,Confidential accountability record,No,Direct tenant_id,Compliance; DPO; security; authorised auditor,Contract/legal obligation/legitimate interests as documented; never infer consent from notice acknowledgement,Statutory/contractual accountability schedule,Mutable through audited service command,Encrypted and integrity protected,Required for create/update/delete/read-export where material
governance,data_subject_requests,GDPR rights and contestation workflow,request_type,text,No,,No,,No,Request type,Confidential accountability record,No,Direct tenant_id,Compliance; DPO; security; authorised auditor,Contract/legal obligation/legitimate interests as documented; never infer consent from notice acknowledgement,Statutory/contractual accountability schedule,Mutable through audited service command,Encrypted and integrity protected,Required for create/update/delete/read-export where material
governance,data_subject_requests,GDPR rights and contestation workflow,status,text,No,,No,,No,Controlled lifecycle state,Confidential accountability record,No,Direct tenant_id,Compliance; DPO; security; authorised auditor,Contract/legal obligation/legitimate interests as documented; never infer consent from notice acknowledgement,Statutory/contractual accountability schedule,Mutable through audited service command,Encrypted and integrity protected,Required for create/update/delete/read-export where material
governance,data_subject_requests,GDPR rights and contestation workflow,details,text,No,,No,,No,Details,Confidential accountability record,No,Direct tenant_id,Compliance; DPO; security; authorised auditor,Contract/legal obligation/legitimate interests as documented; never infer consent from notice acknowledgement,Statutory/contractual accountability schedule,Mutable through audited service command,Encrypted and integrity protected,Required for create/update/delete/read-export where material
governance,data_subject_requests,GDPR rights and contestation workflow,due_at,timestamptz,No,,No,,No,Due timestamp,Confidential accountability record,No,Direct tenant_id,Compliance; DPO; security; authorised auditor,Contract/legal obligation/legitimate interests as documented; never infer consent from notice acknowledgement,Statutory/contractual accountability schedule,Mutable through audited service command,Encrypted and integrity protected,Required for create/update/delete/read-export where material
governance,data_subject_requests,GDPR rights and contestation workflow,owner_user_id,uuid,Yes,,No,iam.users(id),No,Owner user reference,Confidential accountability record,No,Direct tenant_id,Compliance; DPO; security; authorised auditor,Contract/legal obligation/legitimate interests as documented; never infer consent from notice acknowledgement,Statutory/contractual accountability schedule,Mutable through audited service command,Encrypted and integrity protected,Required for create/update/delete/read-export where material
governance,data_subject_requests,GDPR rights and contestation workflow,response_summary,text,Yes,,No,,No,Response summary,Confidential accountability record,No,Direct tenant_id,Compliance; DPO; security; authorised auditor,Contract/legal obligation/legitimate interests as documented; never infer consent from notice acknowledgement,Statutory/contractual accountability schedule,Mutable through audited service command,Encrypted and integrity protected,Required for create/update/delete/read-export where material
governance,data_subject_requests,GDPR rights and contestation workflow,received_at,timestamptz,No,now(),No,,No,Received timestamp,Confidential accountability record,No,Direct tenant_id,Compliance; DPO; security; authorised auditor,Contract/legal obligation/legitimate interests as documented; never infer consent from notice acknowledgement,Statutory/contractual accountability schedule,Mutable through audited service command,Encrypted and integrity protected,Required for create/update/delete/read-export where material
governance,data_subject_requests,GDPR rights and contestation workflow,completed_at,timestamptz,Yes,,No,,No,Completed timestamp,Confidential accountability record,No,Direct tenant_id,Compliance; DPO; security; authorised auditor,Contract/legal obligation/legitimate interests as documented; never infer consent from notice acknowledgement,Statutory/contractual accountability schedule,Mutable through audited service command,Encrypted and integrity protected,Required for create/update/delete/read-export where material
governance,data_use_register,Purpose-level GDPR processing and data lifecycle register,id,uuid,No,gen_random_uuid(),Yes,,No,Stable record identifier,Confidential accountability record,No,Direct tenant_id,Compliance; DPO; security; authorised auditor,Contract/legal obligation/legitimate interests as documented; never infer consent from notice acknowledgement,Statutory/contractual accountability schedule,Mutable through audited service command,Encrypted and integrity protected,Required for create/update/delete/read-export where material
governance,data_use_register,Purpose-level GDPR processing and data lifecycle register,tenant_id,uuid,Yes,,No,tenant.organizations(id),Composite/Yes,Employer tenant isolation key,Confidential accountability record,No,Direct tenant_id,Compliance; DPO; security; authorised auditor,Contract/legal obligation/legitimate interests as documented; never infer consent from notice acknowledgement,Statutory/contractual accountability schedule,Mutable through audited service command,Encrypted and integrity protected,Required for create/update/delete/read-export where material
governance,data_use_register,Purpose-level GDPR processing and data lifecycle register,purpose_code,text,No,,No,,Composite/Yes,Purpose code,Confidential accountability record,No,Direct tenant_id,Compliance; DPO; security; authorised auditor,Contract/legal obligation/legitimate interests as documented; never infer consent from notice acknowledgement,Statutory/contractual accountability schedule,Mutable through audited service command,Encrypted and integrity protected,Required for create/update/delete/read-export where material
governance,data_use_register,Purpose-level GDPR processing and data lifecycle register,purpose,text,No,,No,,No,Purpose,Confidential accountability record,No,Direct tenant_id,Compliance; DPO; security; authorised auditor,Contract/legal obligation/legitimate interests as documented; never infer consent from notice acknowledgement,Statutory/contractual accountability schedule,Mutable through audited service command,Encrypted and integrity protected,Required for create/update/delete/read-export where material
governance,data_use_register,Purpose-level GDPR processing and data lifecycle register,data_subjects,jsonb,No,,No,,No,Data subjects,Confidential accountability record,No,Direct tenant_id,Compliance; DPO; security; authorised auditor,Contract/legal obligation/legitimate interests as documented; never infer consent from notice acknowledgement,Statutory/contractual accountability schedule,Mutable through audited service command,Encrypted and integrity protected,Required for create/update/delete/read-export where material
governance,data_use_register,Purpose-level GDPR processing and data lifecycle register,data_fields,jsonb,No,,No,,No,Data fields,Confidential accountability record,No,Direct tenant_id,Compliance; DPO; security; authorised auditor,Contract/legal obligation/legitimate interests as documented; never infer consent from notice acknowledgement,Statutory/contractual accountability schedule,Mutable through audited service command,Encrypted and integrity protected,Required for create/update/delete/read-export where material
governance,data_use_register,Purpose-level GDPR processing and data lifecycle register,source,text,No,,No,,No,Source,Confidential accountability record,No,Direct tenant_id,Compliance; DPO; security; authorised auditor,Contract/legal obligation/legitimate interests as documented; never infer consent from notice acknowledgement,Statutory/contractual accountability schedule,Mutable through audited service command,Encrypted and integrity protected,Required for create/update/delete/read-export where material
governance,data_use_register,Purpose-level GDPR processing and data lifecycle register,cpf_role,text,No,,No,,No,Cpf role,Confidential accountability record,No,Direct tenant_id,Compliance; DPO; security; authorised auditor,Contract/legal obligation/legitimate interests as documented; never infer consent from notice acknowledgement,Statutory/contractual accountability schedule,Mutable through audited service command,Encrypted and integrity protected,Required for create/update/delete/read-export where material
governance,data_use_register,Purpose-level GDPR processing and data lifecycle register,employer_role,text,No,,No,,No,Employer role,Confidential accountability record,No,Direct tenant_id,Compliance; DPO; security; authorised auditor,Contract/legal obligation/legitimate interests as documented; never infer consent from notice acknowledgement,Statutory/contractual accountability schedule,Mutable through audited service command,Encrypted and integrity protected,Required for create/update/delete/read-export where material
governance,data_use_register,Purpose-level GDPR processing and data lifecycle register,lawful_basis,text,Yes,,No,,No,Lawful basis,Confidential accountability record,No,Direct tenant_id,Compliance; DPO; security; authorised auditor,Contract/legal obligation/legitimate interests as documented; never infer consent from notice acknowledgement,Statutory/contractual accountability schedule,Mutable through audited service command,Encrypted and integrity protected,Required for create/update/delete/read-export where material
governance,data_use_register,Purpose-level GDPR processing and data lifecycle register,article_9_or_10_condition,text,Yes,,No,,No,Article 9 or 10 condition,Confidential accountability record,No,Direct tenant_id,Compliance; DPO; security; authorised auditor,Contract/legal obligation/legitimate interests as documented; never infer consent from notice acknowledgement,Statutory/contractual accountability schedule,Mutable through audited service command,Encrypted and integrity protected,Required for create/update/delete/read-export where material
governance,data_use_register,Purpose-level GDPR processing and data lifecycle register,recipients,jsonb,No,'[]'::jsonb,No,,No,Recipients,Confidential personal data,No,Direct tenant_id,Data subject; authorised operations,Contract/legal obligation/legitimate interests as documented; never infer consent from notice acknowledgement,Purpose-specific controller schedule,Mutable through audited service command,Encrypted at rest and in transit,Required for create/update/delete/read-export where material
governance,data_use_register,Purpose-level GDPR processing and data lifecycle register,subprocessors,jsonb,No,'[]'::jsonb,No,,No,Subprocessors,Confidential accountability record,No,Direct tenant_id,Compliance; DPO; security; authorised auditor,Contract/legal obligation/legitimate interests as documented; never infer consent from notice acknowledgement,Statutory/contractual accountability schedule,Mutable through audited service command,Encrypted and integrity protected,Required for create/update/delete/read-export where material
governance,data_use_register,Purpose-level GDPR processing and data lifecycle register,storage_region,text,No,,No,,No,Storage region,Confidential accountability record,No,Direct tenant_id,Compliance; DPO; security; authorised auditor,Contract/legal obligation/legitimate interests as documented; never infer consent from notice acknowledgement,Statutory/contractual accountability schedule,Mutable through audited service command,Encrypted and integrity protected,Required for create/update/delete/read-export where material
governance,data_use_register,Purpose-level GDPR processing and data lifecycle register,transfer_mechanism,text,Yes,,No,,No,Transfer mechanism,Confidential accountability record,No,Direct tenant_id,Compliance; DPO; security; authorised auditor,Contract/legal obligation/legitimate interests as documented; never infer consent from notice acknowledgement,Statutory/contractual accountability schedule,Mutable through audited service command,Encrypted and integrity protected,Required for create/update/delete/read-export where material
governance,data_use_register,Purpose-level GDPR processing and data lifecycle register,retention_policy_id,uuid,Yes,,No,governance.retention_policies(id),No,Retention policy reference,Confidential accountability record,No,Direct tenant_id,Compliance; DPO; security; authorised auditor,Contract/legal obligation/legitimate interests as documented; never infer consent from notice acknowledgement,Statutory/contractual accountability schedule,Mutable through audited service command,Encrypted and integrity protected,Required for create/update/delete/read-export where material
governance,data_use_register,Purpose-level GDPR processing and data lifecycle register,deletion_method,text,No,,No,,No,Deletion method,Confidential accountability record,No,Direct tenant_id,Compliance; DPO; security; authorised auditor,Contract/legal obligation/legitimate interests as documented; never infer consent from notice acknowledgement,Statutory/contractual accountability schedule,Mutable through audited service command,Encrypted and integrity protected,Required for create/update/delete/read-export where material
governance,data_use_register,Purpose-level GDPR processing and data lifecycle register,rights,jsonb,No,,No,,No,Rights,Confidential accountability record,No,Direct tenant_id,Compliance; DPO; security; authorised auditor,Contract/legal obligation/legitimate interests as documented; never infer consent from notice acknowledgement,Statutory/contractual accountability schedule,Mutable through audited service command,Encrypted and integrity protected,Required for create/update/delete/read-export where material
governance,data_use_register,Purpose-level GDPR processing and data lifecycle register,security_controls,jsonb,No,,No,,No,Security controls,Confidential accountability record,No,Direct tenant_id,Compliance; DPO; security; authorised auditor,Contract/legal obligation/legitimate interests as documented; never infer consent from notice acknowledgement,Statutory/contractual accountability schedule,Mutable through audited service command,Encrypted and integrity protected,Required for create/update/delete/read-export where material
governance,data_use_register,Purpose-level GDPR processing and data lifecycle register,model_use,text,No,,No,,No,Model use,Confidential accountability record,No,Direct tenant_id,Compliance; DPO; security; authorised auditor,Contract/legal obligation/legitimate interests as documented; never infer consent from notice acknowledgement,Statutory/contractual accountability schedule,Mutable through audited service command,Encrypted and integrity protected,Required for create/update/delete/read-export where material
governance,data_use_register,Purpose-level GDPR processing and data lifecycle register,training_use,text,No,,No,,No,Training use,Confidential accountability record,No,Direct tenant_id,Compliance; DPO; security; authorised auditor,Contract/legal obligation/legitimate interests as documented; never infer consent from notice acknowledgement,Statutory/contractual accountability schedule,Mutable through audited service command,Encrypted and integrity protected,Required for create/update/delete/read-export where material
governance,data_use_register,Purpose-level GDPR processing and data lifecycle register,human_access,text,No,,No,,No,Human access,Confidential accountability record,No,Direct tenant_id,Compliance; DPO; security; authorised auditor,Contract/legal obligation/legitimate interests as documented; never infer consent from notice acknowledgement,Statutory/contractual accountability schedule,Mutable through audited service command,Encrypted and integrity protected,Required for create/update/delete/read-export where material
governance,data_use_register,Purpose-level GDPR processing and data lifecycle register,dpia_status,text,No,,No,,No,Dpia status,Confidential accountability record,No,Direct tenant_id,Compliance; DPO; security; authorised auditor,Contract/legal obligation/legitimate interests as documented; never infer consent from notice acknowledgement,Statutory/contractual accountability schedule,Mutable through audited service command,Encrypted and integrity protected,Required for create/update/delete/read-export where material
governance,data_use_register,Purpose-level GDPR processing and data lifecycle register,owner_user_id,uuid,No,,No,iam.users(id),No,Owner user reference,Confidential accountability record,No,Direct tenant_id,Compliance; DPO; security; authorised auditor,Contract/legal obligation/legitimate interests as documented; never infer consent from notice acknowledgement,Statutory/contractual accountability schedule,Mutable through audited service command,Encrypted and integrity protected,Required for create/update/delete/read-export where material
governance,data_use_register,Purpose-level GDPR processing and data lifecycle register,status,text,No,,No,,Composite/Yes,Controlled lifecycle state,Confidential accountability record,No,Direct tenant_id,Compliance; DPO; security; authorised auditor,Contract/legal obligation/legitimate interests as documented; never infer consent from notice acknowledgement,Statutory/contractual accountability schedule,Mutable through audited service command,Encrypted and integrity protected,Required for create/update/delete/read-export where material
governance,data_use_register,Purpose-level GDPR processing and data lifecycle register,created_at,timestamptz,No,now(),No,,No,Immutable record creation time in UTC,Confidential accountability record,No,Direct tenant_id,Compliance; DPO; security; authorised auditor,Contract/legal obligation/legitimate interests as documented; never infer consent from notice acknowledgement,Statutory/contractual accountability schedule,Append-only / immutable,Encrypted and integrity protected,Required for create/update/delete/read-export where material
governance,data_use_register,Purpose-level GDPR processing and data lifecycle register,updated_at,timestamptz,No,now(),No,,No,Last mutable update time in UTC,Confidential accountability record,No,Direct tenant_id,Compliance; DPO; security; authorised auditor,Contract/legal obligation/legitimate interests as documented; never infer consent from notice acknowledgement,Statutory/contractual accountability schedule,Mutable through audited service command,Encrypted and integrity protected,Required for create/update/delete/read-export where material
governance,dataset_registry,"Training, validation and test dataset provenance and quality",id,uuid,No,gen_random_uuid(),Yes,,No,Stable record identifier,Confidential accountability record,No,Inherited/global; service policy required,Compliance; DPO; security; authorised auditor,Contract/legal obligation/legitimate interests as documented; never infer consent from notice acknowledgement,Statutory/contractual accountability schedule,Mutable through audited service command,Encrypted and integrity protected,Required for create/update/delete/read-export where material
governance,dataset_registry,"Training, validation and test dataset provenance and quality",dataset_code,text,No,,No,,Composite/Yes,Dataset code,Confidential accountability record,No,Inherited/global; service policy required,Compliance; DPO; security; authorised auditor,Contract/legal obligation/legitimate interests as documented; never infer consent from notice acknowledgement,Statutory/contractual accountability schedule,Mutable through audited service command,Encrypted and integrity protected,Required for create/update/delete/read-export where material
governance,dataset_registry,"Training, validation and test dataset provenance and quality",version,text,No,,No,,Composite/Yes,Version,Confidential accountability record,No,Inherited/global; service policy required,Compliance; DPO; security; authorised auditor,Contract/legal obligation/legitimate interests as documented; never infer consent from notice acknowledgement,Statutory/contractual accountability schedule,Mutable through audited service command,Encrypted and integrity protected,Required for create/update/delete/read-export where material
governance,dataset_registry,"Training, validation and test dataset provenance and quality",dataset_role,text,No,,No,,Composite/Yes,Dataset role,Confidential accountability record,No,Inherited/global; service policy required,Compliance; DPO; security; authorised auditor,Contract/legal obligation/legitimate interests as documented; never infer consent from notice acknowledgement,Statutory/contractual accountability schedule,Mutable through audited service command,Encrypted and integrity protected,Required for create/update/delete/read-export where material
governance,dataset_registry,"Training, validation and test dataset provenance and quality",provenance,jsonb,No,,No,,No,Provenance,Confidential accountability record,No,Inherited/global; service policy required,Compliance; DPO; security; authorised auditor,Contract/legal obligation/legitimate interests as documented; never infer consent from notice acknowledgement,Statutory/contractual accountability schedule,Mutable through audited service command,Encrypted and integrity protected,Required for create/update/delete/read-export where material
governance,dataset_registry,"Training, validation and test dataset provenance and quality",lawful_access,text,No,,No,,No,Lawful access,Confidential accountability record,No,Inherited/global; service policy required,Compliance; DPO; security; authorised auditor,Contract/legal obligation/legitimate interests as documented; never infer consent from notice acknowledgement,Statutory/contractual accountability schedule,Mutable through audited service command,Encrypted and integrity protected,Required for create/update/delete/read-export where material
governance,dataset_registry,"Training, validation and test dataset provenance and quality",purpose,text,No,,No,,No,Purpose,Confidential accountability record,No,Inherited/global; service policy required,Compliance; DPO; security; authorised auditor,Contract/legal obligation/legitimate interests as documented; never infer consent from notice acknowledgement,Statutory/contractual accountability schedule,Mutable through audited service command,Encrypted and integrity protected,Required for create/update/delete/read-export where material
governance,dataset_registry,"Training, validation and test dataset provenance and quality",data_subjects,jsonb,No,,No,,No,Data subjects,Confidential accountability record,No,Inherited/global; service policy required,Compliance; DPO; security; authorised auditor,Contract/legal obligation/legitimate interests as documented; never infer consent from notice acknowledgement,Statutory/contractual accountability schedule,Mutable through audited service command,Encrypted and integrity protected,Required for create/update/delete/read-export where material
governance,dataset_registry,"Training, validation and test dataset provenance and quality",representativeness,jsonb,No,,No,,No,Representativeness,Confidential accountability record,No,Inherited/global; service policy required,Compliance; DPO; security; authorised auditor,Contract/legal obligation/legitimate interests as documented; never infer consent from notice acknowledgement,Statutory/contractual accountability schedule,Mutable through audited service command,Encrypted and integrity protected,Required for create/update/delete/read-export where material
governance,dataset_registry,"Training, validation and test dataset provenance and quality",quality_checks,jsonb,No,,No,,No,Quality checks,Confidential accountability record,No,Inherited/global; service policy required,Compliance; DPO; security; authorised auditor,Contract/legal obligation/legitimate interests as documented; never infer consent from notice acknowledgement,Statutory/contractual accountability schedule,Mutable through audited service command,Encrypted and integrity protected,Required for create/update/delete/read-export where material
governance,dataset_registry,"Training, validation and test dataset provenance and quality",bias_analysis,jsonb,No,,No,,No,Bias analysis,Confidential accountability record,No,Inherited/global; service policy required,Compliance; DPO; security; authorised auditor,Contract/legal obligation/legitimate interests as documented; never infer consent from notice acknowledgement,Statutory/contractual accountability schedule,Mutable through audited service command,Encrypted and integrity protected,Required for create/update/delete/read-export where material
governance,dataset_registry,"Training, validation and test dataset provenance and quality",gaps,jsonb,No,,No,,No,Gaps,Confidential accountability record,No,Inherited/global; service policy required,Compliance; DPO; security; authorised auditor,Contract/legal obligation/legitimate interests as documented; never infer consent from notice acknowledgement,Statutory/contractual accountability schedule,Mutable through audited service command,Encrypted and integrity protected,Required for create/update/delete/read-export where material
governance,dataset_registry,"Training, validation and test dataset provenance and quality",licence_terms,text,No,,No,,No,Licence terms,Confidential accountability record,No,Inherited/global; service policy required,Compliance; DPO; security; authorised auditor,Contract/legal obligation/legitimate interests as documented; never infer consent from notice acknowledgement,Statutory/contractual accountability schedule,Mutable through audited service command,Encrypted and integrity protected,Required for create/update/delete/read-export where material
governance,dataset_registry,"Training, validation and test dataset provenance and quality",storage_region,text,No,,No,,No,Storage region,Confidential accountability record,No,Inherited/global; service policy required,Compliance; DPO; security; authorised auditor,Contract/legal obligation/legitimate interests as documented; never infer consent from notice acknowledgement,Statutory/contractual accountability schedule,Mutable through audited service command,Encrypted and integrity protected,Required for create/update/delete/read-export where material
governance,dataset_registry,"Training, validation and test dataset provenance and quality",retention_until,date,Yes,,No,,No,Retention until,Confidential accountability record,No,Inherited/global; service policy required,Compliance; DPO; security; authorised auditor,Contract/legal obligation/legitimate interests as documented; never infer consent from notice acknowledgement,Statutory/contractual accountability schedule,Mutable through audited service command,Encrypted and integrity protected,Required for create/update/delete/read-export where material
governance,dataset_registry,"Training, validation and test dataset provenance and quality",status,text,No,,No,,No,Controlled lifecycle state,Confidential accountability record,No,Inherited/global; service policy required,Compliance; DPO; security; authorised auditor,Contract/legal obligation/legitimate interests as documented; never infer consent from notice acknowledgement,Statutory/contractual accountability schedule,Mutable through audited service command,Encrypted and integrity protected,Required for create/update/delete/read-export where material
governance,dataset_registry,"Training, validation and test dataset provenance and quality",owner_user_id,uuid,No,,No,iam.users(id),No,Owner user reference,Confidential accountability record,No,Inherited/global; service policy required,Compliance; DPO; security; authorised auditor,Contract/legal obligation/legitimate interests as documented; never infer consent from notice acknowledgement,Statutory/contractual accountability schedule,Mutable through audited service command,Encrypted and integrity protected,Required for create/update/delete/read-export where material
governance,dataset_registry,"Training, validation and test dataset provenance and quality",approved_by,uuid,Yes,,No,iam.users(id),No,Approved by,Confidential accountability record,No,Inherited/global; service policy required,Compliance; DPO; security; authorised auditor,Contract/legal obligation/legitimate interests as documented; never infer consent from notice acknowledgement,Statutory/contractual accountability schedule,Mutable through audited service command,Encrypted and integrity protected,Required for create/update/delete/read-export where material
governance,dataset_registry,"Training, validation and test dataset provenance and quality",created_at,timestamptz,No,now(),No,,No,Immutable record creation time in UTC,Confidential accountability record,No,Inherited/global; service policy required,Compliance; DPO; security; authorised auditor,Contract/legal obligation/legitimate interests as documented; never infer consent from notice acknowledgement,Statutory/contractual accountability schedule,Append-only / immutable,Encrypted and integrity protected,Required for create/update/delete/read-export where material
governance,deletion_jobs,Deletion execution and backup-expiry evidence,id,uuid,No,gen_random_uuid(),Yes,,No,Stable record identifier,Confidential accountability record,No,Direct tenant_id,Compliance; DPO; security; authorised auditor,Contract/legal obligation/legitimate interests as documented; never infer consent from notice acknowledgement,Statutory/contractual accountability schedule,Mutable through audited service command,Encrypted and integrity protected,Required for create/update/delete/read-export where material
governance,deletion_jobs,Deletion execution and backup-expiry evidence,tenant_id,uuid,No,,No,tenant.organizations(id),No,Employer tenant isolation key,Confidential accountability record,No,Direct tenant_id,Compliance; DPO; security; authorised auditor,Contract/legal obligation/legitimate interests as documented; never infer consent from notice acknowledgement,Statutory/contractual accountability schedule,Mutable through audited service command,Encrypted and integrity protected,Required for create/update/delete/read-export where material
governance,deletion_jobs,Deletion execution and backup-expiry evidence,scope_type,text,No,,No,,No,Scope type,Confidential accountability record,No,Direct tenant_id,Compliance; DPO; security; authorised auditor,Contract/legal obligation/legitimate interests as documented; never infer consent from notice acknowledgement,Statutory/contractual accountability schedule,Mutable through audited service command,Encrypted and integrity protected,Required for create/update/delete/read-export where material
governance,deletion_jobs,Deletion execution and backup-expiry evidence,scope_id,uuid,No,,No,,No,Scope reference,Confidential accountability record,No,Direct tenant_id,Compliance; DPO; security; authorised auditor,Contract/legal obligation/legitimate interests as documented; never infer consent from notice acknowledgement,Statutory/contractual accountability schedule,Mutable through audited service command,Encrypted and integrity protected,Required for create/update/delete/read-export where material
governance,deletion_jobs,Deletion execution and backup-expiry evidence,policy_id,uuid,Yes,,No,governance.retention_policies(id),No,Policy reference,Confidential accountability record,No,Direct tenant_id,Compliance; DPO; security; authorised auditor,Contract/legal obligation/legitimate interests as documented; never infer consent from notice acknowledgement,Statutory/contractual accountability schedule,Mutable through audited service command,Encrypted and integrity protected,Required for create/update/delete/read-export where material
governance,deletion_jobs,Deletion execution and backup-expiry evidence,status,text,No,,No,,No,Controlled lifecycle state,Confidential accountability record,No,Direct tenant_id,Compliance; DPO; security; authorised auditor,Contract/legal obligation/legitimate interests as documented; never infer consent from notice acknowledgement,Statutory/contractual accountability schedule,Mutable through audited service command,Encrypted and integrity protected,Required for create/update/delete/read-export where material
governance,deletion_jobs,Deletion execution and backup-expiry evidence,planned_at,timestamptz,No,,No,,No,Planned timestamp,Confidential accountability record,No,Direct tenant_id,Compliance; DPO; security; authorised auditor,Contract/legal obligation/legitimate interests as documented; never infer consent from notice acknowledgement,Statutory/contractual accountability schedule,Mutable through audited service command,Encrypted and integrity protected,Required for create/update/delete/read-export where material
governance,deletion_jobs,Deletion execution and backup-expiry evidence,started_at,timestamptz,Yes,,No,,No,Started timestamp,Confidential accountability record,No,Direct tenant_id,Compliance; DPO; security; authorised auditor,Contract/legal obligation/legitimate interests as documented; never infer consent from notice acknowledgement,Statutory/contractual accountability schedule,Mutable through audited service command,Encrypted and integrity protected,Required for create/update/delete/read-export where material
governance,deletion_jobs,Deletion execution and backup-expiry evidence,completed_at,timestamptz,Yes,,No,,No,Completed timestamp,Confidential accountability record,No,Direct tenant_id,Compliance; DPO; security; authorised auditor,Contract/legal obligation/legitimate interests as documented; never infer consent from notice acknowledgement,Statutory/contractual accountability schedule,Mutable through audited service command,Encrypted and integrity protected,Required for create/update/delete/read-export where material
governance,deletion_jobs,Deletion execution and backup-expiry evidence,result,jsonb,No,'{}'::jsonb,No,,No,Result,Confidential accountability record,No,Direct tenant_id,Compliance; DPO; security; authorised auditor,Contract/legal obligation/legitimate interests as documented; never infer consent from notice acknowledgement,Statutory/contractual accountability schedule,Mutable through audited service command,Encrypted and integrity protected,Required for create/update/delete/read-export where material
governance,deployer_instructions,Versioned provider instructions of use for employers,id,uuid,No,gen_random_uuid(),Yes,,No,Stable record identifier,Confidential accountability record,No,Inherited/global; service policy required,Compliance; DPO; security; authorised auditor,Contract/legal obligation/legitimate interests as documented; never infer consent from notice acknowledgement,Statutory/contractual accountability schedule,Mutable through audited service command,Encrypted and integrity protected,Required for create/update/delete/read-export where material
governance,deployer_instructions,Versioned provider instructions of use for employers,ai_system_id,uuid,No,,No,governance.ai_system_records(id),Composite/Yes,Ai system reference,Confidential accountability record,No,Inherited/global; service policy required,Compliance; DPO; security; authorised auditor,Contract/legal obligation/legitimate interests as documented; never infer consent from notice acknowledgement,Statutory/contractual accountability schedule,Mutable through audited service command,Encrypted and integrity protected,Required for create/update/delete/read-export where material
governance,deployer_instructions,Versioned provider instructions of use for employers,version_no,integer,No,,No,,Composite/Yes,Version no,Confidential accountability record,No,Inherited/global; service policy required,Compliance; DPO; security; authorised auditor,Contract/legal obligation/legitimate interests as documented; never infer consent from notice acknowledgement,Statutory/contractual accountability schedule,Mutable through audited service command,Encrypted and integrity protected,Required for create/update/delete/read-export where material
governance,deployer_instructions,Versioned provider instructions of use for employers,release_version,text,No,,No,,No,Release version,Confidential accountability record,No,Inherited/global; service policy required,Compliance; DPO; security; authorised auditor,Contract/legal obligation/legitimate interests as documented; never infer consent from notice acknowledgement,Statutory/contractual accountability schedule,Mutable through audited service command,Encrypted and integrity protected,Required for create/update/delete/read-export where material
governance,deployer_instructions,Versioned provider instructions of use for employers,intended_purpose,text,No,,No,,No,Intended purpose,Confidential accountability record,No,Inherited/global; service policy required,Compliance; DPO; security; authorised auditor,Contract/legal obligation/legitimate interests as documented; never infer consent from notice acknowledgement,Statutory/contractual accountability schedule,Mutable through audited service command,Encrypted and integrity protected,Required for create/update/delete/read-export where material
governance,deployer_instructions,Versioned provider instructions of use for employers,input_requirements,jsonb,No,,No,,No,Input requirements,Confidential accountability record,No,Inherited/global; service policy required,Compliance; DPO; security; authorised auditor,Contract/legal obligation/legitimate interests as documented; never infer consent from notice acknowledgement,Statutory/contractual accountability schedule,Mutable through audited service command,Encrypted and integrity protected,Required for create/update/delete/read-export where material
governance,deployer_instructions,Versioned provider instructions of use for employers,accuracy_metrics,jsonb,No,,No,,No,Accuracy metrics,Confidential accountability record,No,Inherited/global; service policy required,Compliance; DPO; security; authorised auditor,Contract/legal obligation/legitimate interests as documented; never infer consent from notice acknowledgement,Statutory/contractual accountability schedule,Mutable through audited service command,Encrypted and integrity protected,Required for create/update/delete/read-export where material
governance,deployer_instructions,Versioned provider instructions of use for employers,limitations,jsonb,No,,No,,No,Limitations,Confidential accountability record,No,Inherited/global; service policy required,Compliance; DPO; security; authorised auditor,Contract/legal obligation/legitimate interests as documented; never infer consent from notice acknowledgement,Statutory/contractual accountability schedule,Mutable through audited service command,Encrypted and integrity protected,Required for create/update/delete/read-export where material
governance,deployer_instructions,Versioned provider instructions of use for employers,oversight_measures,jsonb,No,,No,,No,Oversight measures,Confidential accountability record,No,Inherited/global; service policy required,Compliance; DPO; security; authorised auditor,Contract/legal obligation/legitimate interests as documented; never infer consent from notice acknowledgement,Statutory/contractual accountability schedule,Mutable through audited service command,Encrypted and integrity protected,Required for create/update/delete/read-export where material
governance,deployer_instructions,Versioned provider instructions of use for employers,monitoring_instructions,jsonb,No,,No,,No,Monitoring instructions,Confidential accountability record,No,Inherited/global; service policy required,Compliance; DPO; security; authorised auditor,Contract/legal obligation/legitimate interests as documented; never infer consent from notice acknowledgement,Statutory/contractual accountability schedule,Mutable through audited service command,Encrypted and integrity protected,Required for create/update/delete/read-export where material
governance,deployer_instructions,Versioned provider instructions of use for employers,incident_instructions,jsonb,No,,No,,No,Incident instructions,Confidential accountability record,No,Inherited/global; service policy required,Compliance; DPO; security; authorised auditor,Contract/legal obligation/legitimate interests as documented; never infer consent from notice acknowledgement,Statutory/contractual accountability schedule,Mutable through audited service command,Encrypted and integrity protected,Required for create/update/delete/read-export where material
governance,deployer_instructions,Versioned provider instructions of use for employers,maintenance_instructions,jsonb,No,,No,,No,Maintenance instructions,Confidential accountability record,No,Inherited/global; service policy required,Compliance; DPO; security; authorised auditor,Contract/legal obligation/legitimate interests as documented; never infer consent from notice acknowledgement,Statutory/contractual accountability schedule,Mutable through audited service command,Encrypted and integrity protected,Required for create/update/delete/read-export where material
governance,deployer_instructions,Versioned provider instructions of use for employers,object_uri,text,No,,No,,No,Object uri,Confidential accountability record,No,Inherited/global; service policy required,Compliance; DPO; security; authorised auditor,Contract/legal obligation/legitimate interests as documented; never infer consent from notice acknowledgement,Statutory/contractual accountability schedule,Mutable through audited service command,Encrypted and integrity protected,Required for create/update/delete/read-export where material
governance,deployer_instructions,Versioned provider instructions of use for employers,sha256,text,No,,No,,No,Sha256,Confidential accountability record,No,Inherited/global; service policy required,Compliance; DPO; security; authorised auditor,Contract/legal obligation/legitimate interests as documented; never infer consent from notice acknowledgement,Statutory/contractual accountability schedule,Mutable through audited service command,Encrypted and integrity protected,Required for create/update/delete/read-export where material
governance,deployer_instructions,Versioned provider instructions of use for employers,status,text,No,,No,,No,Controlled lifecycle state,Confidential accountability record,No,Inherited/global; service policy required,Compliance; DPO; security; authorised auditor,Contract/legal obligation/legitimate interests as documented; never infer consent from notice acknowledgement,Statutory/contractual accountability schedule,Mutable through audited service command,Encrypted and integrity protected,Required for create/update/delete/read-export where material
governance,deployer_instructions,Versioned provider instructions of use for employers,approved_by,uuid,Yes,,No,iam.users(id),No,Approved by,Confidential accountability record,No,Inherited/global; service policy required,Compliance; DPO; security; authorised auditor,Contract/legal obligation/legitimate interests as documented; never infer consent from notice acknowledgement,Statutory/contractual accountability schedule,Mutable through audited service command,Encrypted and integrity protected,Required for create/update/delete/read-export where material
governance,deployer_instructions,Versioned provider instructions of use for employers,created_at,timestamptz,No,now(),No,,No,Immutable record creation time in UTC,Confidential accountability record,No,Inherited/global; service policy required,Compliance; DPO; security; authorised auditor,Contract/legal obligation/legitimate interests as documented; never infer consent from notice acknowledgement,Statutory/contractual accountability schedule,Append-only / immutable,Encrypted and integrity protected,Required for create/update/delete/read-export where material
governance,deployer_instructions,Versioned provider instructions of use for employers,approved_at,timestamptz,Yes,,No,,No,Approved timestamp,Confidential accountability record,No,Inherited/global; service policy required,Compliance; DPO; security; authorised auditor,Contract/legal obligation/legitimate interests as documented; never infer consent from notice acknowledgement,Statutory/contractual accountability schedule,Mutable through audited service command,Encrypted and integrity protected,Required for create/update/delete/read-export where material
governance,eu_declarations,EU declaration of conformity versions and approval,id,uuid,No,gen_random_uuid(),Yes,,No,Stable record identifier,Confidential accountability record,No,Inherited/global; service policy required,Compliance; DPO; security; authorised auditor,Contract/legal obligation/legitimate interests as documented; never infer consent from notice acknowledgement,Statutory/contractual accountability schedule,Mutable through audited service command,Encrypted and integrity protected,Required for create/update/delete/read-export where material
governance,eu_declarations,EU declaration of conformity versions and approval,conformity_assessment_id,uuid,No,,No,governance.conformity_assessments(id),No,Conformity assessment reference,Confidential accountability record,No,Inherited/global; service policy required,Compliance; DPO; security; authorised auditor,Contract/legal obligation/legitimate interests as documented; never infer consent from notice acknowledgement,Statutory/contractual accountability schedule,Mutable through audited service command,Encrypted and integrity protected,Required for create/update/delete/read-export where material
governance,eu_declarations,EU declaration of conformity versions and approval,declaration_number,text,No,,No,,Yes,Declaration number,Confidential accountability record,No,Inherited/global; service policy required,Compliance; DPO; security; authorised auditor,Contract/legal obligation/legitimate interests as documented; never infer consent from notice acknowledgement,Statutory/contractual accountability schedule,Mutable through audited service command,Encrypted and integrity protected,Required for create/update/delete/read-export where material
governance,eu_declarations,EU declaration of conformity versions and approval,declaration_version,integer,No,,No,,No,Declaration version,Confidential accountability record,No,Inherited/global; service policy required,Compliance; DPO; security; authorised auditor,Contract/legal obligation/legitimate interests as documented; never infer consent from notice acknowledgement,Statutory/contractual accountability schedule,Mutable through audited service command,Encrypted and integrity protected,Required for create/update/delete/read-export where material
governance,eu_declarations,EU declaration of conformity versions and approval,content_uri,text,No,,No,,No,Content uri,Confidential accountability record,No,Inherited/global; service policy required,Compliance; DPO; security; authorised auditor,Contract/legal obligation/legitimate interests as documented; never infer consent from notice acknowledgement,Statutory/contractual accountability schedule,Mutable through audited service command,Encrypted and integrity protected,Required for create/update/delete/read-export where material
governance,eu_declarations,EU declaration of conformity versions and approval,sha256,text,No,,No,,No,Sha256,Confidential accountability record,No,Inherited/global; service policy required,Compliance; DPO; security; authorised auditor,Contract/legal obligation/legitimate interests as documented; never infer consent from notice acknowledgement,Statutory/contractual accountability schedule,Mutable through audited service command,Encrypted and integrity protected,Required for create/update/delete/read-export where material
governance,eu_declarations,EU declaration of conformity versions and approval,status,text,No,,No,,No,Controlled lifecycle state,Confidential accountability record,No,Inherited/global; service policy required,Compliance; DPO; security; authorised auditor,Contract/legal obligation/legitimate interests as documented; never infer consent from notice acknowledgement,Statutory/contractual accountability schedule,Mutable through audited service command,Encrypted and integrity protected,Required for create/update/delete/read-export where material
governance,eu_declarations,EU declaration of conformity versions and approval,signed_by,uuid,Yes,,No,iam.users(id),No,Signed by,Confidential accountability record,No,Inherited/global; service policy required,Compliance; DPO; security; authorised auditor,Contract/legal obligation/legitimate interests as documented; never infer consent from notice acknowledgement,Statutory/contractual accountability schedule,Mutable through audited service command,Encrypted and integrity protected,Required for create/update/delete/read-export where material
governance,eu_declarations,EU declaration of conformity versions and approval,signed_at,timestamptz,Yes,,No,,No,Signed timestamp,Confidential accountability record,No,Inherited/global; service policy required,Compliance; DPO; security; authorised auditor,Contract/legal obligation/legitimate interests as documented; never infer consent from notice acknowledgement,Statutory/contractual accountability schedule,Mutable through audited service command,Encrypted and integrity protected,Required for create/update/delete/read-export where material
governance,eu_declarations,EU declaration of conformity versions and approval,created_at,timestamptz,No,now(),No,,No,Immutable record creation time in UTC,Confidential accountability record,No,Inherited/global; service policy required,Compliance; DPO; security; authorised auditor,Contract/legal obligation/legitimate interests as documented; never infer consent from notice acknowledgement,Statutory/contractual accountability schedule,Append-only / immutable,Encrypted and integrity protected,Required for create/update/delete/read-export where material
governance,eu_registrations,EU database registration data and status,id,uuid,No,gen_random_uuid(),Yes,,No,Stable record identifier,Confidential accountability record,No,Inherited/global; service policy required,Compliance; DPO; security; authorised auditor,Contract/legal obligation/legitimate interests as documented; never infer consent from notice acknowledgement,Statutory/contractual accountability schedule,Mutable through audited service command,Encrypted and integrity protected,Required for create/update/delete/read-export where material
governance,eu_registrations,EU database registration data and status,ai_system_id,uuid,No,,No,governance.ai_system_records(id),No,Ai system reference,Confidential accountability record,No,Inherited/global; service policy required,Compliance; DPO; security; authorised auditor,Contract/legal obligation/legitimate interests as documented; never infer consent from notice acknowledgement,Statutory/contractual accountability schedule,Mutable through audited service command,Encrypted and integrity protected,Required for create/update/delete/read-export where material
governance,eu_registrations,EU database registration data and status,registration_reference,text,Yes,,No,,No,Registration reference,Confidential accountability record,No,Inherited/global; service policy required,Compliance; DPO; security; authorised auditor,Contract/legal obligation/legitimate interests as documented; never infer consent from notice acknowledgement,Statutory/contractual accountability schedule,Mutable through audited service command,Encrypted and integrity protected,Required for create/update/delete/read-export where material
governance,eu_registrations,EU database registration data and status,registration_payload,jsonb,No,,No,,No,Registration payload,Confidential accountability record,No,Inherited/global; service policy required,Compliance; DPO; security; authorised auditor,Contract/legal obligation/legitimate interests as documented; never infer consent from notice acknowledgement,Statutory/contractual accountability schedule,Mutable through audited service command,Encrypted and integrity protected,Required for create/update/delete/read-export where material
governance,eu_registrations,EU database registration data and status,status,text,No,,No,,No,Controlled lifecycle state,Confidential accountability record,No,Inherited/global; service policy required,Compliance; DPO; security; authorised auditor,Contract/legal obligation/legitimate interests as documented; never infer consent from notice acknowledgement,Statutory/contractual accountability schedule,Mutable through audited service command,Encrypted and integrity protected,Required for create/update/delete/read-export where material
governance,eu_registrations,EU database registration data and status,submitted_by,uuid,Yes,,No,iam.users(id),No,Submitted by,Confidential accountability record,No,Inherited/global; service policy required,Compliance; DPO; security; authorised auditor,Contract/legal obligation/legitimate interests as documented; never infer consent from notice acknowledgement,Statutory/contractual accountability schedule,Mutable through audited service command,Encrypted and integrity protected,Required for create/update/delete/read-export where material
governance,eu_registrations,EU database registration data and status,submitted_at,timestamptz,Yes,,No,,No,Submitted timestamp,Confidential accountability record,No,Inherited/global; service policy required,Compliance; DPO; security; authorised auditor,Contract/legal obligation/legitimate interests as documented; never infer consent from notice acknowledgement,Statutory/contractual accountability schedule,Mutable through audited service command,Encrypted and integrity protected,Required for create/update/delete/read-export where material
governance,eu_registrations,EU database registration data and status,confirmed_at,timestamptz,Yes,,No,,No,Confirmed timestamp,Confidential accountability record,No,Inherited/global; service policy required,Compliance; DPO; security; authorised auditor,Contract/legal obligation/legitimate interests as documented; never infer consent from notice acknowledgement,Statutory/contractual accountability schedule,Mutable through audited service command,Encrypted and integrity protected,Required for create/update/delete/read-export where material
governance,eu_registrations,EU database registration data and status,created_at,timestamptz,No,now(),No,,No,Immutable record creation time in UTC,Confidential accountability record,No,Inherited/global; service policy required,Compliance; DPO; security; authorised auditor,Contract/legal obligation/legitimate interests as documented; never infer consent from notice acknowledgement,Statutory/contractual accountability schedule,Append-only / immutable,Encrypted and integrity protected,Required for create/update/delete/read-export where material
governance,eu_registrations,EU database registration data and status,updated_at,timestamptz,No,now(),No,,No,Last mutable update time in UTC,Confidential accountability record,No,Inherited/global; service policy required,Compliance; DPO; security; authorised auditor,Contract/legal obligation/legitimate interests as documented; never infer consent from notice acknowledgement,Statutory/contractual accountability schedule,Mutable through audited service command,Encrypted and integrity protected,Required for create/update/delete/read-export where material
governance,fairness_metric_runs,Separately governed fairness monitoring output,id,uuid,No,gen_random_uuid(),Yes,,No,Stable record identifier,Confidential accountability record,No,Direct tenant_id,Compliance; DPO; security; authorised auditor,Contract/legal obligation/legitimate interests as documented; never infer consent from notice acknowledgement,Statutory/contractual accountability schedule,Mutable through audited service command,Encrypted and integrity protected,Required for create/update/delete/read-export where material
governance,fairness_metric_runs,Separately governed fairness monitoring output,tenant_id,uuid,Yes,,No,tenant.organizations(id),No,Employer tenant isolation key,Confidential accountability record,No,Direct tenant_id,Compliance; DPO; security; authorised auditor,Contract/legal obligation/legitimate interests as documented; never infer consent from notice acknowledgement,Statutory/contractual accountability schedule,Mutable through audited service command,Encrypted and integrity protected,Required for create/update/delete/read-export where material
governance,fairness_metric_runs,Separately governed fairness monitoring output,assessment_version_id,uuid,Yes,,No,assessment.assessment_versions(id),No,Assessment version reference,Confidential accountability record,No,Direct tenant_id,Compliance; DPO; security; authorised auditor,Contract/legal obligation/legitimate interests as documented; never infer consent from notice acknowledgement,Statutory/contractual accountability schedule,Mutable through audited service command,Encrypted and integrity protected,Required for create/update/delete/read-export where material
governance,fairness_metric_runs,Separately governed fairness monitoring output,campaign_id,uuid,Yes,,No,hiring.campaigns(id),No,Campaign reference,Confidential accountability record,No,Direct tenant_id,Compliance; DPO; security; authorised auditor,Contract/legal obligation/legitimate interests as documented; never infer consent from notice acknowledgement,Statutory/contractual accountability schedule,Mutable through audited service command,Encrypted and integrity protected,Required for create/update/delete/read-export where material
governance,fairness_metric_runs,Separately governed fairness monitoring output,metric_window,tstzrange,No,,No,,No,Metric window,Confidential accountability record,No,Direct tenant_id,Compliance; DPO; security; authorised auditor,Contract/legal obligation/legitimate interests as documented; never infer consent from notice acknowledgement,Statutory/contractual accountability schedule,Mutable through audited service command,Encrypted and integrity protected,Required for create/update/delete/read-export where material
governance,fairness_metric_runs,Separately governed fairness monitoring output,methodology,jsonb,No,,No,,No,Methodology,Confidential accountability record,No,Direct tenant_id,Compliance; DPO; security; authorised auditor,Contract/legal obligation/legitimate interests as documented; never infer consent from notice acknowledgement,Statutory/contractual accountability schedule,Mutable through audited service command,Encrypted and integrity protected,Required for create/update/delete/read-export where material
governance,fairness_metric_runs,Separately governed fairness monitoring output,metrics,jsonb,No,,No,,No,Metrics,Confidential accountability record,No,Direct tenant_id,Compliance; DPO; security; authorised auditor,Contract/legal obligation/legitimate interests as documented; never infer consent from notice acknowledgement,Statutory/contractual accountability schedule,Mutable through audited service command,Encrypted and integrity protected,Required for create/update/delete/read-export where material
governance,fairness_metric_runs,Separately governed fairness monitoring output,threshold_breaches,jsonb,No,'[]'::jsonb,No,,No,Threshold breaches,Confidential accountability record,No,Direct tenant_id,Compliance; DPO; security; authorised auditor,Contract/legal obligation/legitimate interests as documented; never infer consent from notice acknowledgement,Statutory/contractual accountability schedule,Mutable through audited service command,Encrypted and integrity protected,Required for create/update/delete/read-export where material
governance,fairness_metric_runs,Separately governed fairness monitoring output,sensitive_data_segregated,boolean,No,true,No,,No,Sensitive data segregated,Confidential accountability record,No,Direct tenant_id,Compliance; DPO; security; authorised auditor,Contract/legal obligation/legitimate interests as documented; never infer consent from notice acknowledgement,Statutory/contractual accountability schedule,Mutable through audited service command,Encrypted and integrity protected,Required for create/update/delete/read-export where material
governance,fairness_metric_runs,Separately governed fairness monitoring output,status,text,No,,No,,No,Controlled lifecycle state,Confidential accountability record,No,Direct tenant_id,Compliance; DPO; security; authorised auditor,Contract/legal obligation/legitimate interests as documented; never infer consent from notice acknowledgement,Statutory/contractual accountability schedule,Mutable through audited service command,Encrypted and integrity protected,Required for create/update/delete/read-export where material
governance,fairness_metric_runs,Separately governed fairness monitoring output,generated_at,timestamptz,No,now(),No,,No,Generated timestamp,Confidential accountability record,No,Direct tenant_id,Compliance; DPO; security; authorised auditor,Contract/legal obligation/legitimate interests as documented; never infer consent from notice acknowledgement,Statutory/contractual accountability schedule,Mutable through audited service command,Encrypted and integrity protected,Required for create/update/delete/read-export where material
governance,human_oversight_assignments,Named competent human-oversight responsibility,id,uuid,No,gen_random_uuid(),Yes,,No,Stable record identifier,Confidential accountability record,No,Direct tenant_id,Compliance; DPO; security; authorised auditor,Contract/legal obligation/legitimate interests as documented; never infer consent from notice acknowledgement,Statutory/contractual accountability schedule,Mutable through audited service command,Encrypted and integrity protected,Required for create/update/delete/read-export where material
governance,human_oversight_assignments,Named competent human-oversight responsibility,tenant_id,uuid,No,,No,tenant.organizations(id),No,Employer tenant isolation key,Confidential accountability record,No,Direct tenant_id,Compliance; DPO; security; authorised auditor,Contract/legal obligation/legitimate interests as documented; never infer consent from notice acknowledgement,Statutory/contractual accountability schedule,Mutable through audited service command,Encrypted and integrity protected,Required for create/update/delete/read-export where material
governance,human_oversight_assignments,Named competent human-oversight responsibility,campaign_id,uuid,Yes,,No,hiring.campaigns(id),No,Campaign reference,Confidential accountability record,No,Direct tenant_id,Compliance; DPO; security; authorised auditor,Contract/legal obligation/legitimate interests as documented; never infer consent from notice acknowledgement,Statutory/contractual accountability schedule,Mutable through audited service command,Encrypted and integrity protected,Required for create/update/delete/read-export where material
governance,human_oversight_assignments,Named competent human-oversight responsibility,reviewer_profile_id,uuid,Yes,,No,hiring.reviewer_profiles(id),No,Reviewer profile reference,Confidential accountability record,No,Direct tenant_id,Compliance; DPO; security; authorised auditor,Contract/legal obligation/legitimate interests as documented; never infer consent from notice acknowledgement,Statutory/contractual accountability schedule,Mutable through audited service command,Encrypted and integrity protected,Required for create/update/delete/read-export where material
governance,human_oversight_assignments,Named competent human-oversight responsibility,oversight_role,text,No,,No,,No,Oversight role,Confidential accountability record,No,Direct tenant_id,Compliance; DPO; security; authorised auditor,Contract/legal obligation/legitimate interests as documented; never infer consent from notice acknowledgement,Statutory/contractual accountability schedule,Mutable through audited service command,Encrypted and integrity protected,Required for create/update/delete/read-export where material
governance,human_oversight_assignments,Named competent human-oversight responsibility,authority_scope,jsonb,No,,No,,No,Authority scope,Confidential accountability record,No,Direct tenant_id,Compliance; DPO; security; authorised auditor,Contract/legal obligation/legitimate interests as documented; never infer consent from notice acknowledgement,Statutory/contractual accountability schedule,Mutable through audited service command,Encrypted and integrity protected,Required for create/update/delete/read-export where material
governance,human_oversight_assignments,Named competent human-oversight responsibility,competence_evidence,jsonb,No,,No,,No,Competence evidence,Confidential accountability record,No,Direct tenant_id,Compliance; DPO; security; authorised auditor,Contract/legal obligation/legitimate interests as documented; never infer consent from notice acknowledgement,Statutory/contractual accountability schedule,Mutable through audited service command,Encrypted and integrity protected,Required for create/update/delete/read-export where material
governance,human_oversight_assignments,Named competent human-oversight responsibility,training_valid_until,date,Yes,,No,,No,Training valid until,Confidential accountability record,No,Direct tenant_id,Compliance; DPO; security; authorised auditor,Contract/legal obligation/legitimate interests as documented; never infer consent from notice acknowledgement,Statutory/contractual accountability schedule,Mutable through audited service command,Encrypted and integrity protected,Required for create/update/delete/read-export where material
governance,human_oversight_assignments,Named competent human-oversight responsibility,support_contact,text,No,,No,,No,Support contact,Confidential personal data,No,Direct tenant_id,Data subject; authorised operations,Contract/legal obligation/legitimate interests as documented; never infer consent from notice acknowledgement,Purpose-specific controller schedule,Mutable through audited service command,Encrypted at rest and in transit,Required for create/update/delete/read-export where material
governance,human_oversight_assignments,Named competent human-oversight responsibility,status,text,No,,No,,No,Controlled lifecycle state,Confidential accountability record,No,Direct tenant_id,Compliance; DPO; security; authorised auditor,Contract/legal obligation/legitimate interests as documented; never infer consent from notice acknowledgement,Statutory/contractual accountability schedule,Mutable through audited service command,Encrypted and integrity protected,Required for create/update/delete/read-export where material
governance,human_oversight_assignments,Named competent human-oversight responsibility,assigned_by,uuid,No,,No,iam.users(id),No,Assigned by,Confidential accountability record,No,Direct tenant_id,Compliance; DPO; security; authorised auditor,Contract/legal obligation/legitimate interests as documented; never infer consent from notice acknowledgement,Statutory/contractual accountability schedule,Mutable through audited service command,Encrypted and integrity protected,Required for create/update/delete/read-export where material
governance,human_oversight_assignments,Named competent human-oversight responsibility,assigned_at,timestamptz,No,now(),No,,No,Assigned timestamp,Confidential accountability record,No,Direct tenant_id,Compliance; DPO; security; authorised auditor,Contract/legal obligation/legitimate interests as documented; never infer consent from notice acknowledgement,Statutory/contractual accountability schedule,Mutable through audited service command,Encrypted and integrity protected,Required for create/update/delete/read-export where material
governance,human_oversight_assignments,Named competent human-oversight responsibility,revoked_at,timestamptz,Yes,,No,,No,Revoked timestamp,Confidential accountability record,No,Direct tenant_id,Compliance; DPO; security; authorised auditor,Contract/legal obligation/legitimate interests as documented; never infer consent from notice acknowledgement,Statutory/contractual accountability schedule,Mutable through audited service command,Encrypted and integrity protected,Required for create/update/delete/read-export where material
governance,impact_assessments,"DPIA, FRIA, LIA and equality assessment workflow",id,uuid,No,gen_random_uuid(),Yes,,No,Stable record identifier,Confidential accountability record,No,Direct tenant_id,Compliance; DPO; security; authorised auditor,Contract/legal obligation/legitimate interests as documented; never infer consent from notice acknowledgement,Statutory/contractual accountability schedule,Mutable through audited service command,Encrypted and integrity protected,Required for create/update/delete/read-export where material
governance,impact_assessments,"DPIA, FRIA, LIA and equality assessment workflow",tenant_id,uuid,Yes,,No,tenant.organizations(id),Composite/Yes,Employer tenant isolation key,Confidential accountability record,No,Direct tenant_id,Compliance; DPO; security; authorised auditor,Contract/legal obligation/legitimate interests as documented; never infer consent from notice acknowledgement,Statutory/contractual accountability schedule,Mutable through audited service command,Encrypted and integrity protected,Required for create/update/delete/read-export where material
governance,impact_assessments,"DPIA, FRIA, LIA and equality assessment workflow",assessment_type,text,No,,No,,Composite/Yes,Assessment type,Confidential accountability record,No,Direct tenant_id,Compliance; DPO; security; authorised auditor,Contract/legal obligation/legitimate interests as documented; never infer consent from notice acknowledgement,Statutory/contractual accountability schedule,Mutable through audited service command,Encrypted and integrity protected,Required for create/update/delete/read-export where material
governance,impact_assessments,"DPIA, FRIA, LIA and equality assessment workflow",scope_type,text,No,,No,,Composite/Yes,Scope type,Confidential accountability record,No,Direct tenant_id,Compliance; DPO; security; authorised auditor,Contract/legal obligation/legitimate interests as documented; never infer consent from notice acknowledgement,Statutory/contractual accountability schedule,Mutable through audited service command,Encrypted and integrity protected,Required for create/update/delete/read-export where material
governance,impact_assessments,"DPIA, FRIA, LIA and equality assessment workflow",scope_id,uuid,No,,No,,Composite/Yes,Scope reference,Confidential accountability record,No,Direct tenant_id,Compliance; DPO; security; authorised auditor,Contract/legal obligation/legitimate interests as documented; never infer consent from notice acknowledgement,Statutory/contractual accountability schedule,Mutable through audited service command,Encrypted and integrity protected,Required for create/update/delete/read-export where material
governance,impact_assessments,"DPIA, FRIA, LIA and equality assessment workflow",version_no,integer,No,,No,,Composite/Yes,Version no,Confidential accountability record,No,Direct tenant_id,Compliance; DPO; security; authorised auditor,Contract/legal obligation/legitimate interests as documented; never infer consent from notice acknowledgement,Statutory/contractual accountability schedule,Mutable through audited service command,Encrypted and integrity protected,Required for create/update/delete/read-export where material
governance,impact_assessments,"DPIA, FRIA, LIA and equality assessment workflow",necessity,text,No,,No,,No,Necessity,Confidential accountability record,No,Direct tenant_id,Compliance; DPO; security; authorised auditor,Contract/legal obligation/legitimate interests as documented; never infer consent from notice acknowledgement,Statutory/contractual accountability schedule,Mutable through audited service command,Encrypted and integrity protected,Required for create/update/delete/read-export where material
governance,impact_assessments,"DPIA, FRIA, LIA and equality assessment workflow",risks,jsonb,No,,No,,No,Risks,Confidential accountability record,No,Direct tenant_id,Compliance; DPO; security; authorised auditor,Contract/legal obligation/legitimate interests as documented; never infer consent from notice acknowledgement,Statutory/contractual accountability schedule,Mutable through audited service command,Encrypted and integrity protected,Required for create/update/delete/read-export where material
governance,impact_assessments,"DPIA, FRIA, LIA and equality assessment workflow",measures,jsonb,No,,No,,No,Measures,Confidential accountability record,No,Direct tenant_id,Compliance; DPO; security; authorised auditor,Contract/legal obligation/legitimate interests as documented; never infer consent from notice acknowledgement,Statutory/contractual accountability schedule,Mutable through audited service command,Encrypted and integrity protected,Required for create/update/delete/read-export where material
governance,impact_assessments,"DPIA, FRIA, LIA and equality assessment workflow",residual_risk,text,No,,No,,No,Residual risk,Confidential accountability record,No,Direct tenant_id,Compliance; DPO; security; authorised auditor,Contract/legal obligation/legitimate interests as documented; never infer consent from notice acknowledgement,Statutory/contractual accountability schedule,Mutable through audited service command,Encrypted and integrity protected,Required for create/update/delete/read-export where material
governance,impact_assessments,"DPIA, FRIA, LIA and equality assessment workflow",consultation_required,boolean,No,false,No,,No,Consultation required,Confidential accountability record,No,Direct tenant_id,Compliance; DPO; security; authorised auditor,Contract/legal obligation/legitimate interests as documented; never infer consent from notice acknowledgement,Statutory/contractual accountability schedule,Mutable through audited service command,Encrypted and integrity protected,Required for create/update/delete/read-export where material
governance,impact_assessments,"DPIA, FRIA, LIA and equality assessment workflow",consultation_status,text,Yes,,No,,No,Consultation status,Confidential accountability record,No,Direct tenant_id,Compliance; DPO; security; authorised auditor,Contract/legal obligation/legitimate interests as documented; never infer consent from notice acknowledgement,Statutory/contractual accountability schedule,Mutable through audited service command,Encrypted and integrity protected,Required for create/update/delete/read-export where material
governance,impact_assessments,"DPIA, FRIA, LIA and equality assessment workflow",status,text,No,,No,,No,Controlled lifecycle state,Confidential accountability record,No,Direct tenant_id,Compliance; DPO; security; authorised auditor,Contract/legal obligation/legitimate interests as documented; never infer consent from notice acknowledgement,Statutory/contractual accountability schedule,Mutable through audited service command,Encrypted and integrity protected,Required for create/update/delete/read-export where material
governance,impact_assessments,"DPIA, FRIA, LIA and equality assessment workflow",owner_user_id,uuid,No,,No,iam.users(id),No,Owner user reference,Confidential accountability record,No,Direct tenant_id,Compliance; DPO; security; authorised auditor,Contract/legal obligation/legitimate interests as documented; never infer consent from notice acknowledgement,Statutory/contractual accountability schedule,Mutable through audited service command,Encrypted and integrity protected,Required for create/update/delete/read-export where material
governance,impact_assessments,"DPIA, FRIA, LIA and equality assessment workflow",dpo_opinion,text,Yes,,No,,No,Dpo opinion,Confidential accountability record,No,Direct tenant_id,Compliance; DPO; security; authorised auditor,Contract/legal obligation/legitimate interests as documented; never infer consent from notice acknowledgement,Statutory/contractual accountability schedule,Mutable through audited service command,Encrypted and integrity protected,Required for create/update/delete/read-export where material
governance,impact_assessments,"DPIA, FRIA, LIA and equality assessment workflow",approved_by,uuid,Yes,,No,iam.users(id),No,Approved by,Confidential accountability record,No,Direct tenant_id,Compliance; DPO; security; authorised auditor,Contract/legal obligation/legitimate interests as documented; never infer consent from notice acknowledgement,Statutory/contractual accountability schedule,Mutable through audited service command,Encrypted and integrity protected,Required for create/update/delete/read-export where material
governance,impact_assessments,"DPIA, FRIA, LIA and equality assessment workflow",created_at,timestamptz,No,now(),No,,No,Immutable record creation time in UTC,Confidential accountability record,No,Direct tenant_id,Compliance; DPO; security; authorised auditor,Contract/legal obligation/legitimate interests as documented; never infer consent from notice acknowledgement,Statutory/contractual accountability schedule,Append-only / immutable,Encrypted and integrity protected,Required for create/update/delete/read-export where material
governance,impact_assessments,"DPIA, FRIA, LIA and equality assessment workflow",approved_at,timestamptz,Yes,,No,,No,Approved timestamp,Confidential accountability record,No,Direct tenant_id,Compliance; DPO; security; authorised auditor,Contract/legal obligation/legitimate interests as documented; never infer consent from notice acknowledgement,Statutory/contractual accountability schedule,Mutable through audited service command,Encrypted and integrity protected,Required for create/update/delete/read-export where material
governance,impact_assessments,"DPIA, FRIA, LIA and equality assessment workflow",review_due,date,Yes,,No,,No,Review due,Confidential accountability record,No,Direct tenant_id,Compliance; DPO; security; authorised auditor,Contract/legal obligation/legitimate interests as documented; never infer consent from notice acknowledgement,Statutory/contractual accountability schedule,Mutable through audited service command,Encrypted and integrity protected,Required for create/update/delete/read-export where material
governance,legal_holds,Deletion override with legal authority,id,uuid,No,gen_random_uuid(),Yes,,No,Stable record identifier,Confidential accountability record,No,Direct tenant_id,Compliance; DPO; security; authorised auditor,Contract/legal obligation/legitimate interests as documented; never infer consent from notice acknowledgement,Statutory/contractual accountability schedule,Mutable through audited service command,Encrypted and integrity protected,Required for create/update/delete/read-export where material
governance,legal_holds,Deletion override with legal authority,tenant_id,uuid,No,,No,tenant.organizations(id),No,Employer tenant isolation key,Confidential accountability record,No,Direct tenant_id,Compliance; DPO; security; authorised auditor,Contract/legal obligation/legitimate interests as documented; never infer consent from notice acknowledgement,Statutory/contractual accountability schedule,Mutable through audited service command,Encrypted and integrity protected,Required for create/update/delete/read-export where material
governance,legal_holds,Deletion override with legal authority,scope_type,text,No,,No,,No,Scope type,Confidential accountability record,No,Direct tenant_id,Compliance; DPO; security; authorised auditor,Contract/legal obligation/legitimate interests as documented; never infer consent from notice acknowledgement,Statutory/contractual accountability schedule,Mutable through audited service command,Encrypted and integrity protected,Required for create/update/delete/read-export where material
governance,legal_holds,Deletion override with legal authority,scope_id,uuid,No,,No,,No,Scope reference,Confidential accountability record,No,Direct tenant_id,Compliance; DPO; security; authorised auditor,Contract/legal obligation/legitimate interests as documented; never infer consent from notice acknowledgement,Statutory/contractual accountability schedule,Mutable through audited service command,Encrypted and integrity protected,Required for create/update/delete/read-export where material
governance,legal_holds,Deletion override with legal authority,authority,text,No,,No,,No,Authority,Confidential accountability record,No,Direct tenant_id,Compliance; DPO; security; authorised auditor,Contract/legal obligation/legitimate interests as documented; never infer consent from notice acknowledgement,Statutory/contractual accountability schedule,Mutable through audited service command,Encrypted and integrity protected,Required for create/update/delete/read-export where material
governance,legal_holds,Deletion override with legal authority,reason,text,No,,No,,No,Human-readable reason required for accountability,Confidential accountability record,No,Direct tenant_id,Compliance; DPO; security; authorised auditor,Contract/legal obligation/legitimate interests as documented; never infer consent from notice acknowledgement,Statutory/contractual accountability schedule,Mutable through audited service command,Encrypted and integrity protected,Required for create/update/delete/read-export where material
governance,legal_holds,Deletion override with legal authority,starts_at,timestamptz,No,,No,,No,Starts timestamp,Confidential accountability record,No,Direct tenant_id,Compliance; DPO; security; authorised auditor,Contract/legal obligation/legitimate interests as documented; never infer consent from notice acknowledgement,Statutory/contractual accountability schedule,Mutable through audited service command,Encrypted and integrity protected,Required for create/update/delete/read-export where material
governance,legal_holds,Deletion override with legal authority,ends_at,timestamptz,Yes,,No,,No,Ends timestamp,Confidential accountability record,No,Direct tenant_id,Compliance; DPO; security; authorised auditor,Contract/legal obligation/legitimate interests as documented; never infer consent from notice acknowledgement,Statutory/contractual accountability schedule,Mutable through audited service command,Encrypted and integrity protected,Required for create/update/delete/read-export where material
governance,legal_holds,Deletion override with legal authority,released_at,timestamptz,Yes,,No,,No,Released timestamp,Confidential accountability record,No,Direct tenant_id,Compliance; DPO; security; authorised auditor,Contract/legal obligation/legitimate interests as documented; never infer consent from notice acknowledgement,Statutory/contractual accountability schedule,Mutable through audited service command,Encrypted and integrity protected,Required for create/update/delete/read-export where material
governance,legal_holds,Deletion override with legal authority,created_by,uuid,No,,No,iam.users(id),No,Created by,Confidential accountability record,No,Direct tenant_id,Compliance; DPO; security; authorised auditor,Contract/legal obligation/legitimate interests as documented; never infer consent from notice acknowledgement,Statutory/contractual accountability schedule,Mutable through audited service command,Encrypted and integrity protected,Required for create/update/delete/read-export where material
governance,legal_holds,Deletion override with legal authority,created_at,timestamptz,No,now(),No,,No,Immutable record creation time in UTC,Confidential accountability record,No,Direct tenant_id,Compliance; DPO; security; authorised auditor,Contract/legal obligation/legitimate interests as documented; never infer consent from notice acknowledgement,Statutory/contractual accountability schedule,Append-only / immutable,Encrypted and integrity protected,Required for create/update/delete/read-export where material
governance,legal_sources,Versioned authoritative legal and guidance snapshot,id,uuid,No,gen_random_uuid(),Yes,,No,Stable record identifier,Confidential accountability record,No,Inherited/global; service policy required,Compliance; DPO; security; authorised auditor,Contract/legal obligation/legitimate interests as documented; never infer consent from notice acknowledgement,Statutory/contractual accountability schedule,Mutable through audited service command,Encrypted and integrity protected,Required for create/update/delete/read-export where material
governance,legal_sources,Versioned authoritative legal and guidance snapshot,citation_code,text,No,,No,,Composite/Yes,Citation code,Confidential accountability record,No,Inherited/global; service policy required,Compliance; DPO; security; authorised auditor,Contract/legal obligation/legitimate interests as documented; never infer consent from notice acknowledgement,Statutory/contractual accountability schedule,Mutable through audited service command,Encrypted and integrity protected,Required for create/update/delete/read-export where material
governance,legal_sources,Versioned authoritative legal and guidance snapshot,title,text,No,,No,,No,Title,Confidential accountability record,No,Inherited/global; service policy required,Compliance; DPO; security; authorised auditor,Contract/legal obligation/legitimate interests as documented; never infer consent from notice acknowledgement,Statutory/contractual accountability schedule,Mutable through audited service command,Encrypted and integrity protected,Required for create/update/delete/read-export where material
governance,legal_sources,Versioned authoritative legal and guidance snapshot,source_url,text,No,,No,,No,Source url,Confidential accountability record,No,Inherited/global; service policy required,Compliance; DPO; security; authorised auditor,Contract/legal obligation/legitimate interests as documented; never infer consent from notice acknowledgement,Statutory/contractual accountability schedule,Mutable through audited service command,Encrypted and integrity protected,Required for create/update/delete/read-export where material
governance,legal_sources,Versioned authoritative legal and guidance snapshot,jurisdiction,text,No,,No,,No,Jurisdiction,Confidential accountability record,No,Inherited/global; service policy required,Compliance; DPO; security; authorised auditor,Contract/legal obligation/legitimate interests as documented; never infer consent from notice acknowledgement,Statutory/contractual accountability schedule,Mutable through audited service command,Encrypted and integrity protected,Required for create/update/delete/read-export where material
governance,legal_sources,Versioned authoritative legal and guidance snapshot,source_type,text,No,,No,,No,Source type,Confidential accountability record,No,Inherited/global; service policy required,Compliance; DPO; security; authorised auditor,Contract/legal obligation/legitimate interests as documented; never infer consent from notice acknowledgement,Statutory/contractual accountability schedule,Mutable through audited service command,Encrypted and integrity protected,Required for create/update/delete/read-export where material
governance,legal_sources,Versioned authoritative legal and guidance snapshot,effective_from,date,Yes,,No,,No,Effective from,Confidential accountability record,No,Inherited/global; service policy required,Compliance; DPO; security; authorised auditor,Contract/legal obligation/legitimate interests as documented; never infer consent from notice acknowledgement,Statutory/contractual accountability schedule,Mutable through audited service command,Encrypted and integrity protected,Required for create/update/delete/read-export where material
governance,legal_sources,Versioned authoritative legal and guidance snapshot,checked_at,timestamptz,No,,No,,Composite/Yes,Checked timestamp,Confidential accountability record,No,Inherited/global; service policy required,Compliance; DPO; security; authorised auditor,Contract/legal obligation/legitimate interests as documented; never infer consent from notice acknowledgement,Statutory/contractual accountability schedule,Mutable through audited service command,Encrypted and integrity protected,Required for create/update/delete/read-export where material
governance,legal_sources,Versioned authoritative legal and guidance snapshot,checked_by,uuid,No,,No,iam.users(id),No,Checked by,Confidential accountability record,No,Inherited/global; service policy required,Compliance; DPO; security; authorised auditor,Contract/legal obligation/legitimate interests as documented; never infer consent from notice acknowledgement,Statutory/contractual accountability schedule,Mutable through audited service command,Encrypted and integrity protected,Required for create/update/delete/read-export where material
governance,legal_sources,Versioned authoritative legal and guidance snapshot,content_hash,text,Yes,,No,,No,Content hash,Confidential accountability record,No,Inherited/global; service policy required,Compliance; DPO; security; authorised auditor,Contract/legal obligation/legitimate interests as documented; never infer consent from notice acknowledgement,Statutory/contractual accountability schedule,Mutable through audited service command,Encrypted and integrity protected,Required for create/update/delete/read-export where material
governance,legal_sources,Versioned authoritative legal and guidance snapshot,superseded_by,uuid,Yes,,No,governance.legal_sources(id),No,Superseded by,Confidential accountability record,No,Inherited/global; service policy required,Compliance; DPO; security; authorised auditor,Contract/legal obligation/legitimate interests as documented; never infer consent from notice acknowledgement,Statutory/contractual accountability schedule,Mutable through audited service command,Encrypted and integrity protected,Required for create/update/delete/read-export where material
governance,model_evaluation_runs,Model and prompt evaluations,id,uuid,No,gen_random_uuid(),Yes,,No,Stable record identifier,Confidential accountability record,No,Inherited/global; service policy required,Compliance; DPO; security; authorised auditor,Contract/legal obligation/legitimate interests as documented; never infer consent from notice acknowledgement,Statutory/contractual accountability schedule,Mutable through audited service command,Encrypted and integrity protected,Required for create/update/delete/read-export where material
governance,model_evaluation_runs,Model and prompt evaluations,model_id,uuid,No,,No,assessment.model_registry(id),No,Model reference,Confidential accountability record,No,Inherited/global; service policy required,Compliance; DPO; security; authorised auditor,Contract/legal obligation/legitimate interests as documented; never infer consent from notice acknowledgement,Statutory/contractual accountability schedule,Mutable through audited service command,Encrypted and integrity protected,Required for create/update/delete/read-export where material
governance,model_evaluation_runs,Model and prompt evaluations,prompt_version_id,uuid,Yes,,No,assessment.prompt_versions(id),No,Prompt version reference,Confidential accountability record,No,Inherited/global; service policy required,Compliance; DPO; security; authorised auditor,Contract/legal obligation/legitimate interests as documented; never infer consent from notice acknowledgement,Statutory/contractual accountability schedule,Mutable through audited service command,Encrypted and integrity protected,Required for create/update/delete/read-export where material
governance,model_evaluation_runs,Model and prompt evaluations,evaluation_type,text,No,,No,,No,Evaluation type,Confidential accountability record,No,Inherited/global; service policy required,Compliance; DPO; security; authorised auditor,Contract/legal obligation/legitimate interests as documented; never infer consent from notice acknowledgement,Statutory/contractual accountability schedule,Mutable through audited service command,Encrypted and integrity protected,Required for create/update/delete/read-export where material
governance,model_evaluation_runs,Model and prompt evaluations,dataset_reference,text,No,,No,,No,Dataset reference,Confidential accountability record,No,Inherited/global; service policy required,Compliance; DPO; security; authorised auditor,Contract/legal obligation/legitimate interests as documented; never infer consent from notice acknowledgement,Statutory/contractual accountability schedule,Mutable through audited service command,Encrypted and integrity protected,Required for create/update/delete/read-export where material
governance,model_evaluation_runs,Model and prompt evaluations,metrics,jsonb,No,,No,,No,Metrics,Confidential accountability record,No,Inherited/global; service policy required,Compliance; DPO; security; authorised auditor,Contract/legal obligation/legitimate interests as documented; never infer consent from notice acknowledgement,Statutory/contractual accountability schedule,Mutable through audited service command,Encrypted and integrity protected,Required for create/update/delete/read-export where material
governance,model_evaluation_runs,Model and prompt evaluations,limitations,jsonb,No,'[]'::jsonb,No,,No,Limitations,Confidential accountability record,No,Inherited/global; service policy required,Compliance; DPO; security; authorised auditor,Contract/legal obligation/legitimate interests as documented; never infer consent from notice acknowledgement,Statutory/contractual accountability schedule,Mutable through audited service command,Encrypted and integrity protected,Required for create/update/delete/read-export where material
governance,model_evaluation_runs,Model and prompt evaluations,status,text,No,,No,,No,Controlled lifecycle state,Confidential accountability record,No,Inherited/global; service policy required,Compliance; DPO; security; authorised auditor,Contract/legal obligation/legitimate interests as documented; never infer consent from notice acknowledgement,Statutory/contractual accountability schedule,Mutable through audited service command,Encrypted and integrity protected,Required for create/update/delete/read-export where material
governance,model_evaluation_runs,Model and prompt evaluations,executed_at,timestamptz,No,now(),No,,No,Executed timestamp,Confidential accountability record,No,Inherited/global; service policy required,Compliance; DPO; security; authorised auditor,Contract/legal obligation/legitimate interests as documented; never infer consent from notice acknowledgement,Statutory/contractual accountability schedule,Mutable through audited service command,Encrypted and integrity protected,Required for create/update/delete/read-export where material
governance,oversight_actions,"Human disregard, override, reverse, stop and escalation evidence",id,uuid,No,gen_random_uuid(),Yes,,No,Stable record identifier,Confidential accountability record,No,Direct tenant_id,Compliance; DPO; security; authorised auditor,Contract/legal obligation/legitimate interests as documented; never infer consent from notice acknowledgement,Statutory/contractual accountability schedule,Mutable through audited service command,Encrypted and integrity protected,Required for create/update/delete/read-export where material
governance,oversight_actions,"Human disregard, override, reverse, stop and escalation evidence",tenant_id,uuid,No,,No,tenant.organizations(id),No,Employer tenant isolation key,Confidential accountability record,No,Direct tenant_id,Compliance; DPO; security; authorised auditor,Contract/legal obligation/legitimate interests as documented; never infer consent from notice acknowledgement,Statutory/contractual accountability schedule,Mutable through audited service command,Encrypted and integrity protected,Required for create/update/delete/read-export where material
governance,oversight_actions,"Human disregard, override, reverse, stop and escalation evidence",assignment_id,uuid,No,,No,governance.human_oversight_assignments(id),No,Assignment reference,Confidential accountability record,No,Direct tenant_id,Compliance; DPO; security; authorised auditor,Contract/legal obligation/legitimate interests as documented; never infer consent from notice acknowledgement,Statutory/contractual accountability schedule,Mutable through audited service command,Encrypted and integrity protected,Required for create/update/delete/read-export where material
governance,oversight_actions,"Human disregard, override, reverse, stop and escalation evidence",resource_type,text,No,,No,,No,Resource type,Confidential accountability record,No,Direct tenant_id,Compliance; DPO; security; authorised auditor,Contract/legal obligation/legitimate interests as documented; never infer consent from notice acknowledgement,Statutory/contractual accountability schedule,Mutable through audited service command,Encrypted and integrity protected,Required for create/update/delete/read-export where material
governance,oversight_actions,"Human disregard, override, reverse, stop and escalation evidence",resource_id,uuid,No,,No,,No,Resource reference,Confidential accountability record,No,Direct tenant_id,Compliance; DPO; security; authorised auditor,Contract/legal obligation/legitimate interests as documented; never infer consent from notice acknowledgement,Statutory/contractual accountability schedule,Mutable through audited service command,Encrypted and integrity protected,Required for create/update/delete/read-export where material
governance,oversight_actions,"Human disregard, override, reverse, stop and escalation evidence",action,text,No,,No,,No,Action,Confidential accountability record,No,Direct tenant_id,Compliance; DPO; security; authorised auditor,Contract/legal obligation/legitimate interests as documented; never infer consent from notice acknowledgement,Statutory/contractual accountability schedule,Mutable through audited service command,Encrypted and integrity protected,Required for create/update/delete/read-export where material
governance,oversight_actions,"Human disregard, override, reverse, stop and escalation evidence",reason,text,No,,No,,No,Human-readable reason required for accountability,Confidential accountability record,No,Direct tenant_id,Compliance; DPO; security; authorised auditor,Contract/legal obligation/legitimate interests as documented; never infer consent from notice acknowledgement,Statutory/contractual accountability schedule,Mutable through audited service command,Encrypted and integrity protected,Required for create/update/delete/read-export where material
governance,oversight_actions,"Human disregard, override, reverse, stop and escalation evidence",evidence_links,jsonb,No,'[]'::jsonb,No,,No,Versioned links to supporting evidence objects,Confidential accountability record,No,Direct tenant_id,Compliance; DPO; security; authorised auditor,Contract/legal obligation/legitimate interests as documented; never infer consent from notice acknowledgement,Statutory/contractual accountability schedule,Mutable through audited service command,Encrypted and integrity protected,Required for create/update/delete/read-export where material
governance,oversight_actions,"Human disregard, override, reverse, stop and escalation evidence",actor_user_id,uuid,No,,No,iam.users(id),No,Actor user reference,Confidential accountability record,No,Direct tenant_id,Compliance; DPO; security; authorised auditor,Contract/legal obligation/legitimate interests as documented; never infer consent from notice acknowledgement,Statutory/contractual accountability schedule,Mutable through audited service command,Encrypted and integrity protected,Required for create/update/delete/read-export where material
governance,oversight_actions,"Human disregard, override, reverse, stop and escalation evidence",occurred_at,timestamptz,No,now(),No,,No,Event occurrence time in UTC,Confidential accountability record,No,Direct tenant_id,Compliance; DPO; security; authorised auditor,Contract/legal obligation/legitimate interests as documented; never infer consent from notice acknowledgement,Statutory/contractual accountability schedule,Append-only / immutable,Encrypted and integrity protected,Required for create/update/delete/read-export where material
governance,performance_thresholds,"Declared system accuracy, robustness and safety thresholds",id,uuid,No,gen_random_uuid(),Yes,,No,Stable record identifier,Confidential accountability record,No,Inherited/global; service policy required,Compliance; DPO; security; authorised auditor,Contract/legal obligation/legitimate interests as documented; never infer consent from notice acknowledgement,Statutory/contractual accountability schedule,Mutable through audited service command,Encrypted and integrity protected,Required for create/update/delete/read-export where material
governance,performance_thresholds,"Declared system accuracy, robustness and safety thresholds",ai_system_id,uuid,No,,No,governance.ai_system_records(id),Composite/Yes,Ai system reference,Confidential accountability record,No,Inherited/global; service policy required,Compliance; DPO; security; authorised auditor,Contract/legal obligation/legitimate interests as documented; never infer consent from notice acknowledgement,Statutory/contractual accountability schedule,Mutable through audited service command,Encrypted and integrity protected,Required for create/update/delete/read-export where material
governance,performance_thresholds,"Declared system accuracy, robustness and safety thresholds",model_id,uuid,Yes,,No,assessment.model_registry(id),Composite/Yes,Model reference,Confidential accountability record,No,Inherited/global; service policy required,Compliance; DPO; security; authorised auditor,Contract/legal obligation/legitimate interests as documented; never infer consent from notice acknowledgement,Statutory/contractual accountability schedule,Mutable through audited service command,Encrypted and integrity protected,Required for create/update/delete/read-export where material
governance,performance_thresholds,"Declared system accuracy, robustness and safety thresholds",use_case,text,No,,No,,Composite/Yes,Use case,Confidential accountability record,No,Inherited/global; service policy required,Compliance; DPO; security; authorised auditor,Contract/legal obligation/legitimate interests as documented; never infer consent from notice acknowledgement,Statutory/contractual accountability schedule,Mutable through audited service command,Encrypted and integrity protected,Required for create/update/delete/read-export where material
governance,performance_thresholds,"Declared system accuracy, robustness and safety thresholds",metric_code,text,No,,No,,Composite/Yes,Metric code,Confidential accountability record,No,Inherited/global; service policy required,Compliance; DPO; security; authorised auditor,Contract/legal obligation/legitimate interests as documented; never infer consent from notice acknowledgement,Statutory/contractual accountability schedule,Mutable through audited service command,Encrypted and integrity protected,Required for create/update/delete/read-export where material
governance,performance_thresholds,"Declared system accuracy, robustness and safety thresholds",metric_definition,text,No,,No,,No,Metric definition,Confidential accountability record,No,Inherited/global; service policy required,Compliance; DPO; security; authorised auditor,Contract/legal obligation/legitimate interests as documented; never infer consent from notice acknowledgement,Statutory/contractual accountability schedule,Mutable through audited service command,Encrypted and integrity protected,Required for create/update/delete/read-export where material
governance,performance_thresholds,"Declared system accuracy, robustness and safety thresholds",threshold_operator,text,No,,No,,No,Threshold operator,Confidential accountability record,No,Inherited/global; service policy required,Compliance; DPO; security; authorised auditor,Contract/legal obligation/legitimate interests as documented; never infer consent from notice acknowledgement,Statutory/contractual accountability schedule,Mutable through audited service command,Encrypted and integrity protected,Required for create/update/delete/read-export where material
governance,performance_thresholds,"Declared system accuracy, robustness and safety thresholds",threshold_value,"numeric(18,6)",No,,No,,No,Threshold value,Confidential accountability record,No,Inherited/global; service policy required,Compliance; DPO; security; authorised auditor,Contract/legal obligation/legitimate interests as documented; never infer consent from notice acknowledgement,Statutory/contractual accountability schedule,Mutable through audited service command,Encrypted and integrity protected,Required for create/update/delete/read-export where material
governance,performance_thresholds,"Declared system accuracy, robustness and safety thresholds",subgroup_policy,jsonb,No,,No,,No,Subgroup policy,Confidential accountability record,No,Inherited/global; service policy required,Compliance; DPO; security; authorised auditor,Contract/legal obligation/legitimate interests as documented; never infer consent from notice acknowledgement,Statutory/contractual accountability schedule,Mutable through audited service command,Encrypted and integrity protected,Required for create/update/delete/read-export where material
governance,performance_thresholds,"Declared system accuracy, robustness and safety thresholds",evaluation_dataset_id,uuid,Yes,,No,governance.dataset_registry(id),No,Evaluation dataset reference,Confidential accountability record,No,Inherited/global; service policy required,Compliance; DPO; security; authorised auditor,Contract/legal obligation/legitimate interests as documented; never infer consent from notice acknowledgement,Statutory/contractual accountability schedule,Mutable through audited service command,Encrypted and integrity protected,Required for create/update/delete/read-export where material
governance,performance_thresholds,"Declared system accuracy, robustness and safety thresholds",effective_from,timestamptz,No,,No,,Composite/Yes,Effective from,Confidential accountability record,No,Inherited/global; service policy required,Compliance; DPO; security; authorised auditor,Contract/legal obligation/legitimate interests as documented; never infer consent from notice acknowledgement,Statutory/contractual accountability schedule,Mutable through audited service command,Encrypted and integrity protected,Required for create/update/delete/read-export where material
governance,performance_thresholds,"Declared system accuracy, robustness and safety thresholds",effective_to,timestamptz,Yes,,No,,No,Effective to,Confidential accountability record,No,Inherited/global; service policy required,Compliance; DPO; security; authorised auditor,Contract/legal obligation/legitimate interests as documented; never infer consent from notice acknowledgement,Statutory/contractual accountability schedule,Mutable through audited service command,Encrypted and integrity protected,Required for create/update/delete/read-export where material
governance,performance_thresholds,"Declared system accuracy, robustness and safety thresholds",status,text,No,,No,,No,Controlled lifecycle state,Confidential accountability record,No,Inherited/global; service policy required,Compliance; DPO; security; authorised auditor,Contract/legal obligation/legitimate interests as documented; never infer consent from notice acknowledgement,Statutory/contractual accountability schedule,Mutable through audited service command,Encrypted and integrity protected,Required for create/update/delete/read-export where material
governance,performance_thresholds,"Declared system accuracy, robustness and safety thresholds",approved_by,uuid,Yes,,No,iam.users(id),No,Approved by,Confidential accountability record,No,Inherited/global; service policy required,Compliance; DPO; security; authorised auditor,Contract/legal obligation/legitimate interests as documented; never infer consent from notice acknowledgement,Statutory/contractual accountability schedule,Mutable through audited service command,Encrypted and integrity protected,Required for create/update/delete/read-export where material
governance,performance_thresholds,"Declared system accuracy, robustness and safety thresholds",created_at,timestamptz,No,now(),No,,No,Immutable record creation time in UTC,Confidential accountability record,No,Inherited/global; service policy required,Compliance; DPO; security; authorised auditor,Contract/legal obligation/legitimate interests as documented; never infer consent from notice acknowledgement,Statutory/contractual accountability schedule,Append-only / immutable,Encrypted and integrity protected,Required for create/update/delete/read-export where material
governance,post_market_plans,Approved post-market monitoring plan versions,id,uuid,No,gen_random_uuid(),Yes,,No,Stable record identifier,Confidential accountability record,No,Inherited/global; service policy required,Compliance; DPO; security; authorised auditor,Contract/legal obligation/legitimate interests as documented; never infer consent from notice acknowledgement,Statutory/contractual accountability schedule,Mutable through audited service command,Encrypted and integrity protected,Required for create/update/delete/read-export where material
governance,post_market_plans,Approved post-market monitoring plan versions,ai_system_id,uuid,No,,No,governance.ai_system_records(id),Composite/Yes,Ai system reference,Confidential accountability record,No,Inherited/global; service policy required,Compliance; DPO; security; authorised auditor,Contract/legal obligation/legitimate interests as documented; never infer consent from notice acknowledgement,Statutory/contractual accountability schedule,Mutable through audited service command,Encrypted and integrity protected,Required for create/update/delete/read-export where material
governance,post_market_plans,Approved post-market monitoring plan versions,version_no,integer,No,,No,,Composite/Yes,Version no,Confidential accountability record,No,Inherited/global; service policy required,Compliance; DPO; security; authorised auditor,Contract/legal obligation/legitimate interests as documented; never infer consent from notice acknowledgement,Statutory/contractual accountability schedule,Mutable through audited service command,Encrypted and integrity protected,Required for create/update/delete/read-export where material
governance,post_market_plans,Approved post-market monitoring plan versions,methodology,jsonb,No,,No,,No,Methodology,Confidential accountability record,No,Inherited/global; service policy required,Compliance; DPO; security; authorised auditor,Contract/legal obligation/legitimate interests as documented; never infer consent from notice acknowledgement,Statutory/contractual accountability schedule,Mutable through audited service command,Encrypted and integrity protected,Required for create/update/delete/read-export where material
governance,post_market_plans,Approved post-market monitoring plan versions,signal_catalogue,jsonb,No,,No,,No,Signal catalogue,Confidential accountability record,No,Inherited/global; service policy required,Compliance; DPO; security; authorised auditor,Contract/legal obligation/legitimate interests as documented; never infer consent from notice acknowledgement,Statutory/contractual accountability schedule,Mutable through audited service command,Encrypted and integrity protected,Required for create/update/delete/read-export where material
governance,post_market_plans,Approved post-market monitoring plan versions,thresholds,jsonb,No,,No,,No,Thresholds,Confidential accountability record,No,Inherited/global; service policy required,Compliance; DPO; security; authorised auditor,Contract/legal obligation/legitimate interests as documented; never infer consent from notice acknowledgement,Statutory/contractual accountability schedule,Mutable through audited service command,Encrypted and integrity protected,Required for create/update/delete/read-export where material
governance,post_market_plans,Approved post-market monitoring plan versions,review_cadence,interval,No,,No,,No,Review cadence,Confidential accountability record,No,Inherited/global; service policy required,Compliance; DPO; security; authorised auditor,Contract/legal obligation/legitimate interests as documented; never infer consent from notice acknowledgement,Statutory/contractual accountability schedule,Mutable through audited service command,Encrypted and integrity protected,Required for create/update/delete/read-export where material
governance,post_market_plans,Approved post-market monitoring plan versions,status,text,No,,No,,No,Controlled lifecycle state,Confidential accountability record,No,Inherited/global; service policy required,Compliance; DPO; security; authorised auditor,Contract/legal obligation/legitimate interests as documented; never infer consent from notice acknowledgement,Statutory/contractual accountability schedule,Mutable through audited service command,Encrypted and integrity protected,Required for create/update/delete/read-export where material
governance,post_market_plans,Approved post-market monitoring plan versions,owner_user_id,uuid,No,,No,iam.users(id),No,Owner user reference,Confidential accountability record,No,Inherited/global; service policy required,Compliance; DPO; security; authorised auditor,Contract/legal obligation/legitimate interests as documented; never infer consent from notice acknowledgement,Statutory/contractual accountability schedule,Mutable through audited service command,Encrypted and integrity protected,Required for create/update/delete/read-export where material
governance,post_market_plans,Approved post-market monitoring plan versions,approved_by,uuid,Yes,,No,iam.users(id),No,Approved by,Confidential accountability record,No,Inherited/global; service policy required,Compliance; DPO; security; authorised auditor,Contract/legal obligation/legitimate interests as documented; never infer consent from notice acknowledgement,Statutory/contractual accountability schedule,Mutable through audited service command,Encrypted and integrity protected,Required for create/update/delete/read-export where material
governance,post_market_plans,Approved post-market monitoring plan versions,created_at,timestamptz,No,now(),No,,No,Immutable record creation time in UTC,Confidential accountability record,No,Inherited/global; service policy required,Compliance; DPO; security; authorised auditor,Contract/legal obligation/legitimate interests as documented; never infer consent from notice acknowledgement,Statutory/contractual accountability schedule,Append-only / immutable,Encrypted and integrity protected,Required for create/update/delete/read-export where material
governance,post_market_plans,Approved post-market monitoring plan versions,approved_at,timestamptz,Yes,,No,,No,Approved timestamp,Confidential accountability record,No,Inherited/global; service policy required,Compliance; DPO; security; authorised auditor,Contract/legal obligation/legitimate interests as documented; never infer consent from notice acknowledgement,Statutory/contractual accountability schedule,Mutable through audited service command,Encrypted and integrity protected,Required for create/update/delete/read-export where material
governance,post_market_signals,"Real-world safety, quality, rights and drift signals",id,uuid,No,gen_random_uuid(),Yes,,No,Stable record identifier,Confidential accountability record,No,Direct tenant_id,Compliance; DPO; security; authorised auditor,Contract/legal obligation/legitimate interests as documented; never infer consent from notice acknowledgement,Statutory/contractual accountability schedule,Mutable through audited service command,Encrypted and integrity protected,Required for create/update/delete/read-export where material
governance,post_market_signals,"Real-world safety, quality, rights and drift signals",tenant_id,uuid,Yes,,No,tenant.organizations(id),No,Employer tenant isolation key,Confidential accountability record,No,Direct tenant_id,Compliance; DPO; security; authorised auditor,Contract/legal obligation/legitimate interests as documented; never infer consent from notice acknowledgement,Statutory/contractual accountability schedule,Mutable through audited service command,Encrypted and integrity protected,Required for create/update/delete/read-export where material
governance,post_market_signals,"Real-world safety, quality, rights and drift signals",post_market_plan_id,uuid,No,,No,governance.post_market_plans(id),No,Post market plan reference,Confidential accountability record,No,Direct tenant_id,Compliance; DPO; security; authorised auditor,Contract/legal obligation/legitimate interests as documented; never infer consent from notice acknowledgement,Statutory/contractual accountability schedule,Mutable through audited service command,Encrypted and integrity protected,Required for create/update/delete/read-export where material
governance,post_market_signals,"Real-world safety, quality, rights and drift signals",signal_type,text,No,,No,,No,Signal type,Confidential accountability record,No,Direct tenant_id,Compliance; DPO; security; authorised auditor,Contract/legal obligation/legitimate interests as documented; never infer consent from notice acknowledgement,Statutory/contractual accountability schedule,Mutable through audited service command,Encrypted and integrity protected,Required for create/update/delete/read-export where material
governance,post_market_signals,"Real-world safety, quality, rights and drift signals",metric_window,tstzrange,No,,No,,No,Metric window,Confidential accountability record,No,Direct tenant_id,Compliance; DPO; security; authorised auditor,Contract/legal obligation/legitimate interests as documented; never infer consent from notice acknowledgement,Statutory/contractual accountability schedule,Mutable through audited service command,Encrypted and integrity protected,Required for create/update/delete/read-export where material
governance,post_market_signals,"Real-world safety, quality, rights and drift signals",value,jsonb,No,,No,,No,Value,Confidential accountability record,No,Direct tenant_id,Compliance; DPO; security; authorised auditor,Contract/legal obligation/legitimate interests as documented; never infer consent from notice acknowledgement,Statutory/contractual accountability schedule,Mutable through audited service command,Encrypted and integrity protected,Required for create/update/delete/read-export where material
governance,post_market_signals,"Real-world safety, quality, rights and drift signals",threshold_status,text,No,,No,,No,Threshold status,Confidential accountability record,No,Direct tenant_id,Compliance; DPO; security; authorised auditor,Contract/legal obligation/legitimate interests as documented; never infer consent from notice acknowledgement,Statutory/contractual accountability schedule,Mutable through audited service command,Encrypted and integrity protected,Required for create/update/delete/read-export where material
governance,post_market_signals,"Real-world safety, quality, rights and drift signals",source_reference,text,No,,No,,No,Source reference,Confidential accountability record,No,Direct tenant_id,Compliance; DPO; security; authorised auditor,Contract/legal obligation/legitimate interests as documented; never infer consent from notice acknowledgement,Statutory/contractual accountability schedule,Mutable through audited service command,Encrypted and integrity protected,Required for create/update/delete/read-export where material
governance,post_market_signals,"Real-world safety, quality, rights and drift signals",review_status,text,No,,No,,No,Review status,Confidential accountability record,No,Direct tenant_id,Compliance; DPO; security; authorised auditor,Contract/legal obligation/legitimate interests as documented; never infer consent from notice acknowledgement,Statutory/contractual accountability schedule,Mutable through audited service command,Encrypted and integrity protected,Required for create/update/delete/read-export where material
governance,post_market_signals,"Real-world safety, quality, rights and drift signals",reviewer_user_id,uuid,Yes,,No,iam.users(id),No,Reviewer user reference,Confidential accountability record,No,Direct tenant_id,Compliance; DPO; security; authorised auditor,Contract/legal obligation/legitimate interests as documented; never infer consent from notice acknowledgement,Statutory/contractual accountability schedule,Mutable through audited service command,Encrypted and integrity protected,Required for create/update/delete/read-export where material
governance,post_market_signals,"Real-world safety, quality, rights and drift signals",created_at,timestamptz,No,now(),No,,No,Immutable record creation time in UTC,Confidential accountability record,No,Direct tenant_id,Compliance; DPO; security; authorised auditor,Contract/legal obligation/legitimate interests as documented; never infer consent from notice acknowledgement,Statutory/contractual accountability schedule,Append-only / immutable,Encrypted and integrity protected,Required for create/update/delete/read-export where material
governance,post_market_signals,"Real-world safety, quality, rights and drift signals",reviewed_at,timestamptz,Yes,,No,,No,Reviewed timestamp,Confidential accountability record,No,Direct tenant_id,Compliance; DPO; security; authorised auditor,Contract/legal obligation/legitimate interests as documented; never infer consent from notice acknowledgement,Statutory/contractual accountability schedule,Mutable through audited service command,Encrypted and integrity protected,Required for create/update/delete/read-export where material
governance,processing_activities,ROPA and controller/processor responsibility records,id,uuid,No,gen_random_uuid(),Yes,,No,Stable record identifier,Confidential accountability record,No,Direct tenant_id,Compliance; DPO; security; authorised auditor,Contract/legal obligation/legitimate interests as documented; never infer consent from notice acknowledgement,Statutory/contractual accountability schedule,Mutable through audited service command,Encrypted and integrity protected,Required for create/update/delete/read-export where material
governance,processing_activities,ROPA and controller/processor responsibility records,tenant_id,uuid,Yes,,No,tenant.organizations(id),Composite/Yes,Employer tenant isolation key,Confidential accountability record,No,Direct tenant_id,Compliance; DPO; security; authorised auditor,Contract/legal obligation/legitimate interests as documented; never infer consent from notice acknowledgement,Statutory/contractual accountability schedule,Mutable through audited service command,Encrypted and integrity protected,Required for create/update/delete/read-export where material
governance,processing_activities,ROPA and controller/processor responsibility records,ropa_code,text,No,,No,,Composite/Yes,Ropa code,Confidential accountability record,No,Direct tenant_id,Compliance; DPO; security; authorised auditor,Contract/legal obligation/legitimate interests as documented; never infer consent from notice acknowledgement,Statutory/contractual accountability schedule,Mutable through audited service command,Encrypted and integrity protected,Required for create/update/delete/read-export where material
governance,processing_activities,ROPA and controller/processor responsibility records,processing_name,text,No,,No,,No,Processing name,Confidential accountability record,No,Direct tenant_id,Compliance; DPO; security; authorised auditor,Contract/legal obligation/legitimate interests as documented; never infer consent from notice acknowledgement,Statutory/contractual accountability schedule,Mutable through audited service command,Encrypted and integrity protected,Required for create/update/delete/read-export where material
governance,processing_activities,ROPA and controller/processor responsibility records,controller_identity,text,No,,No,,No,Controller referenceentity,Confidential accountability record,No,Direct tenant_id,Compliance; DPO; security; authorised auditor,Contract/legal obligation/legitimate interests as documented; never infer consent from notice acknowledgement,Statutory/contractual accountability schedule,Mutable through audited service command,Encrypted and integrity protected,Required for create/update/delete/read-export where material
governance,processing_activities,ROPA and controller/processor responsibility records,processor_identity,text,Yes,,No,,No,Processor referenceentity,Confidential accountability record,No,Direct tenant_id,Compliance; DPO; security; authorised auditor,Contract/legal obligation/legitimate interests as documented; never infer consent from notice acknowledgement,Statutory/contractual accountability schedule,Mutable through audited service command,Encrypted and integrity protected,Required for create/update/delete/read-export where material
governance,processing_activities,ROPA and controller/processor responsibility records,joint_controller_arrangement,text,Yes,,No,,No,Joint controller arrangement,Confidential accountability record,No,Direct tenant_id,Compliance; DPO; security; authorised auditor,Contract/legal obligation/legitimate interests as documented; never infer consent from notice acknowledgement,Statutory/contractual accountability schedule,Mutable through audited service command,Encrypted and integrity protected,Required for create/update/delete/read-export where material
governance,processing_activities,ROPA and controller/processor responsibility records,purposes,jsonb,No,,No,,No,Purposes,Confidential accountability record,No,Direct tenant_id,Compliance; DPO; security; authorised auditor,Contract/legal obligation/legitimate interests as documented; never infer consent from notice acknowledgement,Statutory/contractual accountability schedule,Mutable through audited service command,Encrypted and integrity protected,Required for create/update/delete/read-export where material
governance,processing_activities,ROPA and controller/processor responsibility records,categories,jsonb,No,,No,,No,Categories,Confidential accountability record,No,Direct tenant_id,Compliance; DPO; security; authorised auditor,Contract/legal obligation/legitimate interests as documented; never infer consent from notice acknowledgement,Statutory/contractual accountability schedule,Mutable through audited service command,Encrypted and integrity protected,Required for create/update/delete/read-export where material
governance,processing_activities,ROPA and controller/processor responsibility records,recipients,jsonb,No,,No,,No,Recipients,Confidential personal data,No,Direct tenant_id,Data subject; authorised operations,Contract/legal obligation/legitimate interests as documented; never infer consent from notice acknowledgement,Purpose-specific controller schedule,Mutable through audited service command,Encrypted at rest and in transit,Required for create/update/delete/read-export where material
governance,processing_activities,ROPA and controller/processor responsibility records,transfers,jsonb,No,,No,,No,Transfers,Confidential accountability record,No,Direct tenant_id,Compliance; DPO; security; authorised auditor,Contract/legal obligation/legitimate interests as documented; never infer consent from notice acknowledgement,Statutory/contractual accountability schedule,Mutable through audited service command,Encrypted and integrity protected,Required for create/update/delete/read-export where material
governance,processing_activities,ROPA and controller/processor responsibility records,retention,jsonb,No,,No,,No,Retention,Confidential accountability record,No,Direct tenant_id,Compliance; DPO; security; authorised auditor,Contract/legal obligation/legitimate interests as documented; never infer consent from notice acknowledgement,Statutory/contractual accountability schedule,Mutable through audited service command,Encrypted and integrity protected,Required for create/update/delete/read-export where material
governance,processing_activities,ROPA and controller/processor responsibility records,safeguards,jsonb,No,,No,,No,Safeguards,Confidential accountability record,No,Direct tenant_id,Compliance; DPO; security; authorised auditor,Contract/legal obligation/legitimate interests as documented; never infer consent from notice acknowledgement,Statutory/contractual accountability schedule,Mutable through audited service command,Encrypted and integrity protected,Required for create/update/delete/read-export where material
governance,processing_activities,ROPA and controller/processor responsibility records,dpo_owner_user_id,uuid,Yes,,No,iam.users(id),No,Dpo owner user reference,Confidential accountability record,No,Direct tenant_id,Compliance; DPO; security; authorised auditor,Contract/legal obligation/legitimate interests as documented; never infer consent from notice acknowledgement,Statutory/contractual accountability schedule,Mutable through audited service command,Encrypted and integrity protected,Required for create/update/delete/read-export where material
governance,processing_activities,ROPA and controller/processor responsibility records,status,text,No,,No,,No,Controlled lifecycle state,Confidential accountability record,No,Direct tenant_id,Compliance; DPO; security; authorised auditor,Contract/legal obligation/legitimate interests as documented; never infer consent from notice acknowledgement,Statutory/contractual accountability schedule,Mutable through audited service command,Encrypted and integrity protected,Required for create/update/delete/read-export where material
governance,processing_activities,ROPA and controller/processor responsibility records,reviewed_at,timestamptz,Yes,,No,,No,Reviewed timestamp,Confidential accountability record,No,Direct tenant_id,Compliance; DPO; security; authorised auditor,Contract/legal obligation/legitimate interests as documented; never infer consent from notice acknowledgement,Statutory/contractual accountability schedule,Mutable through audited service command,Encrypted and integrity protected,Required for create/update/delete/read-export where material
governance,processing_activities,ROPA and controller/processor responsibility records,review_due,date,Yes,,No,,No,Review due,Confidential accountability record,No,Direct tenant_id,Compliance; DPO; security; authorised auditor,Contract/legal obligation/legitimate interests as documented; never infer consent from notice acknowledgement,Statutory/contractual accountability schedule,Mutable through audited service command,Encrypted and integrity protected,Required for create/update/delete/read-export where material
governance,processing_activities,ROPA and controller/processor responsibility records,created_at,timestamptz,No,now(),No,,No,Immutable record creation time in UTC,Confidential accountability record,No,Direct tenant_id,Compliance; DPO; security; authorised auditor,Contract/legal obligation/legitimate interests as documented; never infer consent from notice acknowledgement,Statutory/contractual accountability schedule,Append-only / immutable,Encrypted and integrity protected,Required for create/update/delete/read-export where material
governance,quality_documents,Approved quality-management system documents and procedures,id,uuid,No,gen_random_uuid(),Yes,,No,Stable record identifier,Confidential accountability record,No,Inherited/global; service policy required,Compliance; DPO; security; authorised auditor,Contract/legal obligation/legitimate interests as documented; never infer consent from notice acknowledgement,Statutory/contractual accountability schedule,Mutable through audited service command,Encrypted and integrity protected,Required for create/update/delete/read-export where material
governance,quality_documents,Approved quality-management system documents and procedures,document_code,text,No,,No,,Composite/Yes,Document code,Confidential accountability record,No,Inherited/global; service policy required,Compliance; DPO; security; authorised auditor,Contract/legal obligation/legitimate interests as documented; never infer consent from notice acknowledgement,Statutory/contractual accountability schedule,Mutable through audited service command,Encrypted and integrity protected,Required for create/update/delete/read-export where material
governance,quality_documents,Approved quality-management system documents and procedures,version_no,integer,No,,No,,Composite/Yes,Version no,Confidential accountability record,No,Inherited/global; service policy required,Compliance; DPO; security; authorised auditor,Contract/legal obligation/legitimate interests as documented; never infer consent from notice acknowledgement,Statutory/contractual accountability schedule,Mutable through audited service command,Encrypted and integrity protected,Required for create/update/delete/read-export where material
governance,quality_documents,Approved quality-management system documents and procedures,document_type,text,No,,No,,No,Document type,Confidential accountability record,No,Inherited/global; service policy required,Compliance; DPO; security; authorised auditor,Contract/legal obligation/legitimate interests as documented; never infer consent from notice acknowledgement,Statutory/contractual accountability schedule,Mutable through audited service command,Encrypted and integrity protected,Required for create/update/delete/read-export where material
governance,quality_documents,Approved quality-management system documents and procedures,title,text,No,,No,,No,Title,Confidential accountability record,No,Inherited/global; service policy required,Compliance; DPO; security; authorised auditor,Contract/legal obligation/legitimate interests as documented; never infer consent from notice acknowledgement,Statutory/contractual accountability schedule,Mutable through audited service command,Encrypted and integrity protected,Required for create/update/delete/read-export where material
governance,quality_documents,Approved quality-management system documents and procedures,content_uri,text,No,,No,,No,Content uri,Confidential accountability record,No,Inherited/global; service policy required,Compliance; DPO; security; authorised auditor,Contract/legal obligation/legitimate interests as documented; never infer consent from notice acknowledgement,Statutory/contractual accountability schedule,Mutable through audited service command,Encrypted and integrity protected,Required for create/update/delete/read-export where material
governance,quality_documents,Approved quality-management system documents and procedures,sha256,text,No,,No,,No,Sha256,Confidential accountability record,No,Inherited/global; service policy required,Compliance; DPO; security; authorised auditor,Contract/legal obligation/legitimate interests as documented; never infer consent from notice acknowledgement,Statutory/contractual accountability schedule,Mutable through audited service command,Encrypted and integrity protected,Required for create/update/delete/read-export where material
governance,quality_documents,Approved quality-management system documents and procedures,status,text,No,,No,,No,Controlled lifecycle state,Confidential accountability record,No,Inherited/global; service policy required,Compliance; DPO; security; authorised auditor,Contract/legal obligation/legitimate interests as documented; never infer consent from notice acknowledgement,Statutory/contractual accountability schedule,Mutable through audited service command,Encrypted and integrity protected,Required for create/update/delete/read-export where material
governance,quality_documents,Approved quality-management system documents and procedures,owner_user_id,uuid,No,,No,iam.users(id),No,Owner user reference,Confidential accountability record,No,Inherited/global; service policy required,Compliance; DPO; security; authorised auditor,Contract/legal obligation/legitimate interests as documented; never infer consent from notice acknowledgement,Statutory/contractual accountability schedule,Mutable through audited service command,Encrypted and integrity protected,Required for create/update/delete/read-export where material
governance,quality_documents,Approved quality-management system documents and procedures,approved_by,uuid,Yes,,No,iam.users(id),No,Approved by,Confidential accountability record,No,Inherited/global; service policy required,Compliance; DPO; security; authorised auditor,Contract/legal obligation/legitimate interests as documented; never infer consent from notice acknowledgement,Statutory/contractual accountability schedule,Mutable through audited service command,Encrypted and integrity protected,Required for create/update/delete/read-export where material
governance,quality_documents,Approved quality-management system documents and procedures,effective_from,date,Yes,,No,,No,Effective from,Confidential accountability record,No,Inherited/global; service policy required,Compliance; DPO; security; authorised auditor,Contract/legal obligation/legitimate interests as documented; never infer consent from notice acknowledgement,Statutory/contractual accountability schedule,Mutable through audited service command,Encrypted and integrity protected,Required for create/update/delete/read-export where material
governance,quality_documents,Approved quality-management system documents and procedures,review_due,date,Yes,,No,,No,Review due,Confidential accountability record,No,Inherited/global; service policy required,Compliance; DPO; security; authorised auditor,Contract/legal obligation/legitimate interests as documented; never infer consent from notice acknowledgement,Statutory/contractual accountability schedule,Mutable through audited service command,Encrypted and integrity protected,Required for create/update/delete/read-export where material
governance,quality_documents,Approved quality-management system documents and procedures,created_at,timestamptz,No,now(),No,,No,Immutable record creation time in UTC,Confidential accountability record,No,Inherited/global; service policy required,Compliance; DPO; security; authorised auditor,Contract/legal obligation/legitimate interests as documented; never infer consent from notice acknowledgement,Statutory/contractual accountability schedule,Append-only / immutable,Encrypted and integrity protected,Required for create/update/delete/read-export where material
governance,quality_documents,Approved quality-management system documents and procedures,approved_at,timestamptz,Yes,,No,,No,Approved timestamp,Confidential accountability record,No,Inherited/global; service policy required,Compliance; DPO; security; authorised auditor,Contract/legal obligation/legitimate interests as documented; never infer consent from notice acknowledgement,Statutory/contractual accountability schedule,Mutable through audited service command,Encrypted and integrity protected,Required for create/update/delete/read-export where material
governance,retention_policies,Category-specific retention policy,id,uuid,No,gen_random_uuid(),Yes,,No,Stable record identifier,Confidential accountability record,No,Direct tenant_id,Compliance; DPO; security; authorised auditor,Contract/legal obligation/legitimate interests as documented; never infer consent from notice acknowledgement,Statutory/contractual accountability schedule,Mutable through audited service command,Encrypted and integrity protected,Required for create/update/delete/read-export where material
governance,retention_policies,Category-specific retention policy,tenant_id,uuid,Yes,,No,tenant.organizations(id),Composite/Yes,Employer tenant isolation key,Confidential accountability record,No,Direct tenant_id,Compliance; DPO; security; authorised auditor,Contract/legal obligation/legitimate interests as documented; never infer consent from notice acknowledgement,Statutory/contractual accountability schedule,Mutable through audited service command,Encrypted and integrity protected,Required for create/update/delete/read-export where material
governance,retention_policies,Category-specific retention policy,data_category,text,No,,No,,Composite/Yes,Data category,Confidential accountability record,No,Direct tenant_id,Compliance; DPO; security; authorised auditor,Contract/legal obligation/legitimate interests as documented; never infer consent from notice acknowledgement,Statutory/contractual accountability schedule,Mutable through audited service command,Encrypted and integrity protected,Required for create/update/delete/read-export where material
governance,retention_policies,Category-specific retention policy,retention_days,integer,No,,No,,No,Retention days,Confidential accountability record,No,Direct tenant_id,Compliance; DPO; security; authorised auditor,Contract/legal obligation/legitimate interests as documented; never infer consent from notice acknowledgement,Statutory/contractual accountability schedule,Mutable through audited service command,Encrypted and integrity protected,Required for create/update/delete/read-export where material
governance,retention_policies,Category-specific retention policy,legal_basis,text,No,,No,,No,Legal basis,Confidential accountability record,No,Direct tenant_id,Compliance; DPO; security; authorised auditor,Contract/legal obligation/legitimate interests as documented; never infer consent from notice acknowledgement,Statutory/contractual accountability schedule,Mutable through audited service command,Encrypted and integrity protected,Required for create/update/delete/read-export where material
governance,retention_policies,Category-specific retention policy,deletion_method,text,No,,No,,No,Deletion method,Confidential accountability record,No,Direct tenant_id,Compliance; DPO; security; authorised auditor,Contract/legal obligation/legitimate interests as documented; never infer consent from notice acknowledgement,Statutory/contractual accountability schedule,Mutable through audited service command,Encrypted and integrity protected,Required for create/update/delete/read-export where material
governance,retention_policies,Category-specific retention policy,status,text,No,,No,,No,Controlled lifecycle state,Confidential accountability record,No,Direct tenant_id,Compliance; DPO; security; authorised auditor,Contract/legal obligation/legitimate interests as documented; never infer consent from notice acknowledgement,Statutory/contractual accountability schedule,Mutable through audited service command,Encrypted and integrity protected,Required for create/update/delete/read-export where material
governance,retention_policies,Category-specific retention policy,effective_from,date,No,,No,,Composite/Yes,Effective from,Confidential accountability record,No,Direct tenant_id,Compliance; DPO; security; authorised auditor,Contract/legal obligation/legitimate interests as documented; never infer consent from notice acknowledgement,Statutory/contractual accountability schedule,Mutable through audited service command,Encrypted and integrity protected,Required for create/update/delete/read-export where material
governance,retention_policies,Category-specific retention policy,created_at,timestamptz,No,now(),No,,No,Immutable record creation time in UTC,Confidential accountability record,No,Direct tenant_id,Compliance; DPO; security; authorised auditor,Contract/legal obligation/legitimate interests as documented; never infer consent from notice acknowledgement,Statutory/contractual accountability schedule,Append-only / immutable,Encrypted and integrity protected,Required for create/update/delete/read-export where material
governance,risk_controls,"AI lifecycle risks, controls, tests and residual risk",id,uuid,No,gen_random_uuid(),Yes,,No,Stable record identifier,Confidential accountability record,No,Direct tenant_id,Compliance; DPO; security; authorised auditor,Contract/legal obligation/legitimate interests as documented; never infer consent from notice acknowledgement,Statutory/contractual accountability schedule,Mutable through audited service command,Encrypted and integrity protected,Required for create/update/delete/read-export where material
governance,risk_controls,"AI lifecycle risks, controls, tests and residual risk",tenant_id,uuid,Yes,,No,tenant.organizations(id),Composite/Yes,Employer tenant isolation key,Confidential accountability record,No,Direct tenant_id,Compliance; DPO; security; authorised auditor,Contract/legal obligation/legitimate interests as documented; never infer consent from notice acknowledgement,Statutory/contractual accountability schedule,Mutable through audited service command,Encrypted and integrity protected,Required for create/update/delete/read-export where material
governance,risk_controls,"AI lifecycle risks, controls, tests and residual risk",ai_system_id,uuid,Yes,,No,governance.ai_system_records(id),Composite/Yes,Ai system reference,Confidential accountability record,No,Direct tenant_id,Compliance; DPO; security; authorised auditor,Contract/legal obligation/legitimate interests as documented; never infer consent from notice acknowledgement,Statutory/contractual accountability schedule,Mutable through audited service command,Encrypted and integrity protected,Required for create/update/delete/read-export where material
governance,risk_controls,"AI lifecycle risks, controls, tests and residual risk",risk_code,text,No,,No,,Composite/Yes,Risk code,Confidential accountability record,No,Direct tenant_id,Compliance; DPO; security; authorised auditor,Contract/legal obligation/legitimate interests as documented; never infer consent from notice acknowledgement,Statutory/contractual accountability schedule,Mutable through audited service command,Encrypted and integrity protected,Required for create/update/delete/read-export where material
governance,risk_controls,"AI lifecycle risks, controls, tests and residual risk",affected_people,jsonb,No,,No,,No,Affected people,Confidential accountability record,No,Direct tenant_id,Compliance; DPO; security; authorised auditor,Contract/legal obligation/legitimate interests as documented; never infer consent from notice acknowledgement,Statutory/contractual accountability schedule,Mutable through audited service command,Encrypted and integrity protected,Required for create/update/delete/read-export where material
governance,risk_controls,"AI lifecycle risks, controls, tests and residual risk",harm,text,No,,No,,No,Harm,Confidential accountability record,No,Direct tenant_id,Compliance; DPO; security; authorised auditor,Contract/legal obligation/legitimate interests as documented; never infer consent from notice acknowledgement,Statutory/contractual accountability schedule,Mutable through audited service command,Encrypted and integrity protected,Required for create/update/delete/read-export where material
governance,risk_controls,"AI lifecycle risks, controls, tests and residual risk",cause,text,No,,No,,No,Cause,Confidential accountability record,No,Direct tenant_id,Compliance; DPO; security; authorised auditor,Contract/legal obligation/legitimate interests as documented; never infer consent from notice acknowledgement,Statutory/contractual accountability schedule,Mutable through audited service command,Encrypted and integrity protected,Required for create/update/delete/read-export where material
governance,risk_controls,"AI lifecycle risks, controls, tests and residual risk",inherent_likelihood,integer,No,,No,,No,Inherent likelihood,Confidential accountability record,No,Direct tenant_id,Compliance; DPO; security; authorised auditor,Contract/legal obligation/legitimate interests as documented; never infer consent from notice acknowledgement,Statutory/contractual accountability schedule,Mutable through audited service command,Encrypted and integrity protected,Required for create/update/delete/read-export where material
governance,risk_controls,"AI lifecycle risks, controls, tests and residual risk",inherent_severity,integer,No,,No,,No,Inherent severity,Confidential accountability record,No,Direct tenant_id,Compliance; DPO; security; authorised auditor,Contract/legal obligation/legitimate interests as documented; never infer consent from notice acknowledgement,Statutory/contractual accountability schedule,Mutable through audited service command,Encrypted and integrity protected,Required for create/update/delete/read-export where material
governance,risk_controls,"AI lifecycle risks, controls, tests and residual risk",control_description,text,No,,No,,No,Control description,Confidential accountability record,No,Direct tenant_id,Compliance; DPO; security; authorised auditor,Contract/legal obligation/legitimate interests as documented; never infer consent from notice acknowledgement,Statutory/contractual accountability schedule,Mutable through audited service command,Encrypted and integrity protected,Required for create/update/delete/read-export where material
governance,risk_controls,"AI lifecycle risks, controls, tests and residual risk",test_reference,text,No,,No,,No,Test reference,Confidential accountability record,No,Direct tenant_id,Compliance; DPO; security; authorised auditor,Contract/legal obligation/legitimate interests as documented; never infer consent from notice acknowledgement,Statutory/contractual accountability schedule,Mutable through audited service command,Encrypted and integrity protected,Required for create/update/delete/read-export where material
governance,risk_controls,"AI lifecycle risks, controls, tests and residual risk",residual_likelihood,integer,Yes,,No,,No,Residual likelihood,Confidential accountability record,No,Direct tenant_id,Compliance; DPO; security; authorised auditor,Contract/legal obligation/legitimate interests as documented; never infer consent from notice acknowledgement,Statutory/contractual accountability schedule,Mutable through audited service command,Encrypted and integrity protected,Required for create/update/delete/read-export where material
governance,risk_controls,"AI lifecycle risks, controls, tests and residual risk",residual_severity,integer,Yes,,No,,No,Residual severity,Confidential accountability record,No,Direct tenant_id,Compliance; DPO; security; authorised auditor,Contract/legal obligation/legitimate interests as documented; never infer consent from notice acknowledgement,Statutory/contractual accountability schedule,Mutable through audited service command,Encrypted and integrity protected,Required for create/update/delete/read-export where material
governance,risk_controls,"AI lifecycle risks, controls, tests and residual risk",owner_user_id,uuid,No,,No,iam.users(id),No,Owner user reference,Confidential accountability record,No,Direct tenant_id,Compliance; DPO; security; authorised auditor,Contract/legal obligation/legitimate interests as documented; never infer consent from notice acknowledgement,Statutory/contractual accountability schedule,Mutable through audited service command,Encrypted and integrity protected,Required for create/update/delete/read-export where material
governance,risk_controls,"AI lifecycle risks, controls, tests and residual risk",review_due,date,Yes,,No,,No,Review due,Confidential accountability record,No,Direct tenant_id,Compliance; DPO; security; authorised auditor,Contract/legal obligation/legitimate interests as documented; never infer consent from notice acknowledgement,Statutory/contractual accountability schedule,Mutable through audited service command,Encrypted and integrity protected,Required for create/update/delete/read-export where material
governance,risk_controls,"AI lifecycle risks, controls, tests and residual risk",status,text,No,,No,,No,Controlled lifecycle state,Confidential accountability record,No,Direct tenant_id,Compliance; DPO; security; authorised auditor,Contract/legal obligation/legitimate interests as documented; never infer consent from notice acknowledgement,Statutory/contractual accountability schedule,Mutable through audited service command,Encrypted and integrity protected,Required for create/update/delete/read-export where material
governance,risk_controls,"AI lifecycle risks, controls, tests and residual risk",created_at,timestamptz,No,now(),No,,No,Immutable record creation time in UTC,Confidential accountability record,No,Direct tenant_id,Compliance; DPO; security; authorised auditor,Contract/legal obligation/legitimate interests as documented; never infer consent from notice acknowledgement,Statutory/contractual accountability schedule,Append-only / immutable,Encrypted and integrity protected,Required for create/update/delete/read-export where material
governance,risk_controls,"AI lifecycle risks, controls, tests and residual risk",updated_at,timestamptz,No,now(),No,,No,Last mutable update time in UTC,Confidential accountability record,No,Direct tenant_id,Compliance; DPO; security; authorised auditor,Contract/legal obligation/legitimate interests as documented; never infer consent from notice acknowledgement,Statutory/contractual accountability schedule,Mutable through audited service command,Encrypted and integrity protected,Required for create/update/delete/read-export where material
governance,risks,Lifecycle risk register,id,uuid,No,gen_random_uuid(),Yes,,No,Stable record identifier,Confidential accountability record,No,Direct tenant_id,Compliance; DPO; security; authorised auditor,Contract/legal obligation/legitimate interests as documented; never infer consent from notice acknowledgement,Statutory/contractual accountability schedule,Mutable through audited service command,Encrypted and integrity protected,Required for create/update/delete/read-export where material
governance,risks,Lifecycle risk register,tenant_id,uuid,Yes,,No,tenant.organizations(id),Composite/Yes,Employer tenant isolation key,Confidential accountability record,No,Direct tenant_id,Compliance; DPO; security; authorised auditor,Contract/legal obligation/legitimate interests as documented; never infer consent from notice acknowledgement,Statutory/contractual accountability schedule,Mutable through audited service command,Encrypted and integrity protected,Required for create/update/delete/read-export where material
governance,risks,Lifecycle risk register,risk_code,text,No,,No,,Composite/Yes,Risk code,Confidential accountability record,No,Direct tenant_id,Compliance; DPO; security; authorised auditor,Contract/legal obligation/legitimate interests as documented; never infer consent from notice acknowledgement,Statutory/contractual accountability schedule,Mutable through audited service command,Encrypted and integrity protected,Required for create/update/delete/read-export where material
governance,risks,Lifecycle risk register,category,text,No,,No,,No,Category,Confidential accountability record,No,Direct tenant_id,Compliance; DPO; security; authorised auditor,Contract/legal obligation/legitimate interests as documented; never infer consent from notice acknowledgement,Statutory/contractual accountability schedule,Mutable through audited service command,Encrypted and integrity protected,Required for create/update/delete/read-export where material
governance,risks,Lifecycle risk register,description,text,No,,No,,No,Description,Confidential accountability record,No,Direct tenant_id,Compliance; DPO; security; authorised auditor,Contract/legal obligation/legitimate interests as documented; never infer consent from notice acknowledgement,Statutory/contractual accountability schedule,Mutable through audited service command,Encrypted and integrity protected,Required for create/update/delete/read-export where material
governance,risks,Lifecycle risk register,likelihood,integer,No,,No,,No,Likelihood,Confidential accountability record,No,Direct tenant_id,Compliance; DPO; security; authorised auditor,Contract/legal obligation/legitimate interests as documented; never infer consent from notice acknowledgement,Statutory/contractual accountability schedule,Mutable through audited service command,Encrypted and integrity protected,Required for create/update/delete/read-export where material
governance,risks,Lifecycle risk register,severity,integer,No,,No,,No,Severity,Confidential accountability record,No,Direct tenant_id,Compliance; DPO; security; authorised auditor,Contract/legal obligation/legitimate interests as documented; never infer consent from notice acknowledgement,Statutory/contractual accountability schedule,Mutable through audited service command,Encrypted and integrity protected,Required for create/update/delete/read-export where material
governance,risks,Lifecycle risk register,controls,jsonb,No,'[]'::jsonb,No,,No,Controls,Confidential accountability record,No,Direct tenant_id,Compliance; DPO; security; authorised auditor,Contract/legal obligation/legitimate interests as documented; never infer consent from notice acknowledgement,Statutory/contractual accountability schedule,Mutable through audited service command,Encrypted and integrity protected,Required for create/update/delete/read-export where material
governance,risks,Lifecycle risk register,residual_risk,integer,Yes,,No,,No,Residual risk,Confidential accountability record,No,Direct tenant_id,Compliance; DPO; security; authorised auditor,Contract/legal obligation/legitimate interests as documented; never infer consent from notice acknowledgement,Statutory/contractual accountability schedule,Mutable through audited service command,Encrypted and integrity protected,Required for create/update/delete/read-export where material
governance,risks,Lifecycle risk register,owner_user_id,uuid,Yes,,No,iam.users(id),No,Owner user reference,Confidential accountability record,No,Direct tenant_id,Compliance; DPO; security; authorised auditor,Contract/legal obligation/legitimate interests as documented; never infer consent from notice acknowledgement,Statutory/contractual accountability schedule,Mutable through audited service command,Encrypted and integrity protected,Required for create/update/delete/read-export where material
governance,risks,Lifecycle risk register,status,text,No,,No,,No,Controlled lifecycle state,Confidential accountability record,No,Direct tenant_id,Compliance; DPO; security; authorised auditor,Contract/legal obligation/legitimate interests as documented; never infer consent from notice acknowledgement,Statutory/contractual accountability schedule,Mutable through audited service command,Encrypted and integrity protected,Required for create/update/delete/read-export where material
governance,risks,Lifecycle risk register,review_date,date,Yes,,No,,No,Review date,Confidential accountability record,No,Direct tenant_id,Compliance; DPO; security; authorised auditor,Contract/legal obligation/legitimate interests as documented; never infer consent from notice acknowledgement,Statutory/contractual accountability schedule,Mutable through audited service command,Encrypted and integrity protected,Required for create/update/delete/read-export where material
governance,risks,Lifecycle risk register,created_at,timestamptz,No,now(),No,,No,Immutable record creation time in UTC,Confidential accountability record,No,Direct tenant_id,Compliance; DPO; security; authorised auditor,Contract/legal obligation/legitimate interests as documented; never infer consent from notice acknowledgement,Statutory/contractual accountability schedule,Append-only / immutable,Encrypted and integrity protected,Required for create/update/delete/read-export where material
governance,serious_incident_reports,AI Act serious-incident assessment and reporting evidence,id,uuid,No,gen_random_uuid(),Yes,,No,Stable record identifier,Confidential accountability record,No,Direct tenant_id,Compliance; DPO; security; authorised auditor,Contract/legal obligation/legitimate interests as documented; never infer consent from notice acknowledgement,Statutory/contractual accountability schedule,Mutable through audited service command,Encrypted and integrity protected,Required for create/update/delete/read-export where material
governance,serious_incident_reports,AI Act serious-incident assessment and reporting evidence,tenant_id,uuid,Yes,,No,tenant.organizations(id),No,Employer tenant isolation key,Confidential accountability record,No,Direct tenant_id,Compliance; DPO; security; authorised auditor,Contract/legal obligation/legitimate interests as documented; never infer consent from notice acknowledgement,Statutory/contractual accountability schedule,Mutable through audited service command,Encrypted and integrity protected,Required for create/update/delete/read-export where material
governance,serious_incident_reports,AI Act serious-incident assessment and reporting evidence,ai_system_id,uuid,No,,No,governance.ai_system_records(id),No,Ai system reference,Confidential accountability record,No,Direct tenant_id,Compliance; DPO; security; authorised auditor,Contract/legal obligation/legitimate interests as documented; never infer consent from notice acknowledgement,Statutory/contractual accountability schedule,Mutable through audited service command,Encrypted and integrity protected,Required for create/update/delete/read-export where material
governance,serious_incident_reports,AI Act serious-incident assessment and reporting evidence,system_incident_id,uuid,Yes,,No,governance.system_incidents(id),No,System incident reference,Confidential accountability record,No,Direct tenant_id,Compliance; DPO; security; authorised auditor,Contract/legal obligation/legitimate interests as documented; never infer consent from notice acknowledgement,Statutory/contractual accountability schedule,Mutable through audited service command,Encrypted and integrity protected,Required for create/update/delete/read-export where material
governance,serious_incident_reports,AI Act serious-incident assessment and reporting evidence,assessment,text,No,,No,,No,Assessment,Confidential accountability record,No,Direct tenant_id,Compliance; DPO; security; authorised auditor,Contract/legal obligation/legitimate interests as documented; never infer consent from notice acknowledgement,Statutory/contractual accountability schedule,Mutable through audited service command,Encrypted and integrity protected,Required for create/update/delete/read-export where material
governance,serious_incident_reports,AI Act serious-incident assessment and reporting evidence,serious_incident,boolean,No,,No,,No,Serious incident,Confidential accountability record,No,Direct tenant_id,Compliance; DPO; security; authorised auditor,Contract/legal obligation/legitimate interests as documented; never infer consent from notice acknowledgement,Statutory/contractual accountability schedule,Mutable through audited service command,Encrypted and integrity protected,Required for create/update/delete/read-export where material
governance,serious_incident_reports,AI Act serious-incident assessment and reporting evidence,affected_people,jsonb,No,,No,,No,Affected people,Confidential accountability record,No,Direct tenant_id,Compliance; DPO; security; authorised auditor,Contract/legal obligation/legitimate interests as documented; never infer consent from notice acknowledgement,Statutory/contractual accountability schedule,Mutable through audited service command,Encrypted and integrity protected,Required for create/update/delete/read-export where material
governance,serious_incident_reports,AI Act serious-incident assessment and reporting evidence,provider_notified_at,timestamptz,Yes,,No,,No,Provider notified timestamp,Confidential accountability record,No,Direct tenant_id,Compliance; DPO; security; authorised auditor,Contract/legal obligation/legitimate interests as documented; never infer consent from notice acknowledgement,Statutory/contractual accountability schedule,Mutable through audited service command,Encrypted and integrity protected,Required for create/update/delete/read-export where material
governance,serious_incident_reports,AI Act serious-incident assessment and reporting evidence,deployer_notified_at,timestamptz,Yes,,No,,No,Deployer notified timestamp,Confidential accountability record,No,Direct tenant_id,Compliance; DPO; security; authorised auditor,Contract/legal obligation/legitimate interests as documented; never infer consent from notice acknowledgement,Statutory/contractual accountability schedule,Mutable through audited service command,Encrypted and integrity protected,Required for create/update/delete/read-export where material
governance,serious_incident_reports,AI Act serious-incident assessment and reporting evidence,authority_notified_at,timestamptz,Yes,,No,,No,Authority notified timestamp,Confidential accountability record,No,Direct tenant_id,Compliance; DPO; security; authorised auditor,Contract/legal obligation/legitimate interests as documented; never infer consent from notice acknowledgement,Statutory/contractual accountability schedule,Mutable through audited service command,Encrypted and integrity protected,Required for create/update/delete/read-export where material
governance,serious_incident_reports,AI Act serious-incident assessment and reporting evidence,authority_reference,text,Yes,,No,,No,Authority reference,Confidential accountability record,No,Direct tenant_id,Compliance; DPO; security; authorised auditor,Contract/legal obligation/legitimate interests as documented; never infer consent from notice acknowledgement,Statutory/contractual accountability schedule,Mutable through audited service command,Encrypted and integrity protected,Required for create/update/delete/read-export where material
governance,serious_incident_reports,AI Act serious-incident assessment and reporting evidence,status,text,No,,No,,No,Controlled lifecycle state,Confidential accountability record,No,Direct tenant_id,Compliance; DPO; security; authorised auditor,Contract/legal obligation/legitimate interests as documented; never infer consent from notice acknowledgement,Statutory/contractual accountability schedule,Mutable through audited service command,Encrypted and integrity protected,Required for create/update/delete/read-export where material
governance,serious_incident_reports,AI Act serious-incident assessment and reporting evidence,owner_user_id,uuid,No,,No,iam.users(id),No,Owner user reference,Confidential accountability record,No,Direct tenant_id,Compliance; DPO; security; authorised auditor,Contract/legal obligation/legitimate interests as documented; never infer consent from notice acknowledgement,Statutory/contractual accountability schedule,Mutable through audited service command,Encrypted and integrity protected,Required for create/update/delete/read-export where material
governance,serious_incident_reports,AI Act serious-incident assessment and reporting evidence,created_at,timestamptz,No,now(),No,,No,Immutable record creation time in UTC,Confidential accountability record,No,Direct tenant_id,Compliance; DPO; security; authorised auditor,Contract/legal obligation/legitimate interests as documented; never infer consent from notice acknowledgement,Statutory/contractual accountability schedule,Append-only / immutable,Encrypted and integrity protected,Required for create/update/delete/read-export where material
governance,serious_incident_reports,AI Act serious-incident assessment and reporting evidence,closed_at,timestamptz,Yes,,No,,No,Closed timestamp,Confidential accountability record,No,Direct tenant_id,Compliance; DPO; security; authorised auditor,Contract/legal obligation/legitimate interests as documented; never infer consent from notice acknowledgement,Statutory/contractual accountability schedule,Mutable through audited service command,Encrypted and integrity protected,Required for create/update/delete/read-export where material
governance,system_incidents,Operational and security incident record,id,uuid,No,gen_random_uuid(),Yes,,No,Stable record identifier,Confidential accountability record,No,Direct tenant_id,Compliance; DPO; security; authorised auditor,Contract/legal obligation/legitimate interests as documented; never infer consent from notice acknowledgement,Statutory/contractual accountability schedule,Mutable through audited service command,Encrypted and integrity protected,Required for create/update/delete/read-export where material
governance,system_incidents,Operational and security incident record,tenant_id,uuid,Yes,,No,tenant.organizations(id),No,Employer tenant isolation key,Confidential accountability record,No,Direct tenant_id,Compliance; DPO; security; authorised auditor,Contract/legal obligation/legitimate interests as documented; never infer consent from notice acknowledgement,Statutory/contractual accountability schedule,Mutable through audited service command,Encrypted and integrity protected,Required for create/update/delete/read-export where material
governance,system_incidents,Operational and security incident record,incident_code,text,No,,No,,Yes,Incident code,Confidential accountability record,No,Direct tenant_id,Compliance; DPO; security; authorised auditor,Contract/legal obligation/legitimate interests as documented; never infer consent from notice acknowledgement,Statutory/contractual accountability schedule,Mutable through audited service command,Encrypted and integrity protected,Required for create/update/delete/read-export where material
governance,system_incidents,Operational and security incident record,incident_type,text,No,,No,,No,Incident type,Confidential accountability record,No,Direct tenant_id,Compliance; DPO; security; authorised auditor,Contract/legal obligation/legitimate interests as documented; never infer consent from notice acknowledgement,Statutory/contractual accountability schedule,Mutable through audited service command,Encrypted and integrity protected,Required for create/update/delete/read-export where material
governance,system_incidents,Operational and security incident record,severity,text,No,,No,,No,Severity,Confidential accountability record,No,Direct tenant_id,Compliance; DPO; security; authorised auditor,Contract/legal obligation/legitimate interests as documented; never infer consent from notice acknowledgement,Statutory/contractual accountability schedule,Mutable through audited service command,Encrypted and integrity protected,Required for create/update/delete/read-export where material
governance,system_incidents,Operational and security incident record,status,text,No,,No,,No,Controlled lifecycle state,Confidential accountability record,No,Direct tenant_id,Compliance; DPO; security; authorised auditor,Contract/legal obligation/legitimate interests as documented; never infer consent from notice acknowledgement,Statutory/contractual accountability schedule,Mutable through audited service command,Encrypted and integrity protected,Required for create/update/delete/read-export where material
governance,system_incidents,Operational and security incident record,started_at,timestamptz,No,,No,,No,Started timestamp,Confidential accountability record,No,Direct tenant_id,Compliance; DPO; security; authorised auditor,Contract/legal obligation/legitimate interests as documented; never infer consent from notice acknowledgement,Statutory/contractual accountability schedule,Mutable through audited service command,Encrypted and integrity protected,Required for create/update/delete/read-export where material
governance,system_incidents,Operational and security incident record,contained_at,timestamptz,Yes,,No,,No,Contained timestamp,Confidential accountability record,No,Direct tenant_id,Compliance; DPO; security; authorised auditor,Contract/legal obligation/legitimate interests as documented; never infer consent from notice acknowledgement,Statutory/contractual accountability schedule,Mutable through audited service command,Encrypted and integrity protected,Required for create/update/delete/read-export where material
governance,system_incidents,Operational and security incident record,resolved_at,timestamptz,Yes,,No,,No,Resolved timestamp,Confidential accountability record,No,Direct tenant_id,Compliance; DPO; security; authorised auditor,Contract/legal obligation/legitimate interests as documented; never infer consent from notice acknowledgement,Statutory/contractual accountability schedule,Mutable through audited service command,Encrypted and integrity protected,Required for create/update/delete/read-export where material
governance,system_incidents,Operational and security incident record,summary,text,No,,No,,No,Summary,Confidential accountability record,No,Direct tenant_id,Compliance; DPO; security; authorised auditor,Contract/legal obligation/legitimate interests as documented; never infer consent from notice acknowledgement,Statutory/contractual accountability schedule,Mutable through audited service command,Encrypted and integrity protected,Required for create/update/delete/read-export where material
governance,system_incidents,Operational and security incident record,affected_components,jsonb,No,'[]'::jsonb,No,,No,Affected components,Confidential accountability record,No,Direct tenant_id,Compliance; DPO; security; authorised auditor,Contract/legal obligation/legitimate interests as documented; never infer consent from notice acknowledgement,Statutory/contractual accountability schedule,Mutable through audited service command,Encrypted and integrity protected,Required for create/update/delete/read-export where material
governance,system_incidents,Operational and security incident record,affected_tenants,jsonb,No,'[]'::jsonb,No,,No,Affected tenants,Confidential accountability record,No,Direct tenant_id,Compliance; DPO; security; authorised auditor,Contract/legal obligation/legitimate interests as documented; never infer consent from notice acknowledgement,Statutory/contractual accountability schedule,Mutable through audited service command,Encrypted and integrity protected,Required for create/update/delete/read-export where material
governance,system_incidents,Operational and security incident record,regulatory_assessment,jsonb,No,'{}'::jsonb,No,,No,Regulatory assessment,Confidential accountability record,No,Direct tenant_id,Compliance; DPO; security; authorised auditor,Contract/legal obligation/legitimate interests as documented; never infer consent from notice acknowledgement,Statutory/contractual accountability schedule,Mutable through audited service command,Encrypted and integrity protected,Required for create/update/delete/read-export where material
governance,technical_document_versions,Annex IV technical documentation versions,id,uuid,No,gen_random_uuid(),Yes,,No,Stable record identifier,Confidential accountability record,No,Inherited/global; service policy required,Compliance; DPO; security; authorised auditor,Contract/legal obligation/legitimate interests as documented; never infer consent from notice acknowledgement,Statutory/contractual accountability schedule,Mutable through audited service command,Encrypted and integrity protected,Required for create/update/delete/read-export where material
governance,technical_document_versions,Annex IV technical documentation versions,ai_system_id,uuid,No,,No,governance.ai_system_records(id),Composite/Yes,Ai system reference,Confidential accountability record,No,Inherited/global; service policy required,Compliance; DPO; security; authorised auditor,Contract/legal obligation/legitimate interests as documented; never infer consent from notice acknowledgement,Statutory/contractual accountability schedule,Mutable through audited service command,Encrypted and integrity protected,Required for create/update/delete/read-export where material
governance,technical_document_versions,Annex IV technical documentation versions,version_no,integer,No,,No,,Composite/Yes,Version no,Confidential accountability record,No,Inherited/global; service policy required,Compliance; DPO; security; authorised auditor,Contract/legal obligation/legitimate interests as documented; never infer consent from notice acknowledgement,Statutory/contractual accountability schedule,Mutable through audited service command,Encrypted and integrity protected,Required for create/update/delete/read-export where material
governance,technical_document_versions,Annex IV technical documentation versions,release_version,text,No,,No,,No,Release version,Confidential accountability record,No,Inherited/global; service policy required,Compliance; DPO; security; authorised auditor,Contract/legal obligation/legitimate interests as documented; never infer consent from notice acknowledgement,Statutory/contractual accountability schedule,Mutable through audited service command,Encrypted and integrity protected,Required for create/update/delete/read-export where material
governance,technical_document_versions,Annex IV technical documentation versions,annex_iv_manifest,jsonb,No,,No,,No,Annex iv manifest,Confidential accountability record,No,Inherited/global; service policy required,Compliance; DPO; security; authorised auditor,Contract/legal obligation/legitimate interests as documented; never infer consent from notice acknowledgement,Statutory/contractual accountability schedule,Mutable through audited service command,Encrypted and integrity protected,Required for create/update/delete/read-export where material
governance,technical_document_versions,Annex IV technical documentation versions,object_uri,text,No,,No,,No,Object uri,Confidential accountability record,No,Inherited/global; service policy required,Compliance; DPO; security; authorised auditor,Contract/legal obligation/legitimate interests as documented; never infer consent from notice acknowledgement,Statutory/contractual accountability schedule,Mutable through audited service command,Encrypted and integrity protected,Required for create/update/delete/read-export where material
governance,technical_document_versions,Annex IV technical documentation versions,sha256,text,No,,No,,No,Sha256,Confidential accountability record,No,Inherited/global; service policy required,Compliance; DPO; security; authorised auditor,Contract/legal obligation/legitimate interests as documented; never infer consent from notice acknowledgement,Statutory/contractual accountability schedule,Mutable through audited service command,Encrypted and integrity protected,Required for create/update/delete/read-export where material
governance,technical_document_versions,Annex IV technical documentation versions,status,text,No,,No,,No,Controlled lifecycle state,Confidential accountability record,No,Inherited/global; service policy required,Compliance; DPO; security; authorised auditor,Contract/legal obligation/legitimate interests as documented; never infer consent from notice acknowledgement,Statutory/contractual accountability schedule,Mutable through audited service command,Encrypted and integrity protected,Required for create/update/delete/read-export where material
governance,technical_document_versions,Annex IV technical documentation versions,prepared_by,uuid,No,,No,iam.users(id),No,Prepared by,Confidential accountability record,No,Inherited/global; service policy required,Compliance; DPO; security; authorised auditor,Contract/legal obligation/legitimate interests as documented; never infer consent from notice acknowledgement,Statutory/contractual accountability schedule,Mutable through audited service command,Encrypted and integrity protected,Required for create/update/delete/read-export where material
governance,technical_document_versions,Annex IV technical documentation versions,approved_by,uuid,Yes,,No,iam.users(id),No,Approved by,Confidential accountability record,No,Inherited/global; service policy required,Compliance; DPO; security; authorised auditor,Contract/legal obligation/legitimate interests as documented; never infer consent from notice acknowledgement,Statutory/contractual accountability schedule,Mutable through audited service command,Encrypted and integrity protected,Required for create/update/delete/read-export where material
governance,technical_document_versions,Annex IV technical documentation versions,created_at,timestamptz,No,now(),No,,No,Immutable record creation time in UTC,Confidential accountability record,No,Inherited/global; service policy required,Compliance; DPO; security; authorised auditor,Contract/legal obligation/legitimate interests as documented; never infer consent from notice acknowledgement,Statutory/contractual accountability schedule,Append-only / immutable,Encrypted and integrity protected,Required for create/update/delete/read-export where material
governance,technical_document_versions,Annex IV technical documentation versions,approved_at,timestamptz,Yes,,No,,No,Approved timestamp,Confidential accountability record,No,Inherited/global; service policy required,Compliance; DPO; security; authorised auditor,Contract/legal obligation/legitimate interests as documented; never infer consent from notice acknowledgement,Statutory/contractual accountability schedule,Mutable through audited service command,Encrypted and integrity protected,Required for create/update/delete/read-export where material
governance,vendor_evidence,"Vendor, model, subprocessor, contract and exit evidence",id,uuid,No,gen_random_uuid(),Yes,,No,Stable record identifier,Confidential accountability record,No,Inherited/global; service policy required,Compliance; DPO; security; authorised auditor,Contract/legal obligation/legitimate interests as documented; never infer consent from notice acknowledgement,Statutory/contractual accountability schedule,Mutable through audited service command,Encrypted and integrity protected,Required for create/update/delete/read-export where material
governance,vendor_evidence,"Vendor, model, subprocessor, contract and exit evidence",vendor_code,text,No,,No,,Composite/Yes,Vendor code,Confidential accountability record,No,Inherited/global; service policy required,Compliance; DPO; security; authorised auditor,Contract/legal obligation/legitimate interests as documented; never infer consent from notice acknowledgement,Statutory/contractual accountability schedule,Mutable through audited service command,Encrypted and integrity protected,Required for create/update/delete/read-export where material
governance,vendor_evidence,"Vendor, model, subprocessor, contract and exit evidence",service_code,text,No,,No,,Composite/Yes,Service code,Confidential accountability record,No,Inherited/global; service policy required,Compliance; DPO; security; authorised auditor,Contract/legal obligation/legitimate interests as documented; never infer consent from notice acknowledgement,Statutory/contractual accountability schedule,Mutable through audited service command,Encrypted and integrity protected,Required for create/update/delete/read-export where material
governance,vendor_evidence,"Vendor, model, subprocessor, contract and exit evidence",evidence_version,integer,No,,No,,Composite/Yes,Evidence version,Confidential accountability record,No,Inherited/global; service policy required,Compliance; DPO; security; authorised auditor,Contract/legal obligation/legitimate interests as documented; never infer consent from notice acknowledgement,Statutory/contractual accountability schedule,Mutable through audited service command,Encrypted and integrity protected,Required for create/update/delete/read-export where material
governance,vendor_evidence,"Vendor, model, subprocessor, contract and exit evidence",legal_entity,text,No,,No,,No,Legal entity,Confidential accountability record,No,Inherited/global; service policy required,Compliance; DPO; security; authorised auditor,Contract/legal obligation/legitimate interests as documented; never infer consent from notice acknowledgement,Statutory/contractual accountability schedule,Mutable through audited service command,Encrypted and integrity protected,Required for create/update/delete/read-export where material
governance,vendor_evidence,"Vendor, model, subprocessor, contract and exit evidence",ai_act_role,text,No,,No,,No,Ai act role,Confidential accountability record,No,Inherited/global; service policy required,Compliance; DPO; security; authorised auditor,Contract/legal obligation/legitimate interests as documented; never infer consent from notice acknowledgement,Statutory/contractual accountability schedule,Mutable through audited service command,Encrypted and integrity protected,Required for create/update/delete/read-export where material
governance,vendor_evidence,"Vendor, model, subprocessor, contract and exit evidence",gdpr_role,text,No,,No,,No,Gdpr role,Confidential accountability record,No,Inherited/global; service policy required,Compliance; DPO; security; authorised auditor,Contract/legal obligation/legitimate interests as documented; never infer consent from notice acknowledgement,Statutory/contractual accountability schedule,Mutable through audited service command,Encrypted and integrity protected,Required for create/update/delete/read-export where material
governance,vendor_evidence,"Vendor, model, subprocessor, contract and exit evidence",data_locations,jsonb,No,,No,,No,Data locations,Confidential accountability record,No,Inherited/global; service policy required,Compliance; DPO; security; authorised auditor,Contract/legal obligation/legitimate interests as documented; never infer consent from notice acknowledgement,Statutory/contractual accountability schedule,Mutable through audited service command,Encrypted and integrity protected,Required for create/update/delete/read-export where material
governance,vendor_evidence,"Vendor, model, subprocessor, contract and exit evidence",subprocessors,jsonb,No,,No,,No,Subprocessors,Confidential accountability record,No,Inherited/global; service policy required,Compliance; DPO; security; authorised auditor,Contract/legal obligation/legitimate interests as documented; never infer consent from notice acknowledgement,Statutory/contractual accountability schedule,Mutable through audited service command,Encrypted and integrity protected,Required for create/update/delete/read-export where material
governance,vendor_evidence,"Vendor, model, subprocessor, contract and exit evidence",transfer_mechanism,text,Yes,,No,,No,Transfer mechanism,Confidential accountability record,No,Inherited/global; service policy required,Compliance; DPO; security; authorised auditor,Contract/legal obligation/legitimate interests as documented; never infer consent from notice acknowledgement,Statutory/contractual accountability schedule,Mutable through audited service command,Encrypted and integrity protected,Required for create/update/delete/read-export where material
governance,vendor_evidence,"Vendor, model, subprocessor, contract and exit evidence",training_use,text,No,,No,,No,Training use,Confidential accountability record,No,Inherited/global; service policy required,Compliance; DPO; security; authorised auditor,Contract/legal obligation/legitimate interests as documented; never infer consent from notice acknowledgement,Statutory/contractual accountability schedule,Mutable through audited service command,Encrypted and integrity protected,Required for create/update/delete/read-export where material
governance,vendor_evidence,"Vendor, model, subprocessor, contract and exit evidence",retention,text,No,,No,,No,Retention,Confidential accountability record,No,Inherited/global; service policy required,Compliance; DPO; security; authorised auditor,Contract/legal obligation/legitimate interests as documented; never infer consent from notice acknowledgement,Statutory/contractual accountability schedule,Mutable through audited service command,Encrypted and integrity protected,Required for create/update/delete/read-export where material
governance,vendor_evidence,"Vendor, model, subprocessor, contract and exit evidence",deletion,text,No,,No,,No,Deletion,Confidential accountability record,No,Inherited/global; service policy required,Compliance; DPO; security; authorised auditor,Contract/legal obligation/legitimate interests as documented; never infer consent from notice acknowledgement,Statutory/contractual accountability schedule,Mutable through audited service command,Encrypted and integrity protected,Required for create/update/delete/read-export where material
governance,vendor_evidence,"Vendor, model, subprocessor, contract and exit evidence",security_evidence,jsonb,No,,No,,No,Security evidence,Confidential accountability record,No,Inherited/global; service policy required,Compliance; DPO; security; authorised auditor,Contract/legal obligation/legitimate interests as documented; never infer consent from notice acknowledgement,Statutory/contractual accountability schedule,Mutable through audited service command,Encrypted and integrity protected,Required for create/update/delete/read-export where material
governance,vendor_evidence,"Vendor, model, subprocessor, contract and exit evidence",model_documentation,jsonb,No,,No,,No,Model documentation,Confidential accountability record,No,Inherited/global; service policy required,Compliance; DPO; security; authorised auditor,Contract/legal obligation/legitimate interests as documented; never infer consent from notice acknowledgement,Statutory/contractual accountability schedule,Mutable through audited service command,Encrypted and integrity protected,Required for create/update/delete/read-export where material
governance,vendor_evidence,"Vendor, model, subprocessor, contract and exit evidence",limitations,jsonb,No,,No,,No,Limitations,Confidential accountability record,No,Inherited/global; service policy required,Compliance; DPO; security; authorised auditor,Contract/legal obligation/legitimate interests as documented; never infer consent from notice acknowledgement,Statutory/contractual accountability schedule,Mutable through audited service command,Encrypted and integrity protected,Required for create/update/delete/read-export where material
governance,vendor_evidence,"Vendor, model, subprocessor, contract and exit evidence",change_notice,text,No,,No,,No,Change notice,Confidential accountability record,No,Inherited/global; service policy required,Compliance; DPO; security; authorised auditor,Contract/legal obligation/legitimate interests as documented; never infer consent from notice acknowledgement,Statutory/contractual accountability schedule,Mutable through audited service command,Encrypted and integrity protected,Required for create/update/delete/read-export where material
governance,vendor_evidence,"Vendor, model, subprocessor, contract and exit evidence",incident_notice,text,No,,No,,No,Incident notice,Confidential accountability record,No,Inherited/global; service policy required,Compliance; DPO; security; authorised auditor,Contract/legal obligation/legitimate interests as documented; never infer consent from notice acknowledgement,Statutory/contractual accountability schedule,Mutable through audited service command,Encrypted and integrity protected,Required for create/update/delete/read-export where material
governance,vendor_evidence,"Vendor, model, subprocessor, contract and exit evidence",audit_rights,text,No,,No,,No,Audit rights,Confidential accountability record,No,Inherited/global; service policy required,Compliance; DPO; security; authorised auditor,Contract/legal obligation/legitimate interests as documented; never infer consent from notice acknowledgement,Statutory/contractual accountability schedule,Mutable through audited service command,Encrypted and integrity protected,Required for create/update/delete/read-export where material
governance,vendor_evidence,"Vendor, model, subprocessor, contract and exit evidence",exit_plan,text,No,,No,,No,Exit plan,Confidential accountability record,No,Inherited/global; service policy required,Compliance; DPO; security; authorised auditor,Contract/legal obligation/legitimate interests as documented; never infer consent from notice acknowledgement,Statutory/contractual accountability schedule,Mutable through audited service command,Encrypted and integrity protected,Required for create/update/delete/read-export where material
governance,vendor_evidence,"Vendor, model, subprocessor, contract and exit evidence",status,text,No,,No,,No,Controlled lifecycle state,Confidential accountability record,No,Inherited/global; service policy required,Compliance; DPO; security; authorised auditor,Contract/legal obligation/legitimate interests as documented; never infer consent from notice acknowledgement,Statutory/contractual accountability schedule,Mutable through audited service command,Encrypted and integrity protected,Required for create/update/delete/read-export where material
governance,vendor_evidence,"Vendor, model, subprocessor, contract and exit evidence",owner_user_id,uuid,No,,No,iam.users(id),No,Owner user reference,Confidential accountability record,No,Inherited/global; service policy required,Compliance; DPO; security; authorised auditor,Contract/legal obligation/legitimate interests as documented; never infer consent from notice acknowledgement,Statutory/contractual accountability schedule,Mutable through audited service command,Encrypted and integrity protected,Required for create/update/delete/read-export where material
governance,vendor_evidence,"Vendor, model, subprocessor, contract and exit evidence",approved_by,uuid,Yes,,No,iam.users(id),No,Approved by,Confidential accountability record,No,Inherited/global; service policy required,Compliance; DPO; security; authorised auditor,Contract/legal obligation/legitimate interests as documented; never infer consent from notice acknowledgement,Statutory/contractual accountability schedule,Mutable through audited service command,Encrypted and integrity protected,Required for create/update/delete/read-export where material
governance,vendor_evidence,"Vendor, model, subprocessor, contract and exit evidence",created_at,timestamptz,No,now(),No,,No,Immutable record creation time in UTC,Confidential accountability record,No,Inherited/global; service policy required,Compliance; DPO; security; authorised auditor,Contract/legal obligation/legitimate interests as documented; never infer consent from notice acknowledgement,Statutory/contractual accountability schedule,Append-only / immutable,Encrypted and integrity protected,Required for create/update/delete/read-export where material
governance,vendor_evidence,"Vendor, model, subprocessor, contract and exit evidence",approved_at,timestamptz,Yes,,No,,No,Approved timestamp,Confidential accountability record,No,Inherited/global; service policy required,Compliance; DPO; security; authorised auditor,Contract/legal obligation/legitimate interests as documented; never infer consent from notice acknowledgement,Statutory/contractual accountability schedule,Mutable through audited service command,Encrypted and integrity protected,Required for create/update/delete/read-export where material
governance,vendor_evidence,"Vendor, model, subprocessor, contract and exit evidence",review_due,date,Yes,,No,,No,Review due,Confidential accountability record,No,Inherited/global; service policy required,Compliance; DPO; security; authorised auditor,Contract/legal obligation/legitimate interests as documented; never infer consent from notice acknowledgement,Statutory/contractual accountability schedule,Mutable through audited service command,Encrypted and integrity protected,Required for create/update/delete/read-export where material
hiring,accommodations,Restricted reasonable-adjustment workflow,id,uuid,No,gen_random_uuid(),Yes,,No,Stable record identifier,Restricted special-category data,Yes,Direct tenant_id,Accommodation team / DPO only,Controller-defined GDPR Art 6 basis; Art 9 condition required,Minimum approved equality/accommodation schedule,Mutable through audited service command,Separate encrypted store and field protection,Required for create/update/delete/read-export where material
hiring,accommodations,Restricted reasonable-adjustment workflow,tenant_id,uuid,No,,No,tenant.organizations(id),No,Employer tenant isolation key,Restricted special-category data,Yes,Direct tenant_id,Accommodation team / DPO only,Controller-defined GDPR Art 6 basis; Art 9 condition required,Minimum approved equality/accommodation schedule,Mutable through audited service command,Separate encrypted store and field protection,Required for create/update/delete/read-export where material
hiring,accommodations,Restricted reasonable-adjustment workflow,application_id,uuid,No,,No,hiring.applications(id),No,Hiring application reference,Restricted special-category data,Yes,Direct tenant_id,Accommodation team / DPO only,Controller-defined GDPR Art 6 basis; Art 9 condition required,Minimum approved equality/accommodation schedule,Mutable through audited service command,Separate encrypted store and field protection,Required for create/update/delete/read-export where material
hiring,accommodations,Restricted reasonable-adjustment workflow,request_summary,text,No,,No,,No,Request summary,Restricted special-category data,Yes,Direct tenant_id,Accommodation team / DPO only,Controller-defined GDPR Art 6 basis; Art 9 condition required,Minimum approved equality/accommodation schedule,Mutable through audited service command,Separate encrypted store and field protection,Required for create/update/delete/read-export where material
hiring,accommodations,Restricted reasonable-adjustment workflow,encrypted_details,bytea,Yes,,No,,No,Encrypted details,Restricted special-category data,Yes,Direct tenant_id,Accommodation team / DPO only,Controller-defined GDPR Art 6 basis; Art 9 condition required,Minimum approved equality/accommodation schedule,Mutable through audited service command,Separate encrypted store and field protection,Required for create/update/delete/read-export where material
hiring,accommodations,Restricted reasonable-adjustment workflow,operational_adjustments,jsonb,No,'{}'::jsonb,No,,No,Operational adjustments,Restricted special-category data,Yes,Direct tenant_id,Accommodation team / DPO only,Controller-defined GDPR Art 6 basis; Art 9 condition required,Minimum approved equality/accommodation schedule,Mutable through audited service command,Separate encrypted store and field protection,Required for create/update/delete/read-export where material
hiring,accommodations,Restricted reasonable-adjustment workflow,status,text,No,,No,,No,Controlled lifecycle state,Restricted special-category data,Yes,Direct tenant_id,Accommodation team / DPO only,Controller-defined GDPR Art 6 basis; Art 9 condition required,Minimum approved equality/accommodation schedule,Mutable through audited service command,Separate encrypted store and field protection,Required for create/update/delete/read-export where material
hiring,accommodations,Restricted reasonable-adjustment workflow,reviewed_by,uuid,Yes,,No,iam.users(id),No,Reviewed by,Restricted special-category data,Yes,Direct tenant_id,Accommodation team / DPO only,Controller-defined GDPR Art 6 basis; Art 9 condition required,Minimum approved equality/accommodation schedule,Mutable through audited service command,Separate encrypted store and field protection,Required for create/update/delete/read-export where material
hiring,accommodations,Restricted reasonable-adjustment workflow,reviewed_at,timestamptz,Yes,,No,,No,Reviewed timestamp,Restricted special-category data,Yes,Direct tenant_id,Accommodation team / DPO only,Controller-defined GDPR Art 6 basis; Art 9 condition required,Minimum approved equality/accommodation schedule,Mutable through audited service command,Separate encrypted store and field protection,Required for create/update/delete/read-export where material
hiring,accommodations,Restricted reasonable-adjustment workflow,created_at,timestamptz,No,now(),No,,No,Immutable record creation time in UTC,Restricted special-category data,Yes,Direct tenant_id,Accommodation team / DPO only,Controller-defined GDPR Art 6 basis; Art 9 condition required,Minimum approved equality/accommodation schedule,Append-only / immutable,Separate encrypted store and field protection,Required for create/update/delete/read-export where material
hiring,accommodations,Restricted reasonable-adjustment workflow,updated_at,timestamptz,No,now(),No,,No,Last mutable update time in UTC,Restricted special-category data,Yes,Direct tenant_id,Accommodation team / DPO only,Controller-defined GDPR Art 6 basis; Art 9 condition required,Minimum approved equality/accommodation schedule,Mutable through audited service command,Separate encrypted store and field protection,Required for create/update/delete/read-export where material
hiring,applications,Candidate-campaign relationship and status,id,uuid,No,gen_random_uuid(),Yes,,No,Stable record identifier,Internal operational data,No,Direct tenant_id,Authorised role by tenant and purpose,Contract/legal obligation/legitimate interests as documented; never infer consent from notice acknowledgement,Entity lifecycle schedule,Mutable through audited service command,Encrypted at rest and in transit,Required for create/update/delete/read-export where material
hiring,applications,Candidate-campaign relationship and status,tenant_id,uuid,No,,No,tenant.organizations(id),No,Employer tenant isolation key,Internal operational data,No,Direct tenant_id,Authorised role by tenant and purpose,Contract/legal obligation/legitimate interests as documented; never infer consent from notice acknowledgement,Entity lifecycle schedule,Mutable through audited service command,Encrypted at rest and in transit,Required for create/update/delete/read-export where material
hiring,applications,Candidate-campaign relationship and status,campaign_id,uuid,No,,No,hiring.campaigns(id),Composite/Yes,Campaign reference,Internal operational data,No,Direct tenant_id,Authorised role by tenant and purpose,Contract/legal obligation/legitimate interests as documented; never infer consent from notice acknowledgement,Entity lifecycle schedule,Mutable through audited service command,Encrypted at rest and in transit,Required for create/update/delete/read-export where material
hiring,applications,Candidate-campaign relationship and status,candidate_id,uuid,No,,No,hiring.candidates(id),Composite/Yes,Tenant-local candidate reference,Internal operational data,No,Direct tenant_id,Authorised role by tenant and purpose,Contract/legal obligation/legitimate interests as documented; never infer consent from notice acknowledgement,Entity lifecycle schedule,Mutable through audited service command,Encrypted at rest and in transit,Required for create/update/delete/read-export where material
hiring,applications,Candidate-campaign relationship and status,status,text,No,,No,,No,Controlled lifecycle state,Internal operational data,No,Direct tenant_id,Authorised role by tenant and purpose,Contract/legal obligation/legitimate interests as documented; never infer consent from notice acknowledgement,Entity lifecycle schedule,Mutable through audited service command,Encrypted at rest and in transit,Required for create/update/delete/read-export where material
hiring,applications,Candidate-campaign relationship and status,source,text,No,'manual',No,,No,Source,Internal operational data,No,Direct tenant_id,Authorised role by tenant and purpose,Contract/legal obligation/legitimate interests as documented; never infer consent from notice acknowledgement,Entity lifecycle schedule,Mutable through audited service command,Encrypted at rest and in transit,Required for create/update/delete/read-export where material
hiring,applications,Candidate-campaign relationship and status,source_reference,text,Yes,,No,,No,Source reference,Internal operational data,No,Direct tenant_id,Authorised role by tenant and purpose,Contract/legal obligation/legitimate interests as documented; never infer consent from notice acknowledgement,Entity lifecycle schedule,Mutable through audited service command,Encrypted at rest and in transit,Required for create/update/delete/read-export where material
hiring,applications,Candidate-campaign relationship and status,created_at,timestamptz,No,now(),No,,No,Immutable record creation time in UTC,Internal operational data,No,Direct tenant_id,Authorised role by tenant and purpose,Contract/legal obligation/legitimate interests as documented; never infer consent from notice acknowledgement,Entity lifecycle schedule,Append-only / immutable,Encrypted at rest and in transit,Required for create/update/delete/read-export where material
hiring,applications,Candidate-campaign relationship and status,updated_at,timestamptz,No,now(),No,,No,Last mutable update time in UTC,Internal operational data,No,Direct tenant_id,Authorised role by tenant and purpose,Contract/legal obligation/legitimate interests as documented; never infer consent from notice acknowledgement,Entity lifecycle schedule,Mutable through audited service command,Encrypted at rest and in transit,Required for create/update/delete/read-export where material
hiring,assessment_bookings,Candidate assessment scheduling and rescheduling,id,uuid,No,gen_random_uuid(),Yes,,No,Stable record identifier,Internal operational data,No,Direct tenant_id,Authorised role by tenant and purpose,Contract/legal obligation/legitimate interests as documented; never infer consent from notice acknowledgement,Entity lifecycle schedule,Mutable through audited service command,Encrypted at rest and in transit,Required for create/update/delete/read-export where material
hiring,assessment_bookings,Candidate assessment scheduling and rescheduling,tenant_id,uuid,No,,No,tenant.organizations(id),No,Employer tenant isolation key,Internal operational data,No,Direct tenant_id,Authorised role by tenant and purpose,Contract/legal obligation/legitimate interests as documented; never infer consent from notice acknowledgement,Entity lifecycle schedule,Mutable through audited service command,Encrypted at rest and in transit,Required for create/update/delete/read-export where material
hiring,assessment_bookings,Candidate assessment scheduling and rescheduling,application_id,uuid,No,,No,hiring.applications(id),No,Hiring application reference,Internal operational data,No,Direct tenant_id,Authorised role by tenant and purpose,Contract/legal obligation/legitimate interests as documented; never infer consent from notice acknowledgement,Entity lifecycle schedule,Mutable through audited service command,Encrypted at rest and in transit,Required for create/update/delete/read-export where material
hiring,assessment_bookings,Candidate assessment scheduling and rescheduling,start_at,timestamptz,No,,No,,No,Start timestamp,Internal operational data,No,Direct tenant_id,Authorised role by tenant and purpose,Contract/legal obligation/legitimate interests as documented; never infer consent from notice acknowledgement,Entity lifecycle schedule,Mutable through audited service command,Encrypted at rest and in transit,Required for create/update/delete/read-export where material
hiring,assessment_bookings,Candidate assessment scheduling and rescheduling,end_at,timestamptz,No,,No,,No,End timestamp,Internal operational data,No,Direct tenant_id,Authorised role by tenant and purpose,Contract/legal obligation/legitimate interests as documented; never infer consent from notice acknowledgement,Entity lifecycle schedule,Mutable through audited service command,Encrypted at rest and in transit,Required for create/update/delete/read-export where material
hiring,assessment_bookings,Candidate assessment scheduling and rescheduling,candidate_timezone,text,No,,No,,No,Candidate timezone,Internal operational data,No,Direct tenant_id,Authorised role by tenant and purpose,Contract/legal obligation/legitimate interests as documented; never infer consent from notice acknowledgement,Entity lifecycle schedule,Mutable through audited service command,Encrypted at rest and in transit,Required for create/update/delete/read-export where material
hiring,assessment_bookings,Candidate assessment scheduling and rescheduling,status,text,No,,No,,No,Controlled lifecycle state,Internal operational data,No,Direct tenant_id,Authorised role by tenant and purpose,Contract/legal obligation/legitimate interests as documented; never infer consent from notice acknowledgement,Entity lifecycle schedule,Mutable through audited service command,Encrypted at rest and in transit,Required for create/update/delete/read-export where material
hiring,assessment_bookings,Candidate assessment scheduling and rescheduling,reschedule_count,integer,No,0,No,,No,Reschedule count,Internal operational data,No,Direct tenant_id,Authorised role by tenant and purpose,Contract/legal obligation/legitimate interests as documented; never infer consent from notice acknowledgement,Entity lifecycle schedule,Mutable through audited service command,Encrypted at rest and in transit,Required for create/update/delete/read-export where material
hiring,assessment_bookings,Candidate assessment scheduling and rescheduling,created_by,uuid,Yes,,No,iam.users(id),No,Created by,Internal operational data,No,Direct tenant_id,Authorised role by tenant and purpose,Contract/legal obligation/legitimate interests as documented; never infer consent from notice acknowledgement,Entity lifecycle schedule,Mutable through audited service command,Encrypted at rest and in transit,Required for create/update/delete/read-export where material
hiring,assessment_bookings,Candidate assessment scheduling and rescheduling,created_at,timestamptz,No,now(),No,,No,Immutable record creation time in UTC,Internal operational data,No,Direct tenant_id,Authorised role by tenant and purpose,Contract/legal obligation/legitimate interests as documented; never infer consent from notice acknowledgement,Entity lifecycle schedule,Append-only / immutable,Encrypted at rest and in transit,Required for create/update/delete/read-export where material
hiring,assessment_bookings,Candidate assessment scheduling and rescheduling,updated_at,timestamptz,No,now(),No,,No,Last mutable update time in UTC,Internal operational data,No,Direct tenant_id,Authorised role by tenant and purpose,Contract/legal obligation/legitimate interests as documented; never infer consent from notice acknowledgement,Entity lifecycle schedule,Mutable through audited service command,Encrypted at rest and in transit,Required for create/update/delete/read-export where material
hiring,campaign_reviewers,Qualified reviewer pool per campaign,id,uuid,No,gen_random_uuid(),Yes,,No,Stable record identifier,Internal operational data,No,Direct tenant_id,Authorised role by tenant and purpose,Contract/legal obligation/legitimate interests as documented; never infer consent from notice acknowledgement,Entity lifecycle schedule,Mutable through audited service command,Encrypted at rest and in transit,Required for create/update/delete/read-export where material
hiring,campaign_reviewers,Qualified reviewer pool per campaign,tenant_id,uuid,No,,No,tenant.organizations(id),No,Employer tenant isolation key,Internal operational data,No,Direct tenant_id,Authorised role by tenant and purpose,Contract/legal obligation/legitimate interests as documented; never infer consent from notice acknowledgement,Entity lifecycle schedule,Mutable through audited service command,Encrypted at rest and in transit,Required for create/update/delete/read-export where material
hiring,campaign_reviewers,Qualified reviewer pool per campaign,campaign_id,uuid,No,,No,hiring.campaigns(id),Composite/Yes,Campaign reference,Internal operational data,No,Direct tenant_id,Authorised role by tenant and purpose,Contract/legal obligation/legitimate interests as documented; never infer consent from notice acknowledgement,Entity lifecycle schedule,Mutable through audited service command,Encrypted at rest and in transit,Required for create/update/delete/read-export where material
hiring,campaign_reviewers,Qualified reviewer pool per campaign,reviewer_profile_id,uuid,No,,No,hiring.reviewer_profiles(id),Composite/Yes,Reviewer profile reference,Internal operational data,No,Direct tenant_id,Authorised role by tenant and purpose,Contract/legal obligation/legitimate interests as documented; never infer consent from notice acknowledgement,Entity lifecycle schedule,Mutable through audited service command,Encrypted at rest and in transit,Required for create/update/delete/read-export where material
hiring,campaign_reviewers,Qualified reviewer pool per campaign,role,text,No,,No,,Composite/Yes,Role,Internal operational data,No,Direct tenant_id,Authorised role by tenant and purpose,Contract/legal obligation/legitimate interests as documented; never infer consent from notice acknowledgement,Entity lifecycle schedule,Mutable through audited service command,Encrypted at rest and in transit,Required for create/update/delete/read-export where material
hiring,campaign_reviewers,Qualified reviewer pool per campaign,conflict_status,text,No,'pending',No,,No,Conflict status,Internal operational data,No,Direct tenant_id,Authorised role by tenant and purpose,Contract/legal obligation/legitimate interests as documented; never infer consent from notice acknowledgement,Entity lifecycle schedule,Mutable through audited service command,Encrypted at rest and in transit,Required for create/update/delete/read-export where material
hiring,campaign_reviewers,Qualified reviewer pool per campaign,active,boolean,No,true,No,,No,Active,Internal operational data,No,Direct tenant_id,Authorised role by tenant and purpose,Contract/legal obligation/legitimate interests as documented; never infer consent from notice acknowledgement,Entity lifecycle schedule,Mutable through audited service command,Encrypted at rest and in transit,Required for create/update/delete/read-export where material
hiring,campaign_reviewers,Qualified reviewer pool per campaign,created_at,timestamptz,No,now(),No,,No,Immutable record creation time in UTC,Internal operational data,No,Direct tenant_id,Authorised role by tenant and purpose,Contract/legal obligation/legitimate interests as documented; never infer consent from notice acknowledgement,Entity lifecycle schedule,Append-only / immutable,Encrypted at rest and in transit,Required for create/update/delete/read-export where material
hiring,campaign_versions,"Immutable job, assessment and scoring snapshots",id,uuid,No,gen_random_uuid(),Yes,,No,Stable record identifier,Internal operational data,No,Direct tenant_id,Authorised role by tenant and purpose,Contract/legal obligation/legitimate interests as documented; never infer consent from notice acknowledgement,Entity lifecycle schedule,Mutable through audited service command,Encrypted at rest and in transit,Required for create/update/delete/read-export where material
hiring,campaign_versions,"Immutable job, assessment and scoring snapshots",campaign_id,uuid,No,,No,hiring.campaigns(id),Composite/Yes,Campaign reference,Internal operational data,No,Direct tenant_id,Authorised role by tenant and purpose,Contract/legal obligation/legitimate interests as documented; never infer consent from notice acknowledgement,Entity lifecycle schedule,Mutable through audited service command,Encrypted at rest and in transit,Required for create/update/delete/read-export where material
hiring,campaign_versions,"Immutable job, assessment and scoring snapshots",tenant_id,uuid,No,,No,tenant.organizations(id),No,Employer tenant isolation key,Internal operational data,No,Direct tenant_id,Authorised role by tenant and purpose,Contract/legal obligation/legitimate interests as documented; never infer consent from notice acknowledgement,Entity lifecycle schedule,Mutable through audited service command,Encrypted at rest and in transit,Required for create/update/delete/read-export where material
hiring,campaign_versions,"Immutable job, assessment and scoring snapshots",version_no,integer,No,,No,,Composite/Yes,Version no,Internal operational data,No,Direct tenant_id,Authorised role by tenant and purpose,Contract/legal obligation/legitimate interests as documented; never infer consent from notice acknowledgement,Entity lifecycle schedule,Mutable through audited service command,Encrypted at rest and in transit,Required for create/update/delete/read-export where material
hiring,campaign_versions,"Immutable job, assessment and scoring snapshots",job_description,text,No,,No,,No,Job description,Internal operational data,No,Direct tenant_id,Authorised role by tenant and purpose,Contract/legal obligation/legitimate interests as documented; never infer consent from notice acknowledgement,Entity lifecycle schedule,Mutable through audited service command,Encrypted at rest and in transit,Required for create/update/delete/read-export where material
hiring,campaign_versions,"Immutable job, assessment and scoring snapshots",competency_framework_version_id,uuid,No,,No,assessment.competency_framework_versions(id),No,Competency framework version reference,Internal operational data,No,Direct tenant_id,Authorised role by tenant and purpose,Contract/legal obligation/legitimate interests as documented; never infer consent from notice acknowledgement,Entity lifecycle schedule,Mutable through audited service command,Encrypted at rest and in transit,Required for create/update/delete/read-export where material
hiring,campaign_versions,"Immutable job, assessment and scoring snapshots",assessment_version_id,uuid,No,,No,assessment.assessment_versions(id),No,Assessment version reference,Internal operational data,No,Direct tenant_id,Authorised role by tenant and purpose,Contract/legal obligation/legitimate interests as documented; never infer consent from notice acknowledgement,Entity lifecycle schedule,Mutable through audited service command,Encrypted at rest and in transit,Required for create/update/delete/read-export where material
hiring,campaign_versions,"Immutable job, assessment and scoring snapshots",review_policy,jsonb,No,,No,,No,Review policy,Internal operational data,No,Direct tenant_id,Authorised role by tenant and purpose,Contract/legal obligation/legitimate interests as documented; never infer consent from notice acknowledgement,Entity lifecycle schedule,Mutable through audited service command,Encrypted at rest and in transit,Required for create/update/delete/read-export where material
hiring,campaign_versions,"Immutable job, assessment and scoring snapshots",invitation_policy,jsonb,No,'{}'::jsonb,No,,No,Invitation policy,Internal operational data,No,Direct tenant_id,Authorised role by tenant and purpose,Contract/legal obligation/legitimate interests as documented; never infer consent from notice acknowledgement,Entity lifecycle schedule,Mutable through audited service command,Encrypted at rest and in transit,Required for create/update/delete/read-export where material
hiring,campaign_versions,"Immutable job, assessment and scoring snapshots",scoring_policy,jsonb,No,,No,,No,Scoring policy,Internal operational data,No,Direct tenant_id,Authorised role by tenant and purpose,Contract/legal obligation/legitimate interests as documented; never infer consent from notice acknowledgement,Entity lifecycle schedule,Mutable through audited service command,Encrypted at rest and in transit,Required for create/update/delete/read-export where material
hiring,campaign_versions,"Immutable job, assessment and scoring snapshots",status,text,No,,No,,No,Controlled lifecycle state,Internal operational data,No,Direct tenant_id,Authorised role by tenant and purpose,Contract/legal obligation/legitimate interests as documented; never infer consent from notice acknowledgement,Entity lifecycle schedule,Mutable through audited service command,Encrypted at rest and in transit,Required for create/update/delete/read-export where material
hiring,campaign_versions,"Immutable job, assessment and scoring snapshots",created_by,uuid,No,,No,iam.users(id),No,Created by,Internal operational data,No,Direct tenant_id,Authorised role by tenant and purpose,Contract/legal obligation/legitimate interests as documented; never infer consent from notice acknowledgement,Entity lifecycle schedule,Mutable through audited service command,Encrypted at rest and in transit,Required for create/update/delete/read-export where material
hiring,campaign_versions,"Immutable job, assessment and scoring snapshots",created_at,timestamptz,No,now(),No,,No,Immutable record creation time in UTC,Internal operational data,No,Direct tenant_id,Authorised role by tenant and purpose,Contract/legal obligation/legitimate interests as documented; never infer consent from notice acknowledgement,Entity lifecycle schedule,Append-only / immutable,Encrypted at rest and in transit,Required for create/update/delete/read-export where material
hiring,campaigns,Hiring campaign identity and status,id,uuid,No,gen_random_uuid(),Yes,,No,Stable record identifier,Internal operational data,No,Direct tenant_id,Authorised role by tenant and purpose,Contract/legal obligation/legitimate interests as documented; never infer consent from notice acknowledgement,Entity lifecycle schedule,Mutable through audited service command,Encrypted at rest and in transit,Required for create/update/delete/read-export where material
hiring,campaigns,Hiring campaign identity and status,tenant_id,uuid,No,,No,tenant.organizations(id),Composite/Yes,Employer tenant isolation key,Internal operational data,No,Direct tenant_id,Authorised role by tenant and purpose,Contract/legal obligation/legitimate interests as documented; never infer consent from notice acknowledgement,Entity lifecycle schedule,Mutable through audited service command,Encrypted at rest and in transit,Required for create/update/delete/read-export where material
hiring,campaigns,Hiring campaign identity and status,department_id,uuid,Yes,,No,tenant.departments(id),No,Department reference,Internal operational data,No,Direct tenant_id,Authorised role by tenant and purpose,Contract/legal obligation/legitimate interests as documented; never infer consent from notice acknowledgement,Entity lifecycle schedule,Mutable through audited service command,Encrypted at rest and in transit,Required for create/update/delete/read-export where material
hiring,campaigns,Hiring campaign identity and status,team_id,uuid,Yes,,No,tenant.teams(id),No,Team reference,Internal operational data,No,Direct tenant_id,Authorised role by tenant and purpose,Contract/legal obligation/legitimate interests as documented; never infer consent from notice acknowledgement,Entity lifecycle schedule,Mutable through audited service command,Encrypted at rest and in transit,Required for create/update/delete/read-export where material
hiring,campaigns,Hiring campaign identity and status,owner_user_id,uuid,No,,No,iam.users(id),No,Owner user reference,Internal operational data,No,Direct tenant_id,Authorised role by tenant and purpose,Contract/legal obligation/legitimate interests as documented; never infer consent from notice acknowledgement,Entity lifecycle schedule,Mutable through audited service command,Encrypted at rest and in transit,Required for create/update/delete/read-export where material
hiring,campaigns,Hiring campaign identity and status,code,text,No,,No,,Composite/Yes,Code,Internal operational data,No,Direct tenant_id,Authorised role by tenant and purpose,Contract/legal obligation/legitimate interests as documented; never infer consent from notice acknowledgement,Entity lifecycle schedule,Mutable through audited service command,Encrypted at rest and in transit,Required for create/update/delete/read-export where material
hiring,campaigns,Hiring campaign identity and status,title,text,No,,No,,No,Title,Internal operational data,No,Direct tenant_id,Authorised role by tenant and purpose,Contract/legal obligation/legitimate interests as documented; never infer consent from notice acknowledgement,Entity lifecycle schedule,Mutable through audited service command,Encrypted at rest and in transit,Required for create/update/delete/read-export where material
hiring,campaigns,Hiring campaign identity and status,role_name,text,No,,No,,No,Role name,Internal operational data,No,Direct tenant_id,Authorised role by tenant and purpose,Contract/legal obligation/legitimate interests as documented; never infer consent from notice acknowledgement,Entity lifecycle schedule,Mutable through audited service command,Encrypted at rest and in transit,Required for create/update/delete/read-export where material
hiring,campaigns,Hiring campaign identity and status,seniority,text,No,,No,,No,Seniority,Internal operational data,No,Direct tenant_id,Authorised role by tenant and purpose,Contract/legal obligation/legitimate interests as documented; never infer consent from notice acknowledgement,Entity lifecycle schedule,Mutable through audited service command,Encrypted at rest and in transit,Required for create/update/delete/read-export where material
hiring,campaigns,Hiring campaign identity and status,status,text,No,,No,,No,Controlled lifecycle state,Internal operational data,No,Direct tenant_id,Authorised role by tenant and purpose,Contract/legal obligation/legitimate interests as documented; never infer consent from notice acknowledgement,Entity lifecycle schedule,Mutable through audited service command,Encrypted at rest and in transit,Required for create/update/delete/read-export where material
hiring,campaigns,Hiring campaign identity and status,current_version_no,integer,No,1,No,,No,Current version no,Internal operational data,No,Direct tenant_id,Authorised role by tenant and purpose,Contract/legal obligation/legitimate interests as documented; never infer consent from notice acknowledgement,Entity lifecycle schedule,Mutable through audited service command,Encrypted at rest and in transit,Required for create/update/delete/read-export where material
hiring,campaigns,Hiring campaign identity and status,created_at,timestamptz,No,now(),No,,No,Immutable record creation time in UTC,Internal operational data,No,Direct tenant_id,Authorised role by tenant and purpose,Contract/legal obligation/legitimate interests as documented; never infer consent from notice acknowledgement,Entity lifecycle schedule,Append-only / immutable,Encrypted at rest and in transit,Required for create/update/delete/read-export where material
hiring,campaigns,Hiring campaign identity and status,updated_at,timestamptz,No,now(),No,,No,Last mutable update time in UTC,Internal operational data,No,Direct tenant_id,Authorised role by tenant and purpose,Contract/legal obligation/legitimate interests as documented; never infer consent from notice acknowledgement,Entity lifecycle schedule,Mutable through audited service command,Encrypted at rest and in transit,Required for create/update/delete/read-export where material
hiring,candidate_import_jobs,Previewable and idempotent candidate import batch,id,uuid,No,gen_random_uuid(),Yes,,No,Stable record identifier,Internal operational data,No,Direct tenant_id,Authorised role by tenant and purpose,Contract/legal obligation/legitimate interests as documented; never infer consent from notice acknowledgement,Entity lifecycle schedule,Mutable through audited service command,Encrypted at rest and in transit,Required for create/update/delete/read-export where material
hiring,candidate_import_jobs,Previewable and idempotent candidate import batch,tenant_id,uuid,No,,No,tenant.organizations(id),Composite/Yes,Employer tenant isolation key,Internal operational data,No,Direct tenant_id,Authorised role by tenant and purpose,Contract/legal obligation/legitimate interests as documented; never infer consent from notice acknowledgement,Entity lifecycle schedule,Mutable through audited service command,Encrypted at rest and in transit,Required for create/update/delete/read-export where material
hiring,candidate_import_jobs,Previewable and idempotent candidate import batch,campaign_id,uuid,No,,No,hiring.campaigns(id),No,Campaign reference,Internal operational data,No,Direct tenant_id,Authorised role by tenant and purpose,Contract/legal obligation/legitimate interests as documented; never infer consent from notice acknowledgement,Entity lifecycle schedule,Mutable through audited service command,Encrypted at rest and in transit,Required for create/update/delete/read-export where material
hiring,candidate_import_jobs,Previewable and idempotent candidate import batch,created_by,uuid,No,,No,iam.users(id),No,Created by,Internal operational data,No,Direct tenant_id,Authorised role by tenant and purpose,Contract/legal obligation/legitimate interests as documented; never infer consent from notice acknowledgement,Entity lifecycle schedule,Mutable through audited service command,Encrypted at rest and in transit,Required for create/update/delete/read-export where material
hiring,candidate_import_jobs,Previewable and idempotent candidate import batch,idempotency_key,text,No,,No,,Composite/Yes,Idempotency key,Internal operational data,No,Direct tenant_id,Authorised role by tenant and purpose,Contract/legal obligation/legitimate interests as documented; never infer consent from notice acknowledgement,Entity lifecycle schedule,Mutable through audited service command,Encrypted at rest and in transit,Required for create/update/delete/read-export where material
hiring,candidate_import_jobs,Previewable and idempotent candidate import batch,source_object_uri,text,Yes,,No,,No,Source object uri,Internal operational data,No,Direct tenant_id,Authorised role by tenant and purpose,Contract/legal obligation/legitimate interests as documented; never infer consent from notice acknowledgement,Entity lifecycle schedule,Mutable through audited service command,Encrypted at rest and in transit,Required for create/update/delete/read-export where material
hiring,candidate_import_jobs,Previewable and idempotent candidate import batch,status,text,No,,No,,No,Controlled lifecycle state,Internal operational data,No,Direct tenant_id,Authorised role by tenant and purpose,Contract/legal obligation/legitimate interests as documented; never infer consent from notice acknowledgement,Entity lifecycle schedule,Mutable through audited service command,Encrypted at rest and in transit,Required for create/update/delete/read-export where material
hiring,candidate_import_jobs,Previewable and idempotent candidate import batch,counts,jsonb,No,'{}'::jsonb,No,,No,Counts,Internal operational data,No,Direct tenant_id,Authorised role by tenant and purpose,Contract/legal obligation/legitimate interests as documented; never infer consent from notice acknowledgement,Entity lifecycle schedule,Mutable through audited service command,Encrypted at rest and in transit,Required for create/update/delete/read-export where material
hiring,candidate_import_jobs,Previewable and idempotent candidate import batch,created_at,timestamptz,No,now(),No,,No,Immutable record creation time in UTC,Internal operational data,No,Direct tenant_id,Authorised role by tenant and purpose,Contract/legal obligation/legitimate interests as documented; never infer consent from notice acknowledgement,Entity lifecycle schedule,Append-only / immutable,Encrypted at rest and in transit,Required for create/update/delete/read-export where material
hiring,candidate_import_jobs,Previewable and idempotent candidate import batch,completed_at,timestamptz,Yes,,No,,No,Completed timestamp,Internal operational data,No,Direct tenant_id,Authorised role by tenant and purpose,Contract/legal obligation/legitimate interests as documented; never infer consent from notice acknowledgement,Entity lifecycle schedule,Mutable through audited service command,Encrypted at rest and in transit,Required for create/update/delete/read-export where material
hiring,candidate_import_rows,"Row validation, correction and commit outcome for imports",id,uuid,No,gen_random_uuid(),Yes,,No,Stable record identifier,Internal operational data,No,Direct tenant_id,Authorised role by tenant and purpose,Contract/legal obligation/legitimate interests as documented; never infer consent from notice acknowledgement,Entity lifecycle schedule,Mutable through audited service command,Encrypted at rest and in transit,Required for create/update/delete/read-export where material
hiring,candidate_import_rows,"Row validation, correction and commit outcome for imports",tenant_id,uuid,No,,No,tenant.organizations(id),No,Employer tenant isolation key,Internal operational data,No,Direct tenant_id,Authorised role by tenant and purpose,Contract/legal obligation/legitimate interests as documented; never infer consent from notice acknowledgement,Entity lifecycle schedule,Mutable through audited service command,Encrypted at rest and in transit,Required for create/update/delete/read-export where material
hiring,candidate_import_rows,"Row validation, correction and commit outcome for imports",import_job_id,uuid,No,,No,hiring.candidate_import_jobs(id),Composite/Yes,Import job reference,Internal operational data,No,Direct tenant_id,Authorised role by tenant and purpose,Contract/legal obligation/legitimate interests as documented; never infer consent from notice acknowledgement,Entity lifecycle schedule,Mutable through audited service command,Encrypted at rest and in transit,Required for create/update/delete/read-export where material
hiring,candidate_import_rows,"Row validation, correction and commit outcome for imports",row_number,integer,No,,No,,Composite/Yes,Row number,Internal operational data,No,Direct tenant_id,Authorised role by tenant and purpose,Contract/legal obligation/legitimate interests as documented; never infer consent from notice acknowledgement,Entity lifecycle schedule,Mutable through audited service command,Encrypted at rest and in transit,Required for create/update/delete/read-export where material
hiring,candidate_import_rows,"Row validation, correction and commit outcome for imports",encrypted_input,bytea,No,,No,,No,Encrypted input,Internal operational data,No,Direct tenant_id,Authorised role by tenant and purpose,Contract/legal obligation/legitimate interests as documented; never infer consent from notice acknowledgement,Entity lifecycle schedule,Mutable through audited service command,Encrypted at rest and in transit,Required for create/update/delete/read-export where material
hiring,candidate_import_rows,"Row validation, correction and commit outcome for imports",validation_errors,jsonb,No,'[]'::jsonb,No,,No,Validation errors,Internal operational data,No,Direct tenant_id,Authorised role by tenant and purpose,Contract/legal obligation/legitimate interests as documented; never infer consent from notice acknowledgement,Entity lifecycle schedule,Mutable through audited service command,Encrypted at rest and in transit,Required for create/update/delete/read-export where material
hiring,candidate_import_rows,"Row validation, correction and commit outcome for imports",action,text,No,'include',No,,No,Action,Internal operational data,No,Direct tenant_id,Authorised role by tenant and purpose,Contract/legal obligation/legitimate interests as documented; never infer consent from notice acknowledgement,Entity lifecycle schedule,Mutable through audited service command,Encrypted at rest and in transit,Required for create/update/delete/read-export where material
hiring,candidate_import_rows,"Row validation, correction and commit outcome for imports",candidate_id,uuid,Yes,,No,hiring.candidates(id),No,Tenant-local candidate reference,Internal operational data,No,Direct tenant_id,Authorised role by tenant and purpose,Contract/legal obligation/legitimate interests as documented; never infer consent from notice acknowledgement,Entity lifecycle schedule,Mutable through audited service command,Encrypted at rest and in transit,Required for create/update/delete/read-export where material
hiring,candidate_import_rows,"Row validation, correction and commit outcome for imports",application_id,uuid,Yes,,No,hiring.applications(id),No,Hiring application reference,Internal operational data,No,Direct tenant_id,Authorised role by tenant and purpose,Contract/legal obligation/legitimate interests as documented; never infer consent from notice acknowledgement,Entity lifecycle schedule,Mutable through audited service command,Encrypted at rest and in transit,Required for create/update/delete/read-export where material
hiring,candidate_import_rows,"Row validation, correction and commit outcome for imports",status,text,No,,No,,No,Controlled lifecycle state,Internal operational data,No,Direct tenant_id,Authorised role by tenant and purpose,Contract/legal obligation/legitimate interests as documented; never infer consent from notice acknowledgement,Entity lifecycle schedule,Mutable through audited service command,Encrypted at rest and in transit,Required for create/update/delete/read-export where material
hiring,candidate_import_rows,"Row validation, correction and commit outcome for imports",updated_at,timestamptz,No,now(),No,,No,Last mutable update time in UTC,Internal operational data,No,Direct tenant_id,Authorised role by tenant and purpose,Contract/legal obligation/legitimate interests as documented; never infer consent from notice acknowledgement,Entity lifecycle schedule,Mutable through audited service command,Encrypted at rest and in transit,Required for create/update/delete/read-export where material
hiring,candidate_merge_events,Reversible tenant-local candidate merge history,id,uuid,No,gen_random_uuid(),Yes,,No,Stable record identifier,Internal operational data,No,Direct tenant_id,Authorised role by tenant and purpose,Contract/legal obligation/legitimate interests as documented; never infer consent from notice acknowledgement,Entity lifecycle schedule,Mutable through audited service command,Encrypted at rest and in transit,Required for create/update/delete/read-export where material
hiring,candidate_merge_events,Reversible tenant-local candidate merge history,tenant_id,uuid,No,,No,tenant.organizations(id),No,Employer tenant isolation key,Internal operational data,No,Direct tenant_id,Authorised role by tenant and purpose,Contract/legal obligation/legitimate interests as documented; never infer consent from notice acknowledgement,Entity lifecycle schedule,Mutable through audited service command,Encrypted at rest and in transit,Required for create/update/delete/read-export where material
hiring,candidate_merge_events,Reversible tenant-local candidate merge history,retained_candidate_id,uuid,No,,No,hiring.candidates(id),No,Retained candidate reference,Internal operational data,No,Direct tenant_id,Authorised role by tenant and purpose,Contract/legal obligation/legitimate interests as documented; never infer consent from notice acknowledgement,Entity lifecycle schedule,Mutable through audited service command,Encrypted at rest and in transit,Required for create/update/delete/read-export where material
hiring,candidate_merge_events,Reversible tenant-local candidate merge history,merged_candidate_id,uuid,No,,No,hiring.candidates(id),No,Merged candidate reference,Internal operational data,No,Direct tenant_id,Authorised role by tenant and purpose,Contract/legal obligation/legitimate interests as documented; never infer consent from notice acknowledgement,Entity lifecycle schedule,Mutable through audited service command,Encrypted at rest and in transit,Required for create/update/delete/read-export where material
hiring,candidate_merge_events,Reversible tenant-local candidate merge history,preview,jsonb,No,,No,,No,Preview,Internal operational data,No,Direct tenant_id,Authorised role by tenant and purpose,Contract/legal obligation/legitimate interests as documented; never infer consent from notice acknowledgement,Entity lifecycle schedule,Mutable through audited service command,Encrypted at rest and in transit,Required for create/update/delete/read-export where material
hiring,candidate_merge_events,Reversible tenant-local candidate merge history,reason,text,No,,No,,No,Human-readable reason required for accountability,Internal operational data,No,Direct tenant_id,Authorised role by tenant and purpose,Contract/legal obligation/legitimate interests as documented; never infer consent from notice acknowledgement,Entity lifecycle schedule,Mutable through audited service command,Encrypted at rest and in transit,Required for create/update/delete/read-export where material
hiring,candidate_merge_events,Reversible tenant-local candidate merge history,merged_by,uuid,No,,No,iam.users(id),No,Merged by,Internal operational data,No,Direct tenant_id,Authorised role by tenant and purpose,Contract/legal obligation/legitimate interests as documented; never infer consent from notice acknowledgement,Entity lifecycle schedule,Mutable through audited service command,Encrypted at rest and in transit,Required for create/update/delete/read-export where material
hiring,candidate_merge_events,Reversible tenant-local candidate merge history,merged_at,timestamptz,No,now(),No,,No,Merged timestamp,Internal operational data,No,Direct tenant_id,Authorised role by tenant and purpose,Contract/legal obligation/legitimate interests as documented; never infer consent from notice acknowledgement,Entity lifecycle schedule,Mutable through audited service command,Encrypted at rest and in transit,Required for create/update/delete/read-export where material
hiring,candidate_merge_events,Reversible tenant-local candidate merge history,reversed_by,uuid,Yes,,No,iam.users(id),No,Reversed by,Internal operational data,No,Direct tenant_id,Authorised role by tenant and purpose,Contract/legal obligation/legitimate interests as documented; never infer consent from notice acknowledgement,Entity lifecycle schedule,Mutable through audited service command,Encrypted at rest and in transit,Required for create/update/delete/read-export where material
hiring,candidate_merge_events,Reversible tenant-local candidate merge history,reversed_at,timestamptz,Yes,,No,,No,Reversed timestamp,Internal operational data,No,Direct tenant_id,Authorised role by tenant and purpose,Contract/legal obligation/legitimate interests as documented; never infer consent from notice acknowledgement,Entity lifecycle schedule,Mutable through audited service command,Encrypted at rest and in transit,Required for create/update/delete/read-export where material
hiring,candidate_pii,Encrypted candidate identity and contact data,candidate_id,uuid,No,,Yes,hiring.candidates(id),No,Tenant-local candidate reference,Confidential personal data,No,Direct tenant_id,Data subject; authorised operations,Contract/legal obligation/legitimate interests as documented; never infer consent from notice acknowledgement,Purpose-specific controller schedule,Mutable through audited service command,Encrypted at rest and in transit,Required for create/update/delete/read-export where material
hiring,candidate_pii,Encrypted candidate identity and contact data,tenant_id,uuid,No,,No,tenant.organizations(id),No,Employer tenant isolation key,Confidential personal data,No,Direct tenant_id,Data subject; authorised operations,Contract/legal obligation/legitimate interests as documented; never infer consent from notice acknowledgement,Purpose-specific controller schedule,Mutable through audited service command,Encrypted at rest and in transit,Required for create/update/delete/read-export where material
hiring,candidate_pii,Encrypted candidate identity and contact data,encrypted_full_name,bytea,No,,No,,No,Encrypted full name,Confidential personal data,No,Direct tenant_id,Data subject; authorised operations,Contract/legal obligation/legitimate interests as documented; never infer consent from notice acknowledgement,Purpose-specific controller schedule,Mutable through audited service command,Encrypted at rest and in transit,Required for create/update/delete/read-export where material
hiring,candidate_pii,Encrypted candidate identity and contact data,email_hash,text,No,,No,,No,Email hash,Confidential personal data,No,Direct tenant_id,Data subject; authorised operations,Contract/legal obligation/legitimate interests as documented; never infer consent from notice acknowledgement,Purpose-specific controller schedule,Mutable through audited service command,Encrypted at rest and in transit,Required for create/update/delete/read-export where material
hiring,candidate_pii,Encrypted candidate identity and contact data,encrypted_email,bytea,No,,No,,No,Encrypted email,Confidential personal data,No,Direct tenant_id,Data subject; authorised operations,Contract/legal obligation/legitimate interests as documented; never infer consent from notice acknowledgement,Purpose-specific controller schedule,Mutable through audited service command,Encrypted at rest and in transit,Required for create/update/delete/read-export where material
hiring,candidate_pii,Encrypted candidate identity and contact data,encrypted_phone,bytea,Yes,,No,,No,Encrypted phone,Confidential personal data,No,Direct tenant_id,Data subject; authorised operations,Contract/legal obligation/legitimate interests as documented; never infer consent from notice acknowledgement,Purpose-specific controller schedule,Mutable through audited service command,Encrypted at rest and in transit,Required for create/update/delete/read-export where material
hiring,candidate_pii,Encrypted candidate identity and contact data,encrypted_address,bytea,Yes,,No,,No,Encrypted address,Confidential personal data,No,Direct tenant_id,Data subject; authorised operations,Contract/legal obligation/legitimate interests as documented; never infer consent from notice acknowledgement,Purpose-specific controller schedule,Mutable through audited service command,Encrypted at rest and in transit,Required for create/update/delete/read-export where material
hiring,candidate_pii,Encrypted candidate identity and contact data,pii_key_version,text,No,,No,,No,Pii key version,Confidential personal data,No,Direct tenant_id,Data subject; authorised operations,Contract/legal obligation/legitimate interests as documented; never infer consent from notice acknowledgement,Purpose-specific controller schedule,Mutable through audited service command,Encrypted at rest and in transit,Required for create/update/delete/read-export where material
hiring,candidate_pii,Encrypted candidate identity and contact data,updated_at,timestamptz,No,now(),No,,No,Last mutable update time in UTC,Confidential personal data,No,Direct tenant_id,Data subject; authorised operations,Contract/legal obligation/legitimate interests as documented; never infer consent from notice acknowledgement,Purpose-specific controller schedule,Mutable through audited service command,Encrypted at rest and in transit,Required for create/update/delete/read-export where material
hiring,candidates,Tenant-local candidate pseudonymous record,id,uuid,No,gen_random_uuid(),Yes,,No,Stable record identifier,Internal operational data,No,Direct tenant_id,Authorised role by tenant and purpose,Contract/legal obligation/legitimate interests as documented; never infer consent from notice acknowledgement,Entity lifecycle schedule,Mutable through audited service command,Encrypted at rest and in transit,Required for create/update/delete/read-export where material
hiring,candidates,Tenant-local candidate pseudonymous record,tenant_id,uuid,No,,No,tenant.organizations(id),Composite/Yes,Employer tenant isolation key,Internal operational data,No,Direct tenant_id,Authorised role by tenant and purpose,Contract/legal obligation/legitimate interests as documented; never infer consent from notice acknowledgement,Entity lifecycle schedule,Mutable through audited service command,Encrypted at rest and in transit,Required for create/update/delete/read-export where material
hiring,candidates,Tenant-local candidate pseudonymous record,external_reference,text,Yes,,No,,Composite/Yes,External reference,Internal operational data,No,Direct tenant_id,Authorised role by tenant and purpose,Contract/legal obligation/legitimate interests as documented; never infer consent from notice acknowledgement,Entity lifecycle schedule,Mutable through audited service command,Encrypted at rest and in transit,Required for create/update/delete/read-export where material
hiring,candidates,Tenant-local candidate pseudonymous record,status,text,No,,No,,No,Controlled lifecycle state,Internal operational data,No,Direct tenant_id,Authorised role by tenant and purpose,Contract/legal obligation/legitimate interests as documented; never infer consent from notice acknowledgement,Entity lifecycle schedule,Mutable through audited service command,Encrypted at rest and in transit,Required for create/update/delete/read-export where material
hiring,candidates,Tenant-local candidate pseudonymous record,created_at,timestamptz,No,now(),No,,No,Immutable record creation time in UTC,Internal operational data,No,Direct tenant_id,Authorised role by tenant and purpose,Contract/legal obligation/legitimate interests as documented; never infer consent from notice acknowledgement,Entity lifecycle schedule,Append-only / immutable,Encrypted at rest and in transit,Required for create/update/delete/read-export where material
hiring,candidates,Tenant-local candidate pseudonymous record,updated_at,timestamptz,No,now(),No,,No,Last mutable update time in UTC,Internal operational data,No,Direct tenant_id,Authorised role by tenant and purpose,Contract/legal obligation/legitimate interests as documented; never infer consent from notice acknowledgement,Entity lifecycle schedule,Mutable through audited service command,Encrypted at rest and in transit,Required for create/update/delete/read-export where material
hiring,decision_approvals,Required secondary approval for human progression decisions,id,uuid,No,gen_random_uuid(),Yes,,No,Stable record identifier,Internal operational data,No,Direct tenant_id,Authorised role by tenant and purpose,Contract/legal obligation/legitimate interests as documented; never infer consent from notice acknowledgement,Entity lifecycle schedule,Mutable through audited service command,Encrypted at rest and in transit,Required for create/update/delete/read-export where material
hiring,decision_approvals,Required secondary approval for human progression decisions,tenant_id,uuid,No,,No,tenant.organizations(id),No,Employer tenant isolation key,Internal operational data,No,Direct tenant_id,Authorised role by tenant and purpose,Contract/legal obligation/legitimate interests as documented; never infer consent from notice acknowledgement,Entity lifecycle schedule,Mutable through audited service command,Encrypted at rest and in transit,Required for create/update/delete/read-export where material
hiring,decision_approvals,Required secondary approval for human progression decisions,decision_id,uuid,No,,No,review.progression_decisions(id),Composite/Yes,Decision reference,Internal operational data,No,Direct tenant_id,Authorised role by tenant and purpose,Contract/legal obligation/legitimate interests as documented; never infer consent from notice acknowledgement,Entity lifecycle schedule,Mutable through audited service command,Encrypted at rest and in transit,Required for create/update/delete/read-export where material
hiring,decision_approvals,Required secondary approval for human progression decisions,required_role,text,No,,No,,Composite/Yes,Required role,Internal operational data,No,Direct tenant_id,Authorised role by tenant and purpose,Contract/legal obligation/legitimate interests as documented; never infer consent from notice acknowledgement,Entity lifecycle schedule,Mutable through audited service command,Encrypted at rest and in transit,Required for create/update/delete/read-export where material
hiring,decision_approvals,Required secondary approval for human progression decisions,status,text,No,,No,,No,Controlled lifecycle state,Internal operational data,No,Direct tenant_id,Authorised role by tenant and purpose,Contract/legal obligation/legitimate interests as documented; never infer consent from notice acknowledgement,Entity lifecycle schedule,Mutable through audited service command,Encrypted at rest and in transit,Required for create/update/delete/read-export where material
hiring,decision_approvals,Required secondary approval for human progression decisions,requested_by,uuid,No,,No,iam.users(id),No,Requested by,Internal operational data,No,Direct tenant_id,Authorised role by tenant and purpose,Contract/legal obligation/legitimate interests as documented; never infer consent from notice acknowledgement,Entity lifecycle schedule,Mutable through audited service command,Encrypted at rest and in transit,Required for create/update/delete/read-export where material
hiring,decision_approvals,Required secondary approval for human progression decisions,decided_by,uuid,Yes,,No,iam.users(id),No,Decided by,Internal operational data,No,Direct tenant_id,Authorised role by tenant and purpose,Contract/legal obligation/legitimate interests as documented; never infer consent from notice acknowledgement,Entity lifecycle schedule,Mutable through audited service command,Encrypted at rest and in transit,Required for create/update/delete/read-export where material
hiring,decision_approvals,Required secondary approval for human progression decisions,rationale,text,Yes,,No,,No,Rationale,Internal operational data,No,Direct tenant_id,Authorised role by tenant and purpose,Contract/legal obligation/legitimate interests as documented; never infer consent from notice acknowledgement,Entity lifecycle schedule,Mutable through audited service command,Encrypted at rest and in transit,Required for create/update/delete/read-export where material
hiring,decision_approvals,Required secondary approval for human progression decisions,requested_at,timestamptz,No,now(),No,,No,Requested timestamp,Internal operational data,No,Direct tenant_id,Authorised role by tenant and purpose,Contract/legal obligation/legitimate interests as documented; never infer consent from notice acknowledgement,Entity lifecycle schedule,Mutable through audited service command,Encrypted at rest and in transit,Required for create/update/delete/read-export where material
hiring,decision_approvals,Required secondary approval for human progression decisions,decided_at,timestamptz,Yes,,No,,No,Decided timestamp,Internal operational data,No,Direct tenant_id,Authorised role by tenant and purpose,Contract/legal obligation/legitimate interests as documented; never infer consent from notice acknowledgement,Entity lifecycle schedule,Mutable through audited service command,Encrypted at rest and in transit,Required for create/update/delete/read-export where material
hiring,invitations,Secure expiring candidate access token metadata,id,uuid,No,gen_random_uuid(),Yes,,No,Stable record identifier,Internal operational data,No,Direct tenant_id,Authorised role by tenant and purpose,Contract/legal obligation/legitimate interests as documented; never infer consent from notice acknowledgement,Entity lifecycle schedule,Mutable through audited service command,Encrypted at rest and in transit,Required for create/update/delete/read-export where material
hiring,invitations,Secure expiring candidate access token metadata,tenant_id,uuid,No,,No,tenant.organizations(id),No,Employer tenant isolation key,Internal operational data,No,Direct tenant_id,Authorised role by tenant and purpose,Contract/legal obligation/legitimate interests as documented; never infer consent from notice acknowledgement,Entity lifecycle schedule,Mutable through audited service command,Encrypted at rest and in transit,Required for create/update/delete/read-export where material
hiring,invitations,Secure expiring candidate access token metadata,application_id,uuid,No,,No,hiring.applications(id),No,Hiring application reference,Internal operational data,No,Direct tenant_id,Authorised role by tenant and purpose,Contract/legal obligation/legitimate interests as documented; never infer consent from notice acknowledgement,Entity lifecycle schedule,Mutable through audited service command,Encrypted at rest and in transit,Required for create/update/delete/read-export where material
hiring,invitations,Secure expiring candidate access token metadata,token_hash,text,No,,No,,Yes,Token hash,Restricted authentication secret,No,Direct tenant_id,Security / IAM only,Contract/legal obligation/legitimate interests as documented; never infer consent from notice acknowledgement,Security credential schedule,Mutable through audited service command,Hashed or envelope-encrypted,Required for create/update/delete/read-export where material
hiring,invitations,Secure expiring candidate access token metadata,status,text,No,,No,,No,Controlled lifecycle state,Internal operational data,No,Direct tenant_id,Authorised role by tenant and purpose,Contract/legal obligation/legitimate interests as documented; never infer consent from notice acknowledgement,Entity lifecycle schedule,Mutable through audited service command,Encrypted at rest and in transit,Required for create/update/delete/read-export where material
hiring,invitations,Secure expiring candidate access token metadata,max_attempts,integer,No,1,No,,No,Max timestamptempts,Internal operational data,No,Direct tenant_id,Authorised role by tenant and purpose,Contract/legal obligation/legitimate interests as documented; never infer consent from notice acknowledgement,Entity lifecycle schedule,Mutable through audited service command,Encrypted at rest and in transit,Required for create/update/delete/read-export where material
hiring,invitations,Secure expiring candidate access token metadata,valid_from,timestamptz,Yes,,No,,No,Valid from,Internal operational data,No,Direct tenant_id,Authorised role by tenant and purpose,Contract/legal obligation/legitimate interests as documented; never infer consent from notice acknowledgement,Entity lifecycle schedule,Mutable through audited service command,Encrypted at rest and in transit,Required for create/update/delete/read-export where material
hiring,invitations,Secure expiring candidate access token metadata,expires_at,timestamptz,No,,No,,No,Expires timestamp,Internal operational data,No,Direct tenant_id,Authorised role by tenant and purpose,Contract/legal obligation/legitimate interests as documented; never infer consent from notice acknowledgement,Entity lifecycle schedule,Mutable through audited service command,Encrypted at rest and in transit,Required for create/update/delete/read-export where material
hiring,invitations,Secure expiring candidate access token metadata,sent_at,timestamptz,Yes,,No,,No,Sent timestamp,Internal operational data,No,Direct tenant_id,Authorised role by tenant and purpose,Contract/legal obligation/legitimate interests as documented; never infer consent from notice acknowledgement,Entity lifecycle schedule,Mutable through audited service command,Encrypted at rest and in transit,Required for create/update/delete/read-export where material
hiring,invitations,Secure expiring candidate access token metadata,revoked_at,timestamptz,Yes,,No,,No,Revoked timestamp,Internal operational data,No,Direct tenant_id,Authorised role by tenant and purpose,Contract/legal obligation/legitimate interests as documented; never infer consent from notice acknowledgement,Entity lifecycle schedule,Mutable through audited service command,Encrypted at rest and in transit,Required for create/update/delete/read-export where material
hiring,invitations,Secure expiring candidate access token metadata,created_by,uuid,No,,No,iam.users(id),No,Created by,Internal operational data,No,Direct tenant_id,Authorised role by tenant and purpose,Contract/legal obligation/legitimate interests as documented; never infer consent from notice acknowledgement,Entity lifecycle schedule,Mutable through audited service command,Encrypted at rest and in transit,Required for create/update/delete/read-export where material
hiring,invitations,Secure expiring candidate access token metadata,created_at,timestamptz,No,now(),No,,No,Immutable record creation time in UTC,Internal operational data,No,Direct tenant_id,Authorised role by tenant and purpose,Contract/legal obligation/legitimate interests as documented; never infer consent from notice acknowledgement,Entity lifecycle schedule,Append-only / immutable,Encrypted at rest and in transit,Required for create/update/delete/read-export where material
hiring,notice_acknowledgements,Versioned candidate notices accepted,id,uuid,No,gen_random_uuid(),Yes,,No,Stable record identifier,Internal operational data,No,Direct tenant_id,Authorised role by tenant and purpose,Contract/legal obligation/legitimate interests as documented; never infer consent from notice acknowledgement,Entity lifecycle schedule,Mutable through audited service command,Encrypted at rest and in transit,Required for create/update/delete/read-export where material
hiring,notice_acknowledgements,Versioned candidate notices accepted,tenant_id,uuid,No,,No,tenant.organizations(id),No,Employer tenant isolation key,Internal operational data,No,Direct tenant_id,Authorised role by tenant and purpose,Contract/legal obligation/legitimate interests as documented; never infer consent from notice acknowledgement,Entity lifecycle schedule,Mutable through audited service command,Encrypted at rest and in transit,Required for create/update/delete/read-export where material
hiring,notice_acknowledgements,Versioned candidate notices accepted,application_id,uuid,No,,No,hiring.applications(id),Composite/Yes,Hiring application reference,Internal operational data,No,Direct tenant_id,Authorised role by tenant and purpose,Contract/legal obligation/legitimate interests as documented; never infer consent from notice acknowledgement,Entity lifecycle schedule,Mutable through audited service command,Encrypted at rest and in transit,Required for create/update/delete/read-export where material
hiring,notice_acknowledgements,Versioned candidate notices accepted,notice_type,text,No,,No,,Composite/Yes,Notice type,Internal operational data,No,Direct tenant_id,Authorised role by tenant and purpose,Contract/legal obligation/legitimate interests as documented; never infer consent from notice acknowledgement,Entity lifecycle schedule,Mutable through audited service command,Encrypted at rest and in transit,Required for create/update/delete/read-export where material
hiring,notice_acknowledgements,Versioned candidate notices accepted,notice_version,text,No,,No,,Composite/Yes,Notice version,Internal operational data,No,Direct tenant_id,Authorised role by tenant and purpose,Contract/legal obligation/legitimate interests as documented; never infer consent from notice acknowledgement,Entity lifecycle schedule,Mutable through audited service command,Encrypted at rest and in transit,Required for create/update/delete/read-export where material
hiring,notice_acknowledgements,Versioned candidate notices accepted,acknowledged_at,timestamptz,No,,No,,No,Acknowledged timestamp,Internal operational data,No,Direct tenant_id,Authorised role by tenant and purpose,Contract/legal obligation/legitimate interests as documented; never infer consent from notice acknowledgement,Entity lifecycle schedule,Mutable through audited service command,Encrypted at rest and in transit,Required for create/update/delete/read-export where material
hiring,notice_acknowledgements,Versioned candidate notices accepted,ip_hash,text,Yes,,No,,No,Ip hash,Internal operational data,No,Direct tenant_id,Authorised role by tenant and purpose,Contract/legal obligation/legitimate interests as documented; never infer consent from notice acknowledgement,Entity lifecycle schedule,Mutable through audited service command,Encrypted at rest and in transit,Required for create/update/delete/read-export where material
hiring,notice_acknowledgements,Versioned candidate notices accepted,user_agent_hash,text,Yes,,No,,No,User agent hash,Internal operational data,No,Direct tenant_id,Authorised role by tenant and purpose,Contract/legal obligation/legitimate interests as documented; never infer consent from notice acknowledgement,Entity lifecycle schedule,Mutable through audited service command,Encrypted at rest and in transit,Required for create/update/delete/read-export where material
hiring,reviewer_profiles,Reviewer qualification and calibration status,id,uuid,No,gen_random_uuid(),Yes,,No,Stable record identifier,Internal operational data,No,Direct tenant_id,Authorised role by tenant and purpose,Contract/legal obligation/legitimate interests as documented; never infer consent from notice acknowledgement,Entity lifecycle schedule,Mutable through audited service command,Encrypted at rest and in transit,Required for create/update/delete/read-export where material
hiring,reviewer_profiles,Reviewer qualification and calibration status,tenant_id,uuid,No,,No,tenant.organizations(id),Composite/Yes,Employer tenant isolation key,Internal operational data,No,Direct tenant_id,Authorised role by tenant and purpose,Contract/legal obligation/legitimate interests as documented; never infer consent from notice acknowledgement,Entity lifecycle schedule,Mutable through audited service command,Encrypted at rest and in transit,Required for create/update/delete/read-export where material
hiring,reviewer_profiles,Reviewer qualification and calibration status,user_id,uuid,No,,No,iam.users(id),Composite/Yes,Related human or service user,Internal operational data,No,Direct tenant_id,Authorised role by tenant and purpose,Contract/legal obligation/legitimate interests as documented; never infer consent from notice acknowledgement,Entity lifecycle schedule,Mutable through audited service command,Encrypted at rest and in transit,Required for create/update/delete/read-export where material
hiring,reviewer_profiles,Reviewer qualification and calibration status,expertise,jsonb,No,'[]'::jsonb,No,,No,Expertise,Internal operational data,No,Direct tenant_id,Authorised role by tenant and purpose,Contract/legal obligation/legitimate interests as documented; never infer consent from notice acknowledgement,Entity lifecycle schedule,Mutable through audited service command,Encrypted at rest and in transit,Required for create/update/delete/read-export where material
hiring,reviewer_profiles,Reviewer qualification and calibration status,training_status,text,No,'not_started',No,,No,Training status,Internal operational data,No,Direct tenant_id,Authorised role by tenant and purpose,Contract/legal obligation/legitimate interests as documented; never infer consent from notice acknowledgement,Entity lifecycle schedule,Mutable through audited service command,Encrypted at rest and in transit,Required for create/update/delete/read-export where material
hiring,reviewer_profiles,Reviewer qualification and calibration status,calibration_status,text,No,'not_calibrated',No,,No,Calibration status,Internal operational data,No,Direct tenant_id,Authorised role by tenant and purpose,Contract/legal obligation/legitimate interests as documented; never infer consent from notice acknowledgement,Entity lifecycle schedule,Mutable through audited service command,Encrypted at rest and in transit,Required for create/update/delete/read-export where material
hiring,reviewer_profiles,Reviewer qualification and calibration status,conflict_declaration_required,boolean,No,true,No,,No,Conflict declaration required,Internal operational data,No,Direct tenant_id,Authorised role by tenant and purpose,Contract/legal obligation/legitimate interests as documented; never infer consent from notice acknowledgement,Entity lifecycle schedule,Mutable through audited service command,Encrypted at rest and in transit,Required for create/update/delete/read-export where material
hiring,reviewer_profiles,Reviewer qualification and calibration status,max_active_reviews,integer,Yes,,No,,No,Max active reviews,Internal operational data,No,Direct tenant_id,Authorised role by tenant and purpose,Contract/legal obligation/legitimate interests as documented; never infer consent from notice acknowledgement,Entity lifecycle schedule,Mutable through audited service command,Encrypted at rest and in transit,Required for create/update/delete/read-export where material
hiring,reviewer_profiles,Reviewer qualification and calibration status,created_at,timestamptz,No,now(),No,,No,Immutable record creation time in UTC,Internal operational data,No,Direct tenant_id,Authorised role by tenant and purpose,Contract/legal obligation/legitimate interests as documented; never infer consent from notice acknowledgement,Entity lifecycle schedule,Append-only / immutable,Encrypted at rest and in transit,Required for create/update/delete/read-export where material
hiring,reviewer_profiles,Reviewer qualification and calibration status,updated_at,timestamptz,No,now(),No,,No,Last mutable update time in UTC,Internal operational data,No,Direct tenant_id,Authorised role by tenant and purpose,Contract/legal obligation/legitimate interests as documented; never infer consent from notice acknowledgement,Entity lifecycle schedule,Mutable through audited service command,Encrypted at rest and in transit,Required for create/update/delete/read-export where material
iam,account_security_events,User-visible material account-security history,id,uuid,No,gen_random_uuid(),Yes,,No,Stable record identifier,Internal operational data,No,Inherited/global; service policy required,Authorised role by tenant and purpose,Contract/legal obligation/legitimate interests as documented; never infer consent from notice acknowledgement,Entity lifecycle schedule,Mutable through audited service command,Encrypted at rest and in transit,Required for create/update/delete/read-export where material
iam,account_security_events,User-visible material account-security history,user_id,uuid,No,,No,iam.users(id),No,Related human or service user,Internal operational data,No,Inherited/global; service policy required,Authorised role by tenant and purpose,Contract/legal obligation/legitimate interests as documented; never infer consent from notice acknowledgement,Entity lifecycle schedule,Mutable through audited service command,Encrypted at rest and in transit,Required for create/update/delete/read-export where material
iam,account_security_events,User-visible material account-security history,event_type,text,No,,No,,No,Event type,Internal operational data,No,Inherited/global; service policy required,Authorised role by tenant and purpose,Contract/legal obligation/legitimate interests as documented; never infer consent from notice acknowledgement,Entity lifecycle schedule,Mutable through audited service command,Encrypted at rest and in transit,Required for create/update/delete/read-export where material
iam,account_security_events,User-visible material account-security history,outcome,text,No,,No,,No,Outcome,Internal operational data,No,Inherited/global; service policy required,Authorised role by tenant and purpose,Contract/legal obligation/legitimate interests as documented; never infer consent from notice acknowledgement,Entity lifecycle schedule,Mutable through audited service command,Encrypted at rest and in transit,Required for create/update/delete/read-export where material
iam,account_security_events,User-visible material account-security history,ip_hash,text,Yes,,No,,No,Ip hash,Internal operational data,No,Inherited/global; service policy required,Authorised role by tenant and purpose,Contract/legal obligation/legitimate interests as documented; never infer consent from notice acknowledgement,Entity lifecycle schedule,Mutable through audited service command,Encrypted at rest and in transit,Required for create/update/delete/read-export where material
iam,account_security_events,User-visible material account-security history,user_agent_hash,text,Yes,,No,,No,User agent hash,Internal operational data,No,Inherited/global; service policy required,Authorised role by tenant and purpose,Contract/legal obligation/legitimate interests as documented; never infer consent from notice acknowledgement,Entity lifecycle schedule,Mutable through audited service command,Encrypted at rest and in transit,Required for create/update/delete/read-export where material
iam,account_security_events,User-visible material account-security history,metadata,jsonb,No,'{}'::jsonb,No,,No,Metadata,Internal operational data,No,Inherited/global; service policy required,Authorised role by tenant and purpose,Contract/legal obligation/legitimate interests as documented; never infer consent from notice acknowledgement,Entity lifecycle schedule,Mutable through audited service command,Encrypted at rest and in transit,Required for create/update/delete/read-export where material
iam,account_security_events,User-visible material account-security history,occurred_at,timestamptz,No,now(),No,,No,Event occurrence time in UTC,Internal operational data,No,Inherited/global; service policy required,Authorised role by tenant and purpose,Contract/legal obligation/legitimate interests as documented; never infer consent from notice acknowledgement,Entity lifecycle schedule,Append-only / immutable,Encrypted at rest and in transit,Required for create/update/delete/read-export where material
iam,api_credentials,"Hashed, scoped service/API credential metadata",id,uuid,No,gen_random_uuid(),Yes,,No,Stable record identifier,Restricted authentication secret,No,Direct tenant_id,Security / IAM only,Contract/legal obligation/legitimate interests as documented; never infer consent from notice acknowledgement,Security credential schedule,Mutable through audited service command,Hashed or envelope-encrypted,Required for create/update/delete/read-export where material
iam,api_credentials,"Hashed, scoped service/API credential metadata",tenant_id,uuid,Yes,,No,tenant.organizations(id),No,Employer tenant isolation key,Restricted authentication secret,No,Direct tenant_id,Security / IAM only,Contract/legal obligation/legitimate interests as documented; never infer consent from notice acknowledgement,Security credential schedule,Mutable through audited service command,Hashed or envelope-encrypted,Required for create/update/delete/read-export where material
iam,api_credentials,"Hashed, scoped service/API credential metadata",owner_user_id,uuid,Yes,,No,iam.users(id),No,Owner user reference,Restricted authentication secret,No,Direct tenant_id,Security / IAM only,Contract/legal obligation/legitimate interests as documented; never infer consent from notice acknowledgement,Security credential schedule,Mutable through audited service command,Hashed or envelope-encrypted,Required for create/update/delete/read-export where material
iam,api_credentials,"Hashed, scoped service/API credential metadata",name,text,No,,No,,No,Name,Restricted authentication secret,No,Direct tenant_id,Security / IAM only,Contract/legal obligation/legitimate interests as documented; never infer consent from notice acknowledgement,Security credential schedule,Mutable through audited service command,Hashed or envelope-encrypted,Required for create/update/delete/read-export where material
iam,api_credentials,"Hashed, scoped service/API credential metadata",credential_prefix,text,No,,No,,No,Credential prefix,Restricted authentication secret,No,Direct tenant_id,Security / IAM only,Contract/legal obligation/legitimate interests as documented; never infer consent from notice acknowledgement,Security credential schedule,Mutable through audited service command,Hashed or envelope-encrypted,Required for create/update/delete/read-export where material
iam,api_credentials,"Hashed, scoped service/API credential metadata",secret_hash,text,No,,No,,Yes,Secret hash,Restricted authentication secret,No,Direct tenant_id,Security / IAM only,Contract/legal obligation/legitimate interests as documented; never infer consent from notice acknowledgement,Security credential schedule,Mutable through audited service command,Hashed or envelope-encrypted,Required for create/update/delete/read-export where material
iam,api_credentials,"Hashed, scoped service/API credential metadata",scopes,jsonb,No,,No,,No,Scopes,Restricted authentication secret,No,Direct tenant_id,Security / IAM only,Contract/legal obligation/legitimate interests as documented; never infer consent from notice acknowledgement,Security credential schedule,Mutable through audited service command,Hashed or envelope-encrypted,Required for create/update/delete/read-export where material
iam,api_credentials,"Hashed, scoped service/API credential metadata",status,text,No,,No,,No,Controlled lifecycle state,Restricted authentication secret,No,Direct tenant_id,Security / IAM only,Contract/legal obligation/legitimate interests as documented; never infer consent from notice acknowledgement,Security credential schedule,Mutable through audited service command,Hashed or envelope-encrypted,Required for create/update/delete/read-export where material
iam,api_credentials,"Hashed, scoped service/API credential metadata",expires_at,timestamptz,Yes,,No,,No,Expires timestamp,Restricted authentication secret,No,Direct tenant_id,Security / IAM only,Contract/legal obligation/legitimate interests as documented; never infer consent from notice acknowledgement,Security credential schedule,Mutable through audited service command,Hashed or envelope-encrypted,Required for create/update/delete/read-export where material
iam,api_credentials,"Hashed, scoped service/API credential metadata",last_used_at,timestamptz,Yes,,No,,No,Last used timestamp,Restricted authentication secret,No,Direct tenant_id,Security / IAM only,Contract/legal obligation/legitimate interests as documented; never infer consent from notice acknowledgement,Security credential schedule,Mutable through audited service command,Hashed or envelope-encrypted,Required for create/update/delete/read-export where material
iam,api_credentials,"Hashed, scoped service/API credential metadata",created_at,timestamptz,No,now(),No,,No,Immutable record creation time in UTC,Restricted authentication secret,No,Direct tenant_id,Security / IAM only,Contract/legal obligation/legitimate interests as documented; never infer consent from notice acknowledgement,Security credential schedule,Append-only / immutable,Hashed or envelope-encrypted,Required for create/update/delete/read-export where material
iam,api_credentials,"Hashed, scoped service/API credential metadata",revoked_at,timestamptz,Yes,,No,,No,Revoked timestamp,Restricted authentication secret,No,Direct tenant_id,Security / IAM only,Contract/legal obligation/legitimate interests as documented; never infer consent from notice acknowledgement,Security credential schedule,Mutable through audited service command,Hashed or envelope-encrypted,Required for create/update/delete/read-export where material
iam,auth_methods,"Password, MFA and passkey method metadata",id,uuid,No,gen_random_uuid(),Yes,,No,Stable record identifier,Internal operational data,No,Inherited/global; service policy required,Authorised role by tenant and purpose,Contract/legal obligation/legitimate interests as documented; never infer consent from notice acknowledgement,Entity lifecycle schedule,Mutable through audited service command,Encrypted at rest and in transit,Required for create/update/delete/read-export where material
iam,auth_methods,"Password, MFA and passkey method metadata",user_id,uuid,No,,No,iam.users(id),Composite/Yes,Related human or service user,Internal operational data,No,Inherited/global; service policy required,Authorised role by tenant and purpose,Contract/legal obligation/legitimate interests as documented; never infer consent from notice acknowledgement,Entity lifecycle schedule,Mutable through audited service command,Encrypted at rest and in transit,Required for create/update/delete/read-export where material
iam,auth_methods,"Password, MFA and passkey method metadata",method_type,text,No,,No,,Composite/Yes,Method type,Internal operational data,No,Inherited/global; service policy required,Authorised role by tenant and purpose,Contract/legal obligation/legitimate interests as documented; never infer consent from notice acknowledgement,Entity lifecycle schedule,Mutable through audited service command,Encrypted at rest and in transit,Required for create/update/delete/read-export where material
iam,auth_methods,"Password, MFA and passkey method metadata",label,text,Yes,,No,,No,Label,Internal operational data,No,Inherited/global; service policy required,Authorised role by tenant and purpose,Contract/legal obligation/legitimate interests as documented; never infer consent from notice acknowledgement,Entity lifecycle schedule,Mutable through audited service command,Encrypted at rest and in transit,Required for create/update/delete/read-export where material
iam,auth_methods,"Password, MFA and passkey method metadata",credential_reference,text,Yes,,No,,Composite/Yes,Credential reference,Restricted authentication secret,No,Inherited/global; service policy required,Security / IAM only,Contract/legal obligation/legitimate interests as documented; never infer consent from notice acknowledgement,Security credential schedule,Mutable through audited service command,Hashed or envelope-encrypted,Required for create/update/delete/read-export where material
iam,auth_methods,"Password, MFA and passkey method metadata",public_metadata,jsonb,No,'{}'::jsonb,No,,No,Public metadata,Internal operational data,No,Inherited/global; service policy required,Authorised role by tenant and purpose,Contract/legal obligation/legitimate interests as documented; never infer consent from notice acknowledgement,Entity lifecycle schedule,Mutable through audited service command,Encrypted at rest and in transit,Required for create/update/delete/read-export where material
iam,auth_methods,"Password, MFA and passkey method metadata",status,text,No,,No,,No,Controlled lifecycle state,Internal operational data,No,Inherited/global; service policy required,Authorised role by tenant and purpose,Contract/legal obligation/legitimate interests as documented; never infer consent from notice acknowledgement,Entity lifecycle schedule,Mutable through audited service command,Encrypted at rest and in transit,Required for create/update/delete/read-export where material
iam,auth_methods,"Password, MFA and passkey method metadata",enrolled_at,timestamptz,No,now(),No,,No,Enrolled timestamp,Internal operational data,No,Inherited/global; service policy required,Authorised role by tenant and purpose,Contract/legal obligation/legitimate interests as documented; never infer consent from notice acknowledgement,Entity lifecycle schedule,Mutable through audited service command,Encrypted at rest and in transit,Required for create/update/delete/read-export where material
iam,auth_methods,"Password, MFA and passkey method metadata",last_used_at,timestamptz,Yes,,No,,No,Last used timestamp,Internal operational data,No,Inherited/global; service policy required,Authorised role by tenant and purpose,Contract/legal obligation/legitimate interests as documented; never infer consent from notice acknowledgement,Entity lifecycle schedule,Mutable through audited service command,Encrypted at rest and in transit,Required for create/update/delete/read-export where material
iam,auth_methods,"Password, MFA and passkey method metadata",revoked_at,timestamptz,Yes,,No,,No,Revoked timestamp,Internal operational data,No,Inherited/global; service policy required,Authorised role by tenant and purpose,Contract/legal obligation/legitimate interests as documented; never infer consent from notice acknowledgement,Entity lifecycle schedule,Mutable through audited service command,Encrypted at rest and in transit,Required for create/update/delete/read-export where material
iam,email_change_requests,Dual-confirmation email-address changes,id,uuid,No,gen_random_uuid(),Yes,,No,Stable record identifier,Confidential personal data,No,Inherited/global; service policy required,Data subject; authorised operations,Contract/legal obligation/legitimate interests as documented; never infer consent from notice acknowledgement,Purpose-specific controller schedule,Mutable through audited service command,Encrypted at rest and in transit,Required for create/update/delete/read-export where material
iam,email_change_requests,Dual-confirmation email-address changes,user_id,uuid,No,,No,iam.users(id),No,Related human or service user,Confidential personal data,No,Inherited/global; service policy required,Data subject; authorised operations,Contract/legal obligation/legitimate interests as documented; never infer consent from notice acknowledgement,Purpose-specific controller schedule,Mutable through audited service command,Encrypted at rest and in transit,Required for create/update/delete/read-export where material
iam,email_change_requests,Dual-confirmation email-address changes,old_email_hash,text,No,,No,,No,Old email hash,Confidential personal data,No,Inherited/global; service policy required,Data subject; authorised operations,Contract/legal obligation/legitimate interests as documented; never infer consent from notice acknowledgement,Purpose-specific controller schedule,Mutable through audited service command,Encrypted at rest and in transit,Required for create/update/delete/read-export where material
iam,email_change_requests,Dual-confirmation email-address changes,new_email,citext,No,,No,,No,New email,Confidential personal data,No,Inherited/global; service policy required,Data subject; authorised operations,Contract/legal obligation/legitimate interests as documented; never infer consent from notice acknowledgement,Purpose-specific controller schedule,Mutable through audited service command,Encrypted at rest and in transit,Required for create/update/delete/read-export where material
iam,email_change_requests,Dual-confirmation email-address changes,old_channel_token_hash,text,Yes,,No,,No,Old channel token hash,Restricted authentication secret,No,Inherited/global; service policy required,Security / IAM only,Contract/legal obligation/legitimate interests as documented; never infer consent from notice acknowledgement,Security credential schedule,Mutable through audited service command,Hashed or envelope-encrypted,Required for create/update/delete/read-export where material
iam,email_change_requests,Dual-confirmation email-address changes,new_channel_token_hash,text,Yes,,No,,No,New channel token hash,Restricted authentication secret,No,Inherited/global; service policy required,Security / IAM only,Contract/legal obligation/legitimate interests as documented; never infer consent from notice acknowledgement,Security credential schedule,Mutable through audited service command,Hashed or envelope-encrypted,Required for create/update/delete/read-export where material
iam,email_change_requests,Dual-confirmation email-address changes,old_confirmed_at,timestamptz,Yes,,No,,No,Old confirmed timestamp,Confidential personal data,No,Inherited/global; service policy required,Data subject; authorised operations,Contract/legal obligation/legitimate interests as documented; never infer consent from notice acknowledgement,Purpose-specific controller schedule,Mutable through audited service command,Encrypted at rest and in transit,Required for create/update/delete/read-export where material
iam,email_change_requests,Dual-confirmation email-address changes,new_confirmed_at,timestamptz,Yes,,No,,No,New confirmed timestamp,Confidential personal data,No,Inherited/global; service policy required,Data subject; authorised operations,Contract/legal obligation/legitimate interests as documented; never infer consent from notice acknowledgement,Purpose-specific controller schedule,Mutable through audited service command,Encrypted at rest and in transit,Required for create/update/delete/read-export where material
iam,email_change_requests,Dual-confirmation email-address changes,expires_at,timestamptz,No,,No,,No,Expires timestamp,Confidential personal data,No,Inherited/global; service policy required,Data subject; authorised operations,Contract/legal obligation/legitimate interests as documented; never infer consent from notice acknowledgement,Purpose-specific controller schedule,Mutable through audited service command,Encrypted at rest and in transit,Required for create/update/delete/read-export where material
iam,email_change_requests,Dual-confirmation email-address changes,status,text,No,,No,,No,Controlled lifecycle state,Confidential personal data,No,Inherited/global; service policy required,Data subject; authorised operations,Contract/legal obligation/legitimate interests as documented; never infer consent from notice acknowledgement,Purpose-specific controller schedule,Mutable through audited service command,Encrypted at rest and in transit,Required for create/update/delete/read-export where material
iam,email_change_requests,Dual-confirmation email-address changes,created_at,timestamptz,No,now(),No,,No,Immutable record creation time in UTC,Confidential personal data,No,Inherited/global; service policy required,Data subject; authorised operations,Contract/legal obligation/legitimate interests as documented; never infer consent from notice acknowledgement,Purpose-specific controller schedule,Append-only / immutable,Encrypted at rest and in transit,Required for create/update/delete/read-export where material
iam,email_change_requests,Dual-confirmation email-address changes,completed_at,timestamptz,Yes,,No,,No,Completed timestamp,Confidential personal data,No,Inherited/global; service policy required,Data subject; authorised operations,Contract/legal obligation/legitimate interests as documented; never infer consent from notice acknowledgement,Purpose-specific controller schedule,Mutable through audited service command,Encrypted at rest and in transit,Required for create/update/delete/read-export where material
iam,membership_roles,Scoped role grants,membership_id,uuid,No,,Yes,iam.memberships(id),No,Membership reference,Internal operational data,No,Inherited/global; service policy required,Authorised role by tenant and purpose,Contract/legal obligation/legitimate interests as documented; never infer consent from notice acknowledgement,Entity lifecycle schedule,Mutable through audited service command,Encrypted at rest and in transit,Required for create/update/delete/read-export where material
iam,membership_roles,Scoped role grants,role_id,uuid,No,,Yes,iam.roles(id),No,Role reference,Internal operational data,No,Inherited/global; service policy required,Authorised role by tenant and purpose,Contract/legal obligation/legitimate interests as documented; never infer consent from notice acknowledgement,Entity lifecycle schedule,Mutable through audited service command,Encrypted at rest and in transit,Required for create/update/delete/read-export where material
iam,membership_roles,Scoped role grants,scope_type,text,No,'tenant',Yes,,No,Scope type,Internal operational data,No,Inherited/global; service policy required,Authorised role by tenant and purpose,Contract/legal obligation/legitimate interests as documented; never infer consent from notice acknowledgement,Entity lifecycle schedule,Mutable through audited service command,Encrypted at rest and in transit,Required for create/update/delete/read-export where material
iam,membership_roles,Scoped role grants,scope_id,uuid,No,,Yes,,No,Scope reference,Internal operational data,No,Inherited/global; service policy required,Authorised role by tenant and purpose,Contract/legal obligation/legitimate interests as documented; never infer consent from notice acknowledgement,Entity lifecycle schedule,Mutable through audited service command,Encrypted at rest and in transit,Required for create/update/delete/read-export where material
iam,membership_roles,Scoped role grants,granted_by,uuid,Yes,,No,iam.users(id),No,Granted by,Internal operational data,No,Inherited/global; service policy required,Authorised role by tenant and purpose,Contract/legal obligation/legitimate interests as documented; never infer consent from notice acknowledgement,Entity lifecycle schedule,Mutable through audited service command,Encrypted at rest and in transit,Required for create/update/delete/read-export where material
iam,membership_roles,Scoped role grants,granted_at,timestamptz,No,now(),No,,No,Granted timestamp,Internal operational data,No,Inherited/global; service policy required,Authorised role by tenant and purpose,Contract/legal obligation/legitimate interests as documented; never infer consent from notice acknowledgement,Entity lifecycle schedule,Mutable through audited service command,Encrypted at rest and in transit,Required for create/update/delete/read-export where material
iam,membership_roles,Scoped role grants,expires_at,timestamptz,Yes,,No,,No,Expires timestamp,Internal operational data,No,Inherited/global; service policy required,Authorised role by tenant and purpose,Contract/legal obligation/legitimate interests as documented; never infer consent from notice acknowledgement,Entity lifecycle schedule,Mutable through audited service command,Encrypted at rest and in transit,Required for create/update/delete/read-export where material
iam,memberships,User membership in tenant,id,uuid,No,gen_random_uuid(),Yes,,No,Stable record identifier,Internal operational data,No,Direct tenant_id,Authorised role by tenant and purpose,Contract/legal obligation/legitimate interests as documented; never infer consent from notice acknowledgement,Entity lifecycle schedule,Mutable through audited service command,Encrypted at rest and in transit,Required for create/update/delete/read-export where material
iam,memberships,User membership in tenant,tenant_id,uuid,Yes,,No,tenant.organizations(id),Composite/Yes,Employer tenant isolation key,Internal operational data,No,Direct tenant_id,Authorised role by tenant and purpose,Contract/legal obligation/legitimate interests as documented; never infer consent from notice acknowledgement,Entity lifecycle schedule,Mutable through audited service command,Encrypted at rest and in transit,Required for create/update/delete/read-export where material
iam,memberships,User membership in tenant,user_id,uuid,No,,No,iam.users(id),Composite/Yes,Related human or service user,Internal operational data,No,Direct tenant_id,Authorised role by tenant and purpose,Contract/legal obligation/legitimate interests as documented; never infer consent from notice acknowledgement,Entity lifecycle schedule,Mutable through audited service command,Encrypted at rest and in transit,Required for create/update/delete/read-export where material
iam,memberships,User membership in tenant,department_id,uuid,Yes,,No,tenant.departments(id),No,Department reference,Internal operational data,No,Direct tenant_id,Authorised role by tenant and purpose,Contract/legal obligation/legitimate interests as documented; never infer consent from notice acknowledgement,Entity lifecycle schedule,Mutable through audited service command,Encrypted at rest and in transit,Required for create/update/delete/read-export where material
iam,memberships,User membership in tenant,team_id,uuid,Yes,,No,tenant.teams(id),No,Team reference,Internal operational data,No,Direct tenant_id,Authorised role by tenant and purpose,Contract/legal obligation/legitimate interests as documented; never infer consent from notice acknowledgement,Entity lifecycle schedule,Mutable through audited service command,Encrypted at rest and in transit,Required for create/update/delete/read-export where material
iam,memberships,User membership in tenant,status,text,No,,No,,No,Controlled lifecycle state,Internal operational data,No,Direct tenant_id,Authorised role by tenant and purpose,Contract/legal obligation/legitimate interests as documented; never infer consent from notice acknowledgement,Entity lifecycle schedule,Mutable through audited service command,Encrypted at rest and in transit,Required for create/update/delete/read-export where material
iam,memberships,User membership in tenant,starts_at,timestamptz,No,now(),No,,No,Starts timestamp,Internal operational data,No,Direct tenant_id,Authorised role by tenant and purpose,Contract/legal obligation/legitimate interests as documented; never infer consent from notice acknowledgement,Entity lifecycle schedule,Mutable through audited service command,Encrypted at rest and in transit,Required for create/update/delete/read-export where material
iam,memberships,User membership in tenant,ends_at,timestamptz,Yes,,No,,No,Ends timestamp,Internal operational data,No,Direct tenant_id,Authorised role by tenant and purpose,Contract/legal obligation/legitimate interests as documented; never infer consent from notice acknowledgement,Entity lifecycle schedule,Mutable through audited service command,Encrypted at rest and in transit,Required for create/update/delete/read-export where material
iam,memberships,User membership in tenant,created_at,timestamptz,No,now(),No,,No,Immutable record creation time in UTC,Internal operational data,No,Direct tenant_id,Authorised role by tenant and purpose,Contract/legal obligation/legitimate interests as documented; never infer consent from notice acknowledgement,Entity lifecycle schedule,Append-only / immutable,Encrypted at rest and in transit,Required for create/update/delete/read-export where material
iam,memberships,User membership in tenant,updated_at,timestamptz,No,now(),No,,No,Last mutable update time in UTC,Internal operational data,No,Direct tenant_id,Authorised role by tenant and purpose,Contract/legal obligation/legitimate interests as documented; never infer consent from notice acknowledgement,Entity lifecycle schedule,Mutable through audited service command,Encrypted at rest and in transit,Required for create/update/delete/read-export where material
iam,notification_preferences,Per-user notification channel and category choices,id,uuid,No,gen_random_uuid(),Yes,,No,Stable record identifier,Internal operational data,No,Inherited/global; service policy required,Authorised role by tenant and purpose,Contract/legal obligation/legitimate interests as documented; never infer consent from notice acknowledgement,Entity lifecycle schedule,Mutable through audited service command,Encrypted at rest and in transit,Required for create/update/delete/read-export where material
iam,notification_preferences,Per-user notification channel and category choices,user_id,uuid,No,,No,iam.users(id),Composite/Yes,Related human or service user,Internal operational data,No,Inherited/global; service policy required,Authorised role by tenant and purpose,Contract/legal obligation/legitimate interests as documented; never infer consent from notice acknowledgement,Entity lifecycle schedule,Mutable through audited service command,Encrypted at rest and in transit,Required for create/update/delete/read-export where material
iam,notification_preferences,Per-user notification channel and category choices,channel,text,No,,No,,Composite/Yes,Channel,Internal operational data,No,Inherited/global; service policy required,Authorised role by tenant and purpose,Contract/legal obligation/legitimate interests as documented; never infer consent from notice acknowledgement,Entity lifecycle schedule,Mutable through audited service command,Encrypted at rest and in transit,Required for create/update/delete/read-export where material
iam,notification_preferences,Per-user notification channel and category choices,category,text,No,,No,,Composite/Yes,Category,Internal operational data,No,Inherited/global; service policy required,Authorised role by tenant and purpose,Contract/legal obligation/legitimate interests as documented; never infer consent from notice acknowledgement,Entity lifecycle schedule,Mutable through audited service command,Encrypted at rest and in transit,Required for create/update/delete/read-export where material
iam,notification_preferences,Per-user notification channel and category choices,enabled,boolean,No,true,No,,No,Enabled,Internal operational data,No,Inherited/global; service policy required,Authorised role by tenant and purpose,Contract/legal obligation/legitimate interests as documented; never infer consent from notice acknowledgement,Entity lifecycle schedule,Mutable through audited service command,Encrypted at rest and in transit,Required for create/update/delete/read-export where material
iam,notification_preferences,Per-user notification channel and category choices,mandatory,boolean,No,false,No,,No,Mandatory,Internal operational data,No,Inherited/global; service policy required,Authorised role by tenant and purpose,Contract/legal obligation/legitimate interests as documented; never infer consent from notice acknowledgement,Entity lifecycle schedule,Mutable through audited service command,Encrypted at rest and in transit,Required for create/update/delete/read-export where material
iam,notification_preferences,Per-user notification channel and category choices,digest_frequency,text,No,'immediate',No,,No,Digest frequency,Internal operational data,No,Inherited/global; service policy required,Authorised role by tenant and purpose,Contract/legal obligation/legitimate interests as documented; never infer consent from notice acknowledgement,Entity lifecycle schedule,Mutable through audited service command,Encrypted at rest and in transit,Required for create/update/delete/read-export where material
iam,notification_preferences,Per-user notification channel and category choices,updated_at,timestamptz,No,now(),No,,No,Last mutable update time in UTC,Internal operational data,No,Inherited/global; service policy required,Authorised role by tenant and purpose,Contract/legal obligation/legitimate interests as documented; never infer consent from notice acknowledgement,Entity lifecycle schedule,Mutable through audited service command,Encrypted at rest and in transit,Required for create/update/delete/read-export where material
iam,onboarding_progress,Role-based onboarding and material-change acknowledgements,id,uuid,No,gen_random_uuid(),Yes,,No,Stable record identifier,Internal operational data,No,Inherited/global; service policy required,Authorised role by tenant and purpose,Contract/legal obligation/legitimate interests as documented; never infer consent from notice acknowledgement,Entity lifecycle schedule,Mutable through audited service command,Encrypted at rest and in transit,Required for create/update/delete/read-export where material
iam,onboarding_progress,Role-based onboarding and material-change acknowledgements,user_id,uuid,No,,No,iam.users(id),Composite/Yes,Related human or service user,Internal operational data,No,Inherited/global; service policy required,Authorised role by tenant and purpose,Contract/legal obligation/legitimate interests as documented; never infer consent from notice acknowledgement,Entity lifecycle schedule,Mutable through audited service command,Encrypted at rest and in transit,Required for create/update/delete/read-export where material
iam,onboarding_progress,Role-based onboarding and material-change acknowledgements,role_code,text,No,,No,,Composite/Yes,Role code,Internal operational data,No,Inherited/global; service policy required,Authorised role by tenant and purpose,Contract/legal obligation/legitimate interests as documented; never infer consent from notice acknowledgement,Entity lifecycle schedule,Mutable through audited service command,Encrypted at rest and in transit,Required for create/update/delete/read-export where material
iam,onboarding_progress,Role-based onboarding and material-change acknowledgements,step_code,text,No,,No,,Composite/Yes,Step code,Internal operational data,No,Inherited/global; service policy required,Authorised role by tenant and purpose,Contract/legal obligation/legitimate interests as documented; never infer consent from notice acknowledgement,Entity lifecycle schedule,Mutable through audited service command,Encrypted at rest and in transit,Required for create/update/delete/read-export where material
iam,onboarding_progress,Role-based onboarding and material-change acknowledgements,material_version,text,Yes,,No,,Composite/Yes,Material version,Internal operational data,No,Inherited/global; service policy required,Authorised role by tenant and purpose,Contract/legal obligation/legitimate interests as documented; never infer consent from notice acknowledgement,Entity lifecycle schedule,Mutable through audited service command,Encrypted at rest and in transit,Required for create/update/delete/read-export where material
iam,onboarding_progress,Role-based onboarding and material-change acknowledgements,status,text,No,,No,,No,Controlled lifecycle state,Internal operational data,No,Inherited/global; service policy required,Authorised role by tenant and purpose,Contract/legal obligation/legitimate interests as documented; never infer consent from notice acknowledgement,Entity lifecycle schedule,Mutable through audited service command,Encrypted at rest and in transit,Required for create/update/delete/read-export where material
iam,onboarding_progress,Role-based onboarding and material-change acknowledgements,completed_at,timestamptz,Yes,,No,,No,Completed timestamp,Internal operational data,No,Inherited/global; service policy required,Authorised role by tenant and purpose,Contract/legal obligation/legitimate interests as documented; never infer consent from notice acknowledgement,Entity lifecycle schedule,Mutable through audited service command,Encrypted at rest and in transit,Required for create/update/delete/read-export where material
iam,onboarding_progress,Role-based onboarding and material-change acknowledgements,updated_at,timestamptz,No,now(),No,,No,Last mutable update time in UTC,Internal operational data,No,Inherited/global; service policy required,Authorised role by tenant and purpose,Contract/legal obligation/legitimate interests as documented; never infer consent from notice acknowledgement,Entity lifecycle schedule,Mutable through audited service command,Encrypted at rest and in transit,Required for create/update/delete/read-export where material
iam,password_reset_tokens,Hashed single-use password-recovery tokens,id,uuid,No,gen_random_uuid(),Yes,,No,Stable record identifier,Restricted authentication secret,No,Inherited/global; service policy required,Security / IAM only,Contract/legal obligation/legitimate interests as documented; never infer consent from notice acknowledgement,Security credential schedule,Mutable through audited service command,Hashed or envelope-encrypted,Required for create/update/delete/read-export where material
iam,password_reset_tokens,Hashed single-use password-recovery tokens,user_id,uuid,No,,No,iam.users(id),No,Related human or service user,Restricted authentication secret,No,Inherited/global; service policy required,Security / IAM only,Contract/legal obligation/legitimate interests as documented; never infer consent from notice acknowledgement,Security credential schedule,Mutable through audited service command,Hashed or envelope-encrypted,Required for create/update/delete/read-export where material
iam,password_reset_tokens,Hashed single-use password-recovery tokens,token_hash,text,No,,No,,Yes,Token hash,Restricted authentication secret,No,Inherited/global; service policy required,Security / IAM only,Contract/legal obligation/legitimate interests as documented; never infer consent from notice acknowledgement,Security credential schedule,Mutable through audited service command,Hashed or envelope-encrypted,Required for create/update/delete/read-export where material
iam,password_reset_tokens,Hashed single-use password-recovery tokens,requested_ip_hash,text,Yes,,No,,No,Requested ip hash,Restricted authentication secret,No,Inherited/global; service policy required,Security / IAM only,Contract/legal obligation/legitimate interests as documented; never infer consent from notice acknowledgement,Security credential schedule,Mutable through audited service command,Hashed or envelope-encrypted,Required for create/update/delete/read-export where material
iam,password_reset_tokens,Hashed single-use password-recovery tokens,expires_at,timestamptz,No,,No,,No,Expires timestamp,Restricted authentication secret,No,Inherited/global; service policy required,Security / IAM only,Contract/legal obligation/legitimate interests as documented; never infer consent from notice acknowledgement,Security credential schedule,Mutable through audited service command,Hashed or envelope-encrypted,Required for create/update/delete/read-export where material
iam,password_reset_tokens,Hashed single-use password-recovery tokens,used_at,timestamptz,Yes,,No,,No,Used timestamp,Restricted authentication secret,No,Inherited/global; service policy required,Security / IAM only,Contract/legal obligation/legitimate interests as documented; never infer consent from notice acknowledgement,Security credential schedule,Mutable through audited service command,Hashed or envelope-encrypted,Required for create/update/delete/read-export where material
iam,password_reset_tokens,Hashed single-use password-recovery tokens,revoked_at,timestamptz,Yes,,No,,No,Revoked timestamp,Restricted authentication secret,No,Inherited/global; service policy required,Security / IAM only,Contract/legal obligation/legitimate interests as documented; never infer consent from notice acknowledgement,Security credential schedule,Mutable through audited service command,Hashed or envelope-encrypted,Required for create/update/delete/read-export where material
iam,password_reset_tokens,Hashed single-use password-recovery tokens,created_at,timestamptz,No,now(),No,,No,Immutable record creation time in UTC,Restricted authentication secret,No,Inherited/global; service policy required,Security / IAM only,Contract/legal obligation/legitimate interests as documented; never infer consent from notice acknowledgement,Security credential schedule,Append-only / immutable,Hashed or envelope-encrypted,Required for create/update/delete/read-export where material
iam,permissions,Atomic permission registry,id,uuid,No,gen_random_uuid(),Yes,,No,Stable record identifier,Internal operational data,No,Inherited/global; service policy required,Authorised role by tenant and purpose,Contract/legal obligation/legitimate interests as documented; never infer consent from notice acknowledgement,Entity lifecycle schedule,Mutable through audited service command,Encrypted at rest and in transit,Required for create/update/delete/read-export where material
iam,permissions,Atomic permission registry,code,text,No,,No,,Yes,Code,Internal operational data,No,Inherited/global; service policy required,Authorised role by tenant and purpose,Contract/legal obligation/legitimate interests as documented; never infer consent from notice acknowledgement,Entity lifecycle schedule,Mutable through audited service command,Encrypted at rest and in transit,Required for create/update/delete/read-export where material
iam,permissions,Atomic permission registry,description,text,No,,No,,No,Description,Internal operational data,No,Inherited/global; service policy required,Authorised role by tenant and purpose,Contract/legal obligation/legitimate interests as documented; never infer consent from notice acknowledgement,Entity lifecycle schedule,Mutable through audited service command,Encrypted at rest and in transit,Required for create/update/delete/read-export where material
iam,permissions,Atomic permission registry,created_at,timestamptz,No,now(),No,,No,Immutable record creation time in UTC,Internal operational data,No,Inherited/global; service policy required,Authorised role by tenant and purpose,Contract/legal obligation/legitimate interests as documented; never infer consent from notice acknowledgement,Entity lifecycle schedule,Append-only / immutable,Encrypted at rest and in transit,Required for create/update/delete/read-export where material
iam,privileged_access_grants,Just-in-time support access approval,id,uuid,No,gen_random_uuid(),Yes,,No,Stable record identifier,Internal operational data,No,Direct tenant_id,Authorised role by tenant and purpose,Contract/legal obligation/legitimate interests as documented; never infer consent from notice acknowledgement,Entity lifecycle schedule,Mutable through audited service command,Encrypted at rest and in transit,Required for create/update/delete/read-export where material
iam,privileged_access_grants,Just-in-time support access approval,tenant_id,uuid,No,,No,tenant.organizations(id),No,Employer tenant isolation key,Internal operational data,No,Direct tenant_id,Authorised role by tenant and purpose,Contract/legal obligation/legitimate interests as documented; never infer consent from notice acknowledgement,Entity lifecycle schedule,Mutable through audited service command,Encrypted at rest and in transit,Required for create/update/delete/read-export where material
iam,privileged_access_grants,Just-in-time support access approval,user_id,uuid,No,,No,iam.users(id),No,Related human or service user,Internal operational data,No,Direct tenant_id,Authorised role by tenant and purpose,Contract/legal obligation/legitimate interests as documented; never infer consent from notice acknowledgement,Entity lifecycle schedule,Mutable through audited service command,Encrypted at rest and in transit,Required for create/update/delete/read-export where material
iam,privileged_access_grants,Just-in-time support access approval,case_reference,text,No,,No,,No,Case reference,Internal operational data,No,Direct tenant_id,Authorised role by tenant and purpose,Contract/legal obligation/legitimate interests as documented; never infer consent from notice acknowledgement,Entity lifecycle schedule,Mutable through audited service command,Encrypted at rest and in transit,Required for create/update/delete/read-export where material
iam,privileged_access_grants,Just-in-time support access approval,purpose,text,No,,No,,No,Purpose,Internal operational data,No,Direct tenant_id,Authorised role by tenant and purpose,Contract/legal obligation/legitimate interests as documented; never infer consent from notice acknowledgement,Entity lifecycle schedule,Mutable through audited service command,Encrypted at rest and in transit,Required for create/update/delete/read-export where material
iam,privileged_access_grants,Just-in-time support access approval,approved_by,uuid,No,,No,iam.users(id),No,Approved by,Internal operational data,No,Direct tenant_id,Authorised role by tenant and purpose,Contract/legal obligation/legitimate interests as documented; never infer consent from notice acknowledgement,Entity lifecycle schedule,Mutable through audited service command,Encrypted at rest and in transit,Required for create/update/delete/read-export where material
iam,privileged_access_grants,Just-in-time support access approval,starts_at,timestamptz,No,,No,,No,Starts timestamp,Internal operational data,No,Direct tenant_id,Authorised role by tenant and purpose,Contract/legal obligation/legitimate interests as documented; never infer consent from notice acknowledgement,Entity lifecycle schedule,Mutable through audited service command,Encrypted at rest and in transit,Required for create/update/delete/read-export where material
iam,privileged_access_grants,Just-in-time support access approval,expires_at,timestamptz,No,,No,,No,Expires timestamp,Internal operational data,No,Direct tenant_id,Authorised role by tenant and purpose,Contract/legal obligation/legitimate interests as documented; never infer consent from notice acknowledgement,Entity lifecycle schedule,Mutable through audited service command,Encrypted at rest and in transit,Required for create/update/delete/read-export where material
iam,privileged_access_grants,Just-in-time support access approval,revoked_at,timestamptz,Yes,,No,,No,Revoked timestamp,Internal operational data,No,Direct tenant_id,Authorised role by tenant and purpose,Contract/legal obligation/legitimate interests as documented; never infer consent from notice acknowledgement,Entity lifecycle schedule,Mutable through audited service command,Encrypted at rest and in transit,Required for create/update/delete/read-export where material
iam,privileged_access_grants,Just-in-time support access approval,created_at,timestamptz,No,now(),No,,No,Immutable record creation time in UTC,Internal operational data,No,Direct tenant_id,Authorised role by tenant and purpose,Contract/legal obligation/legitimate interests as documented; never infer consent from notice acknowledgement,Entity lifecycle schedule,Append-only / immutable,Encrypted at rest and in transit,Required for create/update/delete/read-export where material
iam,recovery_codes,Hashed one-time MFA recovery codes,id,uuid,No,gen_random_uuid(),Yes,,No,Stable record identifier,Restricted authentication secret,No,Inherited/global; service policy required,Security / IAM only,Contract/legal obligation/legitimate interests as documented; never infer consent from notice acknowledgement,Security credential schedule,Mutable through audited service command,Hashed or envelope-encrypted,Required for create/update/delete/read-export where material
iam,recovery_codes,Hashed one-time MFA recovery codes,user_id,uuid,No,,No,iam.users(id),No,Related human or service user,Restricted authentication secret,No,Inherited/global; service policy required,Security / IAM only,Contract/legal obligation/legitimate interests as documented; never infer consent from notice acknowledgement,Security credential schedule,Mutable through audited service command,Hashed or envelope-encrypted,Required for create/update/delete/read-export where material
iam,recovery_codes,Hashed one-time MFA recovery codes,code_hash,text,No,,No,,Yes,Code hash,Restricted authentication secret,No,Inherited/global; service policy required,Security / IAM only,Contract/legal obligation/legitimate interests as documented; never infer consent from notice acknowledgement,Security credential schedule,Mutable through audited service command,Hashed or envelope-encrypted,Required for create/update/delete/read-export where material
iam,recovery_codes,Hashed one-time MFA recovery codes,generated_at,timestamptz,No,now(),No,,No,Generated timestamp,Restricted authentication secret,No,Inherited/global; service policy required,Security / IAM only,Contract/legal obligation/legitimate interests as documented; never infer consent from notice acknowledgement,Security credential schedule,Mutable through audited service command,Hashed or envelope-encrypted,Required for create/update/delete/read-export where material
iam,recovery_codes,Hashed one-time MFA recovery codes,used_at,timestamptz,Yes,,No,,No,Used timestamp,Restricted authentication secret,No,Inherited/global; service policy required,Security / IAM only,Contract/legal obligation/legitimate interests as documented; never infer consent from notice acknowledgement,Security credential schedule,Mutable through audited service command,Hashed or envelope-encrypted,Required for create/update/delete/read-export where material
iam,recovery_codes,Hashed one-time MFA recovery codes,revoked_at,timestamptz,Yes,,No,,No,Revoked timestamp,Restricted authentication secret,No,Inherited/global; service policy required,Security / IAM only,Contract/legal obligation/legitimate interests as documented; never infer consent from notice acknowledgement,Security credential schedule,Mutable through audited service command,Hashed or envelope-encrypted,Required for create/update/delete/read-export where material
iam,role_permissions,Role-to-permission mapping,role_id,uuid,No,,Yes,iam.roles(id),No,Role reference,Internal operational data,No,Inherited/global; service policy required,Authorised role by tenant and purpose,Contract/legal obligation/legitimate interests as documented; never infer consent from notice acknowledgement,Entity lifecycle schedule,Mutable through audited service command,Encrypted at rest and in transit,Required for create/update/delete/read-export where material
iam,role_permissions,Role-to-permission mapping,permission_id,uuid,No,,Yes,iam.permissions(id),No,Permission reference,Internal operational data,No,Inherited/global; service policy required,Authorised role by tenant and purpose,Contract/legal obligation/legitimate interests as documented; never infer consent from notice acknowledgement,Entity lifecycle schedule,Mutable through audited service command,Encrypted at rest and in transit,Required for create/update/delete/read-export where material
iam,roles,System role definitions,id,uuid,No,gen_random_uuid(),Yes,,No,Stable record identifier,Internal operational data,No,Inherited/global; service policy required,Authorised role by tenant and purpose,Contract/legal obligation/legitimate interests as documented; never infer consent from notice acknowledgement,Entity lifecycle schedule,Mutable through audited service command,Encrypted at rest and in transit,Required for create/update/delete/read-export where material
iam,roles,System role definitions,code,text,No,,No,,Yes,Code,Internal operational data,No,Inherited/global; service policy required,Authorised role by tenant and purpose,Contract/legal obligation/legitimate interests as documented; never infer consent from notice acknowledgement,Entity lifecycle schedule,Mutable through audited service command,Encrypted at rest and in transit,Required for create/update/delete/read-export where material
iam,roles,System role definitions,name,text,No,,No,,No,Name,Internal operational data,No,Inherited/global; service policy required,Authorised role by tenant and purpose,Contract/legal obligation/legitimate interests as documented; never infer consent from notice acknowledgement,Entity lifecycle schedule,Mutable through audited service command,Encrypted at rest and in transit,Required for create/update/delete/read-export where material
iam,roles,System role definitions,scope,text,No,,No,,No,Scope,Internal operational data,No,Inherited/global; service policy required,Authorised role by tenant and purpose,Contract/legal obligation/legitimate interests as documented; never infer consent from notice acknowledgement,Entity lifecycle schedule,Mutable through audited service command,Encrypted at rest and in transit,Required for create/update/delete/read-export where material
iam,roles,System role definitions,is_system,boolean,No,true,No,,No,Is system,Internal operational data,No,Inherited/global; service policy required,Authorised role by tenant and purpose,Contract/legal obligation/legitimate interests as documented; never infer consent from notice acknowledgement,Entity lifecycle schedule,Mutable through audited service command,Encrypted at rest and in transit,Required for create/update/delete/read-export where material
iam,roles,System role definitions,created_at,timestamptz,No,now(),No,,No,Immutable record creation time in UTC,Internal operational data,No,Inherited/global; service policy required,Authorised role by tenant and purpose,Contract/legal obligation/legitimate interests as documented; never infer consent from notice acknowledgement,Entity lifecycle schedule,Append-only / immutable,Encrypted at rest and in transit,Required for create/update/delete/read-export where material
iam,sso_connections,Tenant SSO configuration,id,uuid,No,gen_random_uuid(),Yes,,No,Stable record identifier,Internal operational data,No,Direct tenant_id,Authorised role by tenant and purpose,Contract/legal obligation/legitimate interests as documented; never infer consent from notice acknowledgement,Entity lifecycle schedule,Mutable through audited service command,Encrypted at rest and in transit,Required for create/update/delete/read-export where material
iam,sso_connections,Tenant SSO configuration,tenant_id,uuid,No,,No,tenant.organizations(id),No,Employer tenant isolation key,Internal operational data,No,Direct tenant_id,Authorised role by tenant and purpose,Contract/legal obligation/legitimate interests as documented; never infer consent from notice acknowledgement,Entity lifecycle schedule,Mutable through audited service command,Encrypted at rest and in transit,Required for create/update/delete/read-export where material
iam,sso_connections,Tenant SSO configuration,protocol,text,No,,No,,No,Protocol,Internal operational data,No,Direct tenant_id,Authorised role by tenant and purpose,Contract/legal obligation/legitimate interests as documented; never infer consent from notice acknowledgement,Entity lifecycle schedule,Mutable through audited service command,Encrypted at rest and in transit,Required for create/update/delete/read-export where material
iam,sso_connections,Tenant SSO configuration,issuer,text,No,,No,,No,Issuer,Internal operational data,No,Direct tenant_id,Authorised role by tenant and purpose,Contract/legal obligation/legitimate interests as documented; never infer consent from notice acknowledgement,Entity lifecycle schedule,Mutable through audited service command,Encrypted at rest and in transit,Required for create/update/delete/read-export where material
iam,sso_connections,Tenant SSO configuration,client_id,text,Yes,,No,,No,Client reference,Internal operational data,No,Direct tenant_id,Authorised role by tenant and purpose,Contract/legal obligation/legitimate interests as documented; never infer consent from notice acknowledgement,Entity lifecycle schedule,Mutable through audited service command,Encrypted at rest and in transit,Required for create/update/delete/read-export where material
iam,sso_connections,Tenant SSO configuration,encrypted_secret,bytea,Yes,,No,,No,Encrypted secret,Restricted authentication secret,No,Direct tenant_id,Security / IAM only,Contract/legal obligation/legitimate interests as documented; never infer consent from notice acknowledgement,Security credential schedule,Mutable through audited service command,Hashed or envelope-encrypted,Required for create/update/delete/read-export where material
iam,sso_connections,Tenant SSO configuration,config,jsonb,No,'{}'::jsonb,No,,No,Config,Internal operational data,No,Direct tenant_id,Authorised role by tenant and purpose,Contract/legal obligation/legitimate interests as documented; never infer consent from notice acknowledgement,Entity lifecycle schedule,Mutable through audited service command,Encrypted at rest and in transit,Required for create/update/delete/read-export where material
iam,sso_connections,Tenant SSO configuration,status,text,No,,No,,No,Controlled lifecycle state,Internal operational data,No,Direct tenant_id,Authorised role by tenant and purpose,Contract/legal obligation/legitimate interests as documented; never infer consent from notice acknowledgement,Entity lifecycle schedule,Mutable through audited service command,Encrypted at rest and in transit,Required for create/update/delete/read-export where material
iam,sso_connections,Tenant SSO configuration,created_at,timestamptz,No,now(),No,,No,Immutable record creation time in UTC,Internal operational data,No,Direct tenant_id,Authorised role by tenant and purpose,Contract/legal obligation/legitimate interests as documented; never infer consent from notice acknowledgement,Entity lifecycle schedule,Append-only / immutable,Encrypted at rest and in transit,Required for create/update/delete/read-export where material
iam,sso_connections,Tenant SSO configuration,updated_at,timestamptz,No,now(),No,,No,Last mutable update time in UTC,Internal operational data,No,Direct tenant_id,Authorised role by tenant and purpose,Contract/legal obligation/legitimate interests as documented; never infer consent from notice acknowledgement,Entity lifecycle schedule,Mutable through audited service command,Encrypted at rest and in transit,Required for create/update/delete/read-export where material
iam,staff_invitations,Platform and tenant staff invitation lifecycle,id,uuid,No,gen_random_uuid(),Yes,,No,Stable record identifier,Internal operational data,No,Direct tenant_id,Authorised role by tenant and purpose,Contract/legal obligation/legitimate interests as documented; never infer consent from notice acknowledgement,Entity lifecycle schedule,Mutable through audited service command,Encrypted at rest and in transit,Required for create/update/delete/read-export where material
iam,staff_invitations,Platform and tenant staff invitation lifecycle,tenant_id,uuid,Yes,,No,tenant.organizations(id),No,Employer tenant isolation key,Internal operational data,No,Direct tenant_id,Authorised role by tenant and purpose,Contract/legal obligation/legitimate interests as documented; never infer consent from notice acknowledgement,Entity lifecycle schedule,Mutable through audited service command,Encrypted at rest and in transit,Required for create/update/delete/read-export where material
iam,staff_invitations,Platform and tenant staff invitation lifecycle,email_hash,text,No,,No,,No,Email hash,Confidential personal data,No,Direct tenant_id,Data subject; authorised operations,Contract/legal obligation/legitimate interests as documented; never infer consent from notice acknowledgement,Purpose-specific controller schedule,Mutable through audited service command,Encrypted at rest and in transit,Required for create/update/delete/read-export where material
iam,staff_invitations,Platform and tenant staff invitation lifecycle,encrypted_email,bytea,No,,No,,No,Encrypted email,Confidential personal data,No,Direct tenant_id,Data subject; authorised operations,Contract/legal obligation/legitimate interests as documented; never infer consent from notice acknowledgement,Purpose-specific controller schedule,Mutable through audited service command,Encrypted at rest and in transit,Required for create/update/delete/read-export where material
iam,staff_invitations,Platform and tenant staff invitation lifecycle,role_codes,jsonb,No,,No,,No,Role codes,Internal operational data,No,Direct tenant_id,Authorised role by tenant and purpose,Contract/legal obligation/legitimate interests as documented; never infer consent from notice acknowledgement,Entity lifecycle schedule,Mutable through audited service command,Encrypted at rest and in transit,Required for create/update/delete/read-export where material
iam,staff_invitations,Platform and tenant staff invitation lifecycle,token_hash,text,No,,No,,Yes,Token hash,Restricted authentication secret,No,Direct tenant_id,Security / IAM only,Contract/legal obligation/legitimate interests as documented; never infer consent from notice acknowledgement,Security credential schedule,Mutable through audited service command,Hashed or envelope-encrypted,Required for create/update/delete/read-export where material
iam,staff_invitations,Platform and tenant staff invitation lifecycle,invited_by,uuid,No,,No,iam.users(id),No,Invited by,Internal operational data,No,Direct tenant_id,Authorised role by tenant and purpose,Contract/legal obligation/legitimate interests as documented; never infer consent from notice acknowledgement,Entity lifecycle schedule,Mutable through audited service command,Encrypted at rest and in transit,Required for create/update/delete/read-export where material
iam,staff_invitations,Platform and tenant staff invitation lifecycle,status,text,No,,No,,No,Controlled lifecycle state,Internal operational data,No,Direct tenant_id,Authorised role by tenant and purpose,Contract/legal obligation/legitimate interests as documented; never infer consent from notice acknowledgement,Entity lifecycle schedule,Mutable through audited service command,Encrypted at rest and in transit,Required for create/update/delete/read-export where material
iam,staff_invitations,Platform and tenant staff invitation lifecycle,expires_at,timestamptz,No,,No,,No,Expires timestamp,Internal operational data,No,Direct tenant_id,Authorised role by tenant and purpose,Contract/legal obligation/legitimate interests as documented; never infer consent from notice acknowledgement,Entity lifecycle schedule,Mutable through audited service command,Encrypted at rest and in transit,Required for create/update/delete/read-export where material
iam,staff_invitations,Platform and tenant staff invitation lifecycle,accepted_user_id,uuid,Yes,,No,iam.users(id),No,Accepted user reference,Internal operational data,No,Direct tenant_id,Authorised role by tenant and purpose,Contract/legal obligation/legitimate interests as documented; never infer consent from notice acknowledgement,Entity lifecycle schedule,Mutable through audited service command,Encrypted at rest and in transit,Required for create/update/delete/read-export where material
iam,staff_invitations,Platform and tenant staff invitation lifecycle,created_at,timestamptz,No,now(),No,,No,Immutable record creation time in UTC,Internal operational data,No,Direct tenant_id,Authorised role by tenant and purpose,Contract/legal obligation/legitimate interests as documented; never infer consent from notice acknowledgement,Entity lifecycle schedule,Append-only / immutable,Encrypted at rest and in transit,Required for create/update/delete/read-export where material
iam,staff_invitations,Platform and tenant staff invitation lifecycle,accepted_at,timestamptz,Yes,,No,,No,Accepted timestamp,Internal operational data,No,Direct tenant_id,Authorised role by tenant and purpose,Contract/legal obligation/legitimate interests as documented; never infer consent from notice acknowledgement,Entity lifecycle schedule,Mutable through audited service command,Encrypted at rest and in transit,Required for create/update/delete/read-export where material
iam,staff_invitations,Platform and tenant staff invitation lifecycle,revoked_at,timestamptz,Yes,,No,,No,Revoked timestamp,Internal operational data,No,Direct tenant_id,Authorised role by tenant and purpose,Contract/legal obligation/legitimate interests as documented; never infer consent from notice acknowledgement,Entity lifecycle schedule,Mutable through audited service command,Encrypted at rest and in transit,Required for create/update/delete/read-export where material
iam,user_profiles,"User-facing profile, locale and accessibility preferences",user_id,uuid,No,,Yes,iam.users(id),No,Related human or service user,Internal operational data,No,Inherited/global; service policy required,Authorised role by tenant and purpose,Contract/legal obligation/legitimate interests as documented; never infer consent from notice acknowledgement,Entity lifecycle schedule,Mutable through audited service command,Encrypted at rest and in transit,Required for create/update/delete/read-export where material
iam,user_profiles,"User-facing profile, locale and accessibility preferences",preferred_name,text,Yes,,No,,No,Preferred name,Internal operational data,No,Inherited/global; service policy required,Authorised role by tenant and purpose,Contract/legal obligation/legitimate interests as documented; never infer consent from notice acknowledgement,Entity lifecycle schedule,Mutable through audited service command,Encrypted at rest and in transit,Required for create/update/delete/read-export where material
iam,user_profiles,"User-facing profile, locale and accessibility preferences",legal_name_correction_status,text,No,'none',No,,No,Legal name correction status,Confidential personal data,No,Inherited/global; service policy required,Data subject; authorised operations,Contract/legal obligation/legitimate interests as documented; never infer consent from notice acknowledgement,Purpose-specific controller schedule,Mutable through audited service command,Encrypted at rest and in transit,Required for create/update/delete/read-export where material
iam,user_profiles,"User-facing profile, locale and accessibility preferences",locale,text,No,'en-IE',No,,No,Locale,Internal operational data,No,Inherited/global; service policy required,Authorised role by tenant and purpose,Contract/legal obligation/legitimate interests as documented; never infer consent from notice acknowledgement,Entity lifecycle schedule,Mutable through audited service command,Encrypted at rest and in transit,Required for create/update/delete/read-export where material
iam,user_profiles,"User-facing profile, locale and accessibility preferences",timezone,text,No,'Europe/Dublin',No,,No,Timezone,Internal operational data,No,Inherited/global; service policy required,Authorised role by tenant and purpose,Contract/legal obligation/legitimate interests as documented; never infer consent from notice acknowledgement,Entity lifecycle schedule,Mutable through audited service command,Encrypted at rest and in transit,Required for create/update/delete/read-export where material
iam,user_profiles,"User-facing profile, locale and accessibility preferences",date_format,text,No,'locale',No,,No,Date format,Internal operational data,No,Inherited/global; service policy required,Authorised role by tenant and purpose,Contract/legal obligation/legitimate interests as documented; never infer consent from notice acknowledgement,Entity lifecycle schedule,Mutable through audited service command,Encrypted at rest and in transit,Required for create/update/delete/read-export where material
iam,user_profiles,"User-facing profile, locale and accessibility preferences",theme,text,No,'system',No,,No,Theme,Internal operational data,No,Inherited/global; service policy required,Authorised role by tenant and purpose,Contract/legal obligation/legitimate interests as documented; never infer consent from notice acknowledgement,Entity lifecycle schedule,Mutable through audited service command,Encrypted at rest and in transit,Required for create/update/delete/read-export where material
iam,user_profiles,"User-facing profile, locale and accessibility preferences",density,text,No,'comfortable',No,,No,Density,Internal operational data,No,Inherited/global; service policy required,Authorised role by tenant and purpose,Contract/legal obligation/legitimate interests as documented; never infer consent from notice acknowledgement,Entity lifecycle schedule,Mutable through audited service command,Encrypted at rest and in transit,Required for create/update/delete/read-export where material
iam,user_profiles,"User-facing profile, locale and accessibility preferences",reduced_motion,boolean,No,false,No,,No,Reduced motion,Internal operational data,No,Inherited/global; service policy required,Authorised role by tenant and purpose,Contract/legal obligation/legitimate interests as documented; never infer consent from notice acknowledgement,Entity lifecycle schedule,Mutable through audited service command,Encrypted at rest and in transit,Required for create/update/delete/read-export where material
iam,user_profiles,"User-facing profile, locale and accessibility preferences",accessibility_preferences,jsonb,No,'{}'::jsonb,No,,No,Accessibility preferences,Internal operational data,No,Inherited/global; service policy required,Authorised role by tenant and purpose,Contract/legal obligation/legitimate interests as documented; never infer consent from notice acknowledgement,Entity lifecycle schedule,Mutable through audited service command,Encrypted at rest and in transit,Required for create/update/delete/read-export where material
iam,user_profiles,"User-facing profile, locale and accessibility preferences",updated_at,timestamptz,No,now(),No,,No,Last mutable update time in UTC,Internal operational data,No,Inherited/global; service policy required,Authorised role by tenant and purpose,Contract/legal obligation/legitimate interests as documented; never infer consent from notice acknowledgement,Entity lifecycle schedule,Mutable through audited service command,Encrypted at rest and in transit,Required for create/update/delete/read-export where material
iam,user_sessions,Refresh-session and device revocation state,id,uuid,No,gen_random_uuid(),Yes,,No,Stable record identifier,Internal operational data,No,Inherited/global; service policy required,Authorised role by tenant and purpose,Contract/legal obligation/legitimate interests as documented; never infer consent from notice acknowledgement,Entity lifecycle schedule,Mutable through audited service command,Encrypted at rest and in transit,Required for create/update/delete/read-export where material
iam,user_sessions,Refresh-session and device revocation state,user_id,uuid,No,,No,iam.users(id),No,Related human or service user,Internal operational data,No,Inherited/global; service policy required,Authorised role by tenant and purpose,Contract/legal obligation/legitimate interests as documented; never infer consent from notice acknowledgement,Entity lifecycle schedule,Mutable through audited service command,Encrypted at rest and in transit,Required for create/update/delete/read-export where material
iam,user_sessions,Refresh-session and device revocation state,refresh_token_hash,text,No,,No,,Yes,Refresh token hash,Restricted authentication secret,No,Inherited/global; service policy required,Security / IAM only,Contract/legal obligation/legitimate interests as documented; never infer consent from notice acknowledgement,Security credential schedule,Mutable through audited service command,Hashed or envelope-encrypted,Required for create/update/delete/read-export where material
iam,user_sessions,Refresh-session and device revocation state,device_label,text,Yes,,No,,No,Device label,Internal operational data,No,Inherited/global; service policy required,Authorised role by tenant and purpose,Contract/legal obligation/legitimate interests as documented; never infer consent from notice acknowledgement,Entity lifecycle schedule,Mutable through audited service command,Encrypted at rest and in transit,Required for create/update/delete/read-export where material
iam,user_sessions,Refresh-session and device revocation state,device_fingerprint_hash,text,Yes,,No,,No,Device fingerprint hash,Internal operational data,No,Inherited/global; service policy required,Authorised role by tenant and purpose,Contract/legal obligation/legitimate interests as documented; never infer consent from notice acknowledgement,Entity lifecycle schedule,Mutable through audited service command,Encrypted at rest and in transit,Required for create/update/delete/read-export where material
iam,user_sessions,Refresh-session and device revocation state,ip_hash,text,Yes,,No,,No,Ip hash,Internal operational data,No,Inherited/global; service policy required,Authorised role by tenant and purpose,Contract/legal obligation/legitimate interests as documented; never infer consent from notice acknowledgement,Entity lifecycle schedule,Mutable through audited service command,Encrypted at rest and in transit,Required for create/update/delete/read-export where material
iam,user_sessions,Refresh-session and device revocation state,user_agent_hash,text,Yes,,No,,No,User agent hash,Internal operational data,No,Inherited/global; service policy required,Authorised role by tenant and purpose,Contract/legal obligation/legitimate interests as documented; never infer consent from notice acknowledgement,Entity lifecycle schedule,Mutable through audited service command,Encrypted at rest and in transit,Required for create/update/delete/read-export where material
iam,user_sessions,Refresh-session and device revocation state,created_at,timestamptz,No,now(),No,,No,Immutable record creation time in UTC,Internal operational data,No,Inherited/global; service policy required,Authorised role by tenant and purpose,Contract/legal obligation/legitimate interests as documented; never infer consent from notice acknowledgement,Entity lifecycle schedule,Append-only / immutable,Encrypted at rest and in transit,Required for create/update/delete/read-export where material
iam,user_sessions,Refresh-session and device revocation state,last_seen_at,timestamptz,No,now(),No,,No,Last seen timestamp,Internal operational data,No,Inherited/global; service policy required,Authorised role by tenant and purpose,Contract/legal obligation/legitimate interests as documented; never infer consent from notice acknowledgement,Entity lifecycle schedule,Mutable through audited service command,Encrypted at rest and in transit,Required for create/update/delete/read-export where material
iam,user_sessions,Refresh-session and device revocation state,expires_at,timestamptz,No,,No,,No,Expires timestamp,Internal operational data,No,Inherited/global; service policy required,Authorised role by tenant and purpose,Contract/legal obligation/legitimate interests as documented; never infer consent from notice acknowledgement,Entity lifecycle schedule,Mutable through audited service command,Encrypted at rest and in transit,Required for create/update/delete/read-export where material
iam,user_sessions,Refresh-session and device revocation state,revoked_at,timestamptz,Yes,,No,,No,Revoked timestamp,Internal operational data,No,Inherited/global; service policy required,Authorised role by tenant and purpose,Contract/legal obligation/legitimate interests as documented; never infer consent from notice acknowledgement,Entity lifecycle schedule,Mutable through audited service command,Encrypted at rest and in transit,Required for create/update/delete/read-export where material
iam,user_sessions,Refresh-session and device revocation state,revocation_reason,text,Yes,,No,,No,Revocation reason,Internal operational data,No,Inherited/global; service policy required,Authorised role by tenant and purpose,Contract/legal obligation/legitimate interests as documented; never infer consent from notice acknowledgement,Entity lifecycle schedule,Mutable through audited service command,Encrypted at rest and in transit,Required for create/update/delete/read-export where material
iam,users,Authentication subject and platform identity,id,uuid,No,gen_random_uuid(),Yes,,No,Stable record identifier,Internal operational data,No,Inherited/global; service policy required,Authorised role by tenant and purpose,Contract/legal obligation/legitimate interests as documented; never infer consent from notice acknowledgement,Entity lifecycle schedule,Mutable through audited service command,Encrypted at rest and in transit,Required for create/update/delete/read-export where material
iam,users,Authentication subject and platform identity,email,citext,Yes,,No,,Yes,Email,Confidential personal data,No,Inherited/global; service policy required,Data subject; authorised operations,Contract/legal obligation/legitimate interests as documented; never infer consent from notice acknowledgement,Purpose-specific controller schedule,Mutable through audited service command,Encrypted at rest and in transit,Required for create/update/delete/read-export where material
iam,users,Authentication subject and platform identity,display_name,text,Yes,,No,,No,Display name,Confidential personal data,No,Inherited/global; service policy required,Data subject; authorised operations,Contract/legal obligation/legitimate interests as documented; never infer consent from notice acknowledgement,Purpose-specific controller schedule,Mutable through audited service command,Encrypted at rest and in transit,Required for create/update/delete/read-export where material
iam,users,Authentication subject and platform identity,user_type,text,No,,No,,No,User type,Internal operational data,No,Inherited/global; service policy required,Authorised role by tenant and purpose,Contract/legal obligation/legitimate interests as documented; never infer consent from notice acknowledgement,Entity lifecycle schedule,Mutable through audited service command,Encrypted at rest and in transit,Required for create/update/delete/read-export where material
iam,users,Authentication subject and platform identity,status,text,No,,No,,No,Controlled lifecycle state,Internal operational data,No,Inherited/global; service policy required,Authorised role by tenant and purpose,Contract/legal obligation/legitimate interests as documented; never infer consent from notice acknowledgement,Entity lifecycle schedule,Mutable through audited service command,Encrypted at rest and in transit,Required for create/update/delete/read-export where material
iam,users,Authentication subject and platform identity,external_subject,text,Yes,,No,,No,External subject,Internal operational data,No,Inherited/global; service policy required,Authorised role by tenant and purpose,Contract/legal obligation/legitimate interests as documented; never infer consent from notice acknowledgement,Entity lifecycle schedule,Mutable through audited service command,Encrypted at rest and in transit,Required for create/update/delete/read-export where material
iam,users,Authentication subject and platform identity,mfa_enforced,boolean,No,false,No,,No,Mfa enforced,Internal operational data,No,Inherited/global; service policy required,Authorised role by tenant and purpose,Contract/legal obligation/legitimate interests as documented; never infer consent from notice acknowledgement,Entity lifecycle schedule,Mutable through audited service command,Encrypted at rest and in transit,Required for create/update/delete/read-export where material
iam,users,Authentication subject and platform identity,last_login_at,timestamptz,Yes,,No,,No,Last login timestamp,Internal operational data,No,Inherited/global; service policy required,Authorised role by tenant and purpose,Contract/legal obligation/legitimate interests as documented; never infer consent from notice acknowledgement,Entity lifecycle schedule,Mutable through audited service command,Encrypted at rest and in transit,Required for create/update/delete/read-export where material
iam,users,Authentication subject and platform identity,created_at,timestamptz,No,now(),No,,No,Immutable record creation time in UTC,Internal operational data,No,Inherited/global; service policy required,Authorised role by tenant and purpose,Contract/legal obligation/legitimate interests as documented; never infer consent from notice acknowledgement,Entity lifecycle schedule,Append-only / immutable,Encrypted at rest and in transit,Required for create/update/delete/read-export where material
iam,users,Authentication subject and platform identity,updated_at,timestamptz,No,now(),No,,No,Last mutable update time in UTC,Internal operational data,No,Inherited/global; service policy required,Authorised role by tenant and purpose,Contract/legal obligation/legitimate interests as documented; never infer consent from notice acknowledgement,Entity lifecycle schedule,Mutable through audited service command,Encrypted at rest and in transit,Required for create/update/delete/read-export where material
integration,connections,Scoped tenant integration configuration,id,uuid,No,gen_random_uuid(),Yes,,No,Stable record identifier,Internal operational data,No,Direct tenant_id,Authorised role by tenant and purpose,Contract/legal obligation/legitimate interests as documented; never infer consent from notice acknowledgement,Entity lifecycle schedule,Mutable through audited service command,Encrypted at rest and in transit,Required for create/update/delete/read-export where material
integration,connections,Scoped tenant integration configuration,tenant_id,uuid,No,,No,tenant.organizations(id),No,Employer tenant isolation key,Internal operational data,No,Direct tenant_id,Authorised role by tenant and purpose,Contract/legal obligation/legitimate interests as documented; never infer consent from notice acknowledgement,Entity lifecycle schedule,Mutable through audited service command,Encrypted at rest and in transit,Required for create/update/delete/read-export where material
integration,connections,Scoped tenant integration configuration,connection_type,text,No,,No,,No,Connection type,Internal operational data,No,Direct tenant_id,Authorised role by tenant and purpose,Contract/legal obligation/legitimate interests as documented; never infer consent from notice acknowledgement,Entity lifecycle schedule,Mutable through audited service command,Encrypted at rest and in transit,Required for create/update/delete/read-export where material
integration,connections,Scoped tenant integration configuration,provider,text,No,,No,,No,Provider,Internal operational data,No,Direct tenant_id,Authorised role by tenant and purpose,Contract/legal obligation/legitimate interests as documented; never infer consent from notice acknowledgement,Entity lifecycle schedule,Mutable through audited service command,Encrypted at rest and in transit,Required for create/update/delete/read-export where material
integration,connections,Scoped tenant integration configuration,encrypted_credentials,bytea,Yes,,No,,No,Encrypted credentials,Restricted authentication secret,No,Direct tenant_id,Security / IAM only,Contract/legal obligation/legitimate interests as documented; never infer consent from notice acknowledgement,Security credential schedule,Mutable through audited service command,Hashed or envelope-encrypted,Required for create/update/delete/read-export where material
integration,connections,Scoped tenant integration configuration,config,jsonb,No,'{}'::jsonb,No,,No,Config,Internal operational data,No,Direct tenant_id,Authorised role by tenant and purpose,Contract/legal obligation/legitimate interests as documented; never infer consent from notice acknowledgement,Entity lifecycle schedule,Mutable through audited service command,Encrypted at rest and in transit,Required for create/update/delete/read-export where material
integration,connections,Scoped tenant integration configuration,scopes,jsonb,No,'[]'::jsonb,No,,No,Scopes,Internal operational data,No,Direct tenant_id,Authorised role by tenant and purpose,Contract/legal obligation/legitimate interests as documented; never infer consent from notice acknowledgement,Entity lifecycle schedule,Mutable through audited service command,Encrypted at rest and in transit,Required for create/update/delete/read-export where material
integration,connections,Scoped tenant integration configuration,status,text,No,,No,,No,Controlled lifecycle state,Internal operational data,No,Direct tenant_id,Authorised role by tenant and purpose,Contract/legal obligation/legitimate interests as documented; never infer consent from notice acknowledgement,Entity lifecycle schedule,Mutable through audited service command,Encrypted at rest and in transit,Required for create/update/delete/read-export where material
integration,connections,Scoped tenant integration configuration,created_at,timestamptz,No,now(),No,,No,Immutable record creation time in UTC,Internal operational data,No,Direct tenant_id,Authorised role by tenant and purpose,Contract/legal obligation/legitimate interests as documented; never infer consent from notice acknowledgement,Entity lifecycle schedule,Append-only / immutable,Encrypted at rest and in transit,Required for create/update/delete/read-export where material
integration,connections,Scoped tenant integration configuration,updated_at,timestamptz,No,now(),No,,No,Last mutable update time in UTC,Internal operational data,No,Direct tenant_id,Authorised role by tenant and purpose,Contract/legal obligation/legitimate interests as documented; never infer consent from notice acknowledgement,Entity lifecycle schedule,Mutable through audited service command,Encrypted at rest and in transit,Required for create/update/delete/read-export where material
integration,notification_templates,Versioned accessible communication templates,id,uuid,No,gen_random_uuid(),Yes,,No,Stable record identifier,Internal operational data,No,Direct tenant_id,Authorised role by tenant and purpose,Contract/legal obligation/legitimate interests as documented; never infer consent from notice acknowledgement,Entity lifecycle schedule,Mutable through audited service command,Encrypted at rest and in transit,Required for create/update/delete/read-export where material
integration,notification_templates,Versioned accessible communication templates,tenant_id,uuid,Yes,,No,tenant.organizations(id),Composite/Yes,Employer tenant isolation key,Internal operational data,No,Direct tenant_id,Authorised role by tenant and purpose,Contract/legal obligation/legitimate interests as documented; never infer consent from notice acknowledgement,Entity lifecycle schedule,Mutable through audited service command,Encrypted at rest and in transit,Required for create/update/delete/read-export where material
integration,notification_templates,Versioned accessible communication templates,template_code,text,No,,No,,Composite/Yes,Template code,Internal operational data,No,Direct tenant_id,Authorised role by tenant and purpose,Contract/legal obligation/legitimate interests as documented; never infer consent from notice acknowledgement,Entity lifecycle schedule,Mutable through audited service command,Encrypted at rest and in transit,Required for create/update/delete/read-export where material
integration,notification_templates,Versioned accessible communication templates,version_no,integer,No,,No,,Composite/Yes,Version no,Internal operational data,No,Direct tenant_id,Authorised role by tenant and purpose,Contract/legal obligation/legitimate interests as documented; never infer consent from notice acknowledgement,Entity lifecycle schedule,Mutable through audited service command,Encrypted at rest and in transit,Required for create/update/delete/read-export where material
integration,notification_templates,Versioned accessible communication templates,locale,text,No,,No,,Composite/Yes,Locale,Internal operational data,No,Direct tenant_id,Authorised role by tenant and purpose,Contract/legal obligation/legitimate interests as documented; never infer consent from notice acknowledgement,Entity lifecycle schedule,Mutable through audited service command,Encrypted at rest and in transit,Required for create/update/delete/read-export where material
integration,notification_templates,Versioned accessible communication templates,subject_template,text,No,,No,,No,Subject template,Internal operational data,No,Direct tenant_id,Authorised role by tenant and purpose,Contract/legal obligation/legitimate interests as documented; never infer consent from notice acknowledgement,Entity lifecycle schedule,Mutable through audited service command,Encrypted at rest and in transit,Required for create/update/delete/read-export where material
integration,notification_templates,Versioned accessible communication templates,body_template,text,No,,No,,No,Body template,Internal operational data,No,Direct tenant_id,Authorised role by tenant and purpose,Contract/legal obligation/legitimate interests as documented; never infer consent from notice acknowledgement,Entity lifecycle schedule,Mutable through audited service command,Encrypted at rest and in transit,Required for create/update/delete/read-export where material
integration,notification_templates,Versioned accessible communication templates,allowed_variables,jsonb,No,,No,,No,Allowed variables,Internal operational data,No,Direct tenant_id,Authorised role by tenant and purpose,Contract/legal obligation/legitimate interests as documented; never infer consent from notice acknowledgement,Entity lifecycle schedule,Mutable through audited service command,Encrypted at rest and in transit,Required for create/update/delete/read-export where material
integration,notification_templates,Versioned accessible communication templates,accessibility_review,jsonb,No,,No,,No,Accessibility review,Internal operational data,No,Direct tenant_id,Authorised role by tenant and purpose,Contract/legal obligation/legitimate interests as documented; never infer consent from notice acknowledgement,Entity lifecycle schedule,Mutable through audited service command,Encrypted at rest and in transit,Required for create/update/delete/read-export where material
integration,notification_templates,Versioned accessible communication templates,status,text,No,,No,,No,Controlled lifecycle state,Internal operational data,No,Direct tenant_id,Authorised role by tenant and purpose,Contract/legal obligation/legitimate interests as documented; never infer consent from notice acknowledgement,Entity lifecycle schedule,Mutable through audited service command,Encrypted at rest and in transit,Required for create/update/delete/read-export where material
integration,notification_templates,Versioned accessible communication templates,created_by,uuid,No,,No,iam.users(id),No,Created by,Internal operational data,No,Direct tenant_id,Authorised role by tenant and purpose,Contract/legal obligation/legitimate interests as documented; never infer consent from notice acknowledgement,Entity lifecycle schedule,Mutable through audited service command,Encrypted at rest and in transit,Required for create/update/delete/read-export where material
integration,notification_templates,Versioned accessible communication templates,approved_by,uuid,Yes,,No,iam.users(id),No,Approved by,Internal operational data,No,Direct tenant_id,Authorised role by tenant and purpose,Contract/legal obligation/legitimate interests as documented; never infer consent from notice acknowledgement,Entity lifecycle schedule,Mutable through audited service command,Encrypted at rest and in transit,Required for create/update/delete/read-export where material
integration,notification_templates,Versioned accessible communication templates,created_at,timestamptz,No,now(),No,,No,Immutable record creation time in UTC,Internal operational data,No,Direct tenant_id,Authorised role by tenant and purpose,Contract/legal obligation/legitimate interests as documented; never infer consent from notice acknowledgement,Entity lifecycle schedule,Append-only / immutable,Encrypted at rest and in transit,Required for create/update/delete/read-export where material
integration,notification_templates,Versioned accessible communication templates,approved_at,timestamptz,Yes,,No,,No,Approved timestamp,Internal operational data,No,Direct tenant_id,Authorised role by tenant and purpose,Contract/legal obligation/legitimate interests as documented; never infer consent from notice acknowledgement,Entity lifecycle schedule,Mutable through audited service command,Encrypted at rest and in transit,Required for create/update/delete/read-export where material
integration,outbound_messages,Versioned notification delivery status,id,uuid,No,gen_random_uuid(),Yes,,No,Stable record identifier,Internal operational data,No,Direct tenant_id,Authorised role by tenant and purpose,Contract/legal obligation/legitimate interests as documented; never infer consent from notice acknowledgement,Entity lifecycle schedule,Mutable through audited service command,Encrypted at rest and in transit,Required for create/update/delete/read-export where material
integration,outbound_messages,Versioned notification delivery status,tenant_id,uuid,No,,No,tenant.organizations(id),No,Employer tenant isolation key,Internal operational data,No,Direct tenant_id,Authorised role by tenant and purpose,Contract/legal obligation/legitimate interests as documented; never infer consent from notice acknowledgement,Entity lifecycle schedule,Mutable through audited service command,Encrypted at rest and in transit,Required for create/update/delete/read-export where material
integration,outbound_messages,Versioned notification delivery status,application_id,uuid,Yes,,No,hiring.applications(id),No,Hiring application reference,Internal operational data,No,Direct tenant_id,Authorised role by tenant and purpose,Contract/legal obligation/legitimate interests as documented; never infer consent from notice acknowledgement,Entity lifecycle schedule,Mutable through audited service command,Encrypted at rest and in transit,Required for create/update/delete/read-export where material
integration,outbound_messages,Versioned notification delivery status,template_code,text,No,,No,,No,Template code,Internal operational data,No,Direct tenant_id,Authorised role by tenant and purpose,Contract/legal obligation/legitimate interests as documented; never infer consent from notice acknowledgement,Entity lifecycle schedule,Mutable through audited service command,Encrypted at rest and in transit,Required for create/update/delete/read-export where material
integration,outbound_messages,Versioned notification delivery status,template_version,text,No,,No,,No,Template version,Internal operational data,No,Direct tenant_id,Authorised role by tenant and purpose,Contract/legal obligation/legitimate interests as documented; never infer consent from notice acknowledgement,Entity lifecycle schedule,Mutable through audited service command,Encrypted at rest and in transit,Required for create/update/delete/read-export where material
integration,outbound_messages,Versioned notification delivery status,recipient_hash,text,No,,No,,No,Recipient hash,Confidential personal data,No,Direct tenant_id,Data subject; authorised operations,Contract/legal obligation/legitimate interests as documented; never infer consent from notice acknowledgement,Purpose-specific controller schedule,Mutable through audited service command,Encrypted at rest and in transit,Required for create/update/delete/read-export where material
integration,outbound_messages,Versioned notification delivery status,provider_message_id,text,Yes,,No,,No,Provider message reference,Internal operational data,No,Direct tenant_id,Authorised role by tenant and purpose,Contract/legal obligation/legitimate interests as documented; never infer consent from notice acknowledgement,Entity lifecycle schedule,Mutable through audited service command,Encrypted at rest and in transit,Required for create/update/delete/read-export where material
integration,outbound_messages,Versioned notification delivery status,status,text,No,,No,,No,Controlled lifecycle state,Internal operational data,No,Direct tenant_id,Authorised role by tenant and purpose,Contract/legal obligation/legitimate interests as documented; never infer consent from notice acknowledgement,Entity lifecycle schedule,Mutable through audited service command,Encrypted at rest and in transit,Required for create/update/delete/read-export where material
integration,outbound_messages,Versioned notification delivery status,payload,jsonb,No,,No,,No,Payload,Internal operational data,No,Direct tenant_id,Authorised role by tenant and purpose,Contract/legal obligation/legitimate interests as documented; never infer consent from notice acknowledgement,Entity lifecycle schedule,Mutable through audited service command,Encrypted at rest and in transit,Required for create/update/delete/read-export where material
integration,outbound_messages,Versioned notification delivery status,queued_at,timestamptz,No,now(),No,,No,Queued timestamp,Internal operational data,No,Direct tenant_id,Authorised role by tenant and purpose,Contract/legal obligation/legitimate interests as documented; never infer consent from notice acknowledgement,Entity lifecycle schedule,Mutable through audited service command,Encrypted at rest and in transit,Required for create/update/delete/read-export where material
integration,outbound_messages,Versioned notification delivery status,sent_at,timestamptz,Yes,,No,,No,Sent timestamp,Internal operational data,No,Direct tenant_id,Authorised role by tenant and purpose,Contract/legal obligation/legitimate interests as documented; never infer consent from notice acknowledgement,Entity lifecycle schedule,Mutable through audited service command,Encrypted at rest and in transit,Required for create/update/delete/read-export where material
integration,outbound_messages,Versioned notification delivery status,delivered_at,timestamptz,Yes,,No,,No,Delivered timestamp,Internal operational data,No,Direct tenant_id,Authorised role by tenant and purpose,Contract/legal obligation/legitimate interests as documented; never infer consent from notice acknowledgement,Entity lifecycle schedule,Mutable through audited service command,Encrypted at rest and in transit,Required for create/update/delete/read-export where material
integration,sync_runs,Idempotent import/export run and errors,id,uuid,No,gen_random_uuid(),Yes,,No,Stable record identifier,Internal operational data,No,Direct tenant_id,Authorised role by tenant and purpose,Contract/legal obligation/legitimate interests as documented; never infer consent from notice acknowledgement,Entity lifecycle schedule,Mutable through audited service command,Encrypted at rest and in transit,Required for create/update/delete/read-export where material
integration,sync_runs,Idempotent import/export run and errors,tenant_id,uuid,No,,No,tenant.organizations(id),No,Employer tenant isolation key,Internal operational data,No,Direct tenant_id,Authorised role by tenant and purpose,Contract/legal obligation/legitimate interests as documented; never infer consent from notice acknowledgement,Entity lifecycle schedule,Mutable through audited service command,Encrypted at rest and in transit,Required for create/update/delete/read-export where material
integration,sync_runs,Idempotent import/export run and errors,connection_id,uuid,No,,No,integration.connections(id),Composite/Yes,Connection reference,Internal operational data,No,Direct tenant_id,Authorised role by tenant and purpose,Contract/legal obligation/legitimate interests as documented; never infer consent from notice acknowledgement,Entity lifecycle schedule,Mutable through audited service command,Encrypted at rest and in transit,Required for create/update/delete/read-export where material
integration,sync_runs,Idempotent import/export run and errors,direction,text,No,,No,,No,Direction,Internal operational data,No,Direct tenant_id,Authorised role by tenant and purpose,Contract/legal obligation/legitimate interests as documented; never infer consent from notice acknowledgement,Entity lifecycle schedule,Mutable through audited service command,Encrypted at rest and in transit,Required for create/update/delete/read-export where material
integration,sync_runs,Idempotent import/export run and errors,idempotency_key,text,No,,No,,Composite/Yes,Idempotency key,Internal operational data,No,Direct tenant_id,Authorised role by tenant and purpose,Contract/legal obligation/legitimate interests as documented; never infer consent from notice acknowledgement,Entity lifecycle schedule,Mutable through audited service command,Encrypted at rest and in transit,Required for create/update/delete/read-export where material
integration,sync_runs,Idempotent import/export run and errors,status,text,No,,No,,No,Controlled lifecycle state,Internal operational data,No,Direct tenant_id,Authorised role by tenant and purpose,Contract/legal obligation/legitimate interests as documented; never infer consent from notice acknowledgement,Entity lifecycle schedule,Mutable through audited service command,Encrypted at rest and in transit,Required for create/update/delete/read-export where material
integration,sync_runs,Idempotent import/export run and errors,counters,jsonb,No,'{}'::jsonb,No,,No,Counters,Internal operational data,No,Direct tenant_id,Authorised role by tenant and purpose,Contract/legal obligation/legitimate interests as documented; never infer consent from notice acknowledgement,Entity lifecycle schedule,Mutable through audited service command,Encrypted at rest and in transit,Required for create/update/delete/read-export where material
integration,sync_runs,Idempotent import/export run and errors,errors,jsonb,No,'[]'::jsonb,No,,No,Errors,Internal operational data,No,Direct tenant_id,Authorised role by tenant and purpose,Contract/legal obligation/legitimate interests as documented; never infer consent from notice acknowledgement,Entity lifecycle schedule,Mutable through audited service command,Encrypted at rest and in transit,Required for create/update/delete/read-export where material
integration,sync_runs,Idempotent import/export run and errors,started_at,timestamptz,Yes,,No,,No,Started timestamp,Internal operational data,No,Direct tenant_id,Authorised role by tenant and purpose,Contract/legal obligation/legitimate interests as documented; never infer consent from notice acknowledgement,Entity lifecycle schedule,Mutable through audited service command,Encrypted at rest and in transit,Required for create/update/delete/read-export where material
integration,sync_runs,Idempotent import/export run and errors,completed_at,timestamptz,Yes,,No,,No,Completed timestamp,Internal operational data,No,Direct tenant_id,Authorised role by tenant and purpose,Contract/legal obligation/legitimate interests as documented; never infer consent from notice acknowledgement,Entity lifecycle schedule,Mutable through audited service command,Encrypted at rest and in transit,Required for create/update/delete/read-export where material
integration,webhook_deliveries,Idempotent signed webhook delivery history,id,uuid,No,gen_random_uuid(),Yes,,No,Stable record identifier,Internal operational data,No,Direct tenant_id,Authorised role by tenant and purpose,Contract/legal obligation/legitimate interests as documented; never infer consent from notice acknowledgement,Entity lifecycle schedule,Mutable through audited service command,Encrypted at rest and in transit,Required for create/update/delete/read-export where material
integration,webhook_deliveries,Idempotent signed webhook delivery history,tenant_id,uuid,No,,No,tenant.organizations(id),No,Employer tenant isolation key,Internal operational data,No,Direct tenant_id,Authorised role by tenant and purpose,Contract/legal obligation/legitimate interests as documented; never infer consent from notice acknowledgement,Entity lifecycle schedule,Mutable through audited service command,Encrypted at rest and in transit,Required for create/update/delete/read-export where material
integration,webhook_deliveries,Idempotent signed webhook delivery history,subscription_id,uuid,No,,No,integration.webhook_subscriptions(id),Composite/Yes,Subscription reference,Internal operational data,No,Direct tenant_id,Authorised role by tenant and purpose,Contract/legal obligation/legitimate interests as documented; never infer consent from notice acknowledgement,Entity lifecycle schedule,Mutable through audited service command,Encrypted at rest and in transit,Required for create/update/delete/read-export where material
integration,webhook_deliveries,Idempotent signed webhook delivery history,event_id,uuid,No,,No,,No,Event reference,Internal operational data,No,Direct tenant_id,Authorised role by tenant and purpose,Contract/legal obligation/legitimate interests as documented; never infer consent from notice acknowledgement,Entity lifecycle schedule,Mutable through audited service command,Encrypted at rest and in transit,Required for create/update/delete/read-export where material
integration,webhook_deliveries,Idempotent signed webhook delivery history,idempotency_key,text,No,,No,,Composite/Yes,Idempotency key,Internal operational data,No,Direct tenant_id,Authorised role by tenant and purpose,Contract/legal obligation/legitimate interests as documented; never infer consent from notice acknowledgement,Entity lifecycle schedule,Mutable through audited service command,Encrypted at rest and in transit,Required for create/update/delete/read-export where material
integration,webhook_deliveries,Idempotent signed webhook delivery history,attempt_no,integer,No,,No,,Composite/Yes,Attempt no,Internal operational data,No,Direct tenant_id,Authorised role by tenant and purpose,Contract/legal obligation/legitimate interests as documented; never infer consent from notice acknowledgement,Entity lifecycle schedule,Mutable through audited service command,Encrypted at rest and in transit,Required for create/update/delete/read-export where material
integration,webhook_deliveries,Idempotent signed webhook delivery history,status,text,No,,No,,No,Controlled lifecycle state,Internal operational data,No,Direct tenant_id,Authorised role by tenant and purpose,Contract/legal obligation/legitimate interests as documented; never infer consent from notice acknowledgement,Entity lifecycle schedule,Mutable through audited service command,Encrypted at rest and in transit,Required for create/update/delete/read-export where material
integration,webhook_deliveries,Idempotent signed webhook delivery history,response_status,integer,Yes,,No,,No,Response status,Internal operational data,No,Direct tenant_id,Authorised role by tenant and purpose,Contract/legal obligation/legitimate interests as documented; never infer consent from notice acknowledgement,Entity lifecycle schedule,Mutable through audited service command,Encrypted at rest and in transit,Required for create/update/delete/read-export where material
integration,webhook_deliveries,Idempotent signed webhook delivery history,response_hash,text,Yes,,No,,No,Response hash,Internal operational data,No,Direct tenant_id,Authorised role by tenant and purpose,Contract/legal obligation/legitimate interests as documented; never infer consent from notice acknowledgement,Entity lifecycle schedule,Mutable through audited service command,Encrypted at rest and in transit,Required for create/update/delete/read-export where material
integration,webhook_deliveries,Idempotent signed webhook delivery history,next_attempt_at,timestamptz,Yes,,No,,No,Next timestamptempt timestamp,Internal operational data,No,Direct tenant_id,Authorised role by tenant and purpose,Contract/legal obligation/legitimate interests as documented; never infer consent from notice acknowledgement,Entity lifecycle schedule,Mutable through audited service command,Encrypted at rest and in transit,Required for create/update/delete/read-export where material
integration,webhook_deliveries,Idempotent signed webhook delivery history,created_at,timestamptz,No,now(),No,,No,Immutable record creation time in UTC,Internal operational data,No,Direct tenant_id,Authorised role by tenant and purpose,Contract/legal obligation/legitimate interests as documented; never infer consent from notice acknowledgement,Entity lifecycle schedule,Append-only / immutable,Encrypted at rest and in transit,Required for create/update/delete/read-export where material
integration,webhook_deliveries,Idempotent signed webhook delivery history,delivered_at,timestamptz,Yes,,No,,No,Delivered timestamp,Internal operational data,No,Direct tenant_id,Authorised role by tenant and purpose,Contract/legal obligation/legitimate interests as documented; never infer consent from notice acknowledgement,Entity lifecycle schedule,Mutable through audited service command,Encrypted at rest and in transit,Required for create/update/delete/read-export where material
integration,webhook_subscriptions,Scoped outbound webhook configuration,id,uuid,No,gen_random_uuid(),Yes,,No,Stable record identifier,Internal operational data,No,Direct tenant_id,Authorised role by tenant and purpose,Contract/legal obligation/legitimate interests as documented; never infer consent from notice acknowledgement,Entity lifecycle schedule,Mutable through audited service command,Encrypted at rest and in transit,Required for create/update/delete/read-export where material
integration,webhook_subscriptions,Scoped outbound webhook configuration,tenant_id,uuid,No,,No,tenant.organizations(id),No,Employer tenant isolation key,Internal operational data,No,Direct tenant_id,Authorised role by tenant and purpose,Contract/legal obligation/legitimate interests as documented; never infer consent from notice acknowledgement,Entity lifecycle schedule,Mutable through audited service command,Encrypted at rest and in transit,Required for create/update/delete/read-export where material
integration,webhook_subscriptions,Scoped outbound webhook configuration,name,text,No,,No,,No,Name,Internal operational data,No,Direct tenant_id,Authorised role by tenant and purpose,Contract/legal obligation/legitimate interests as documented; never infer consent from notice acknowledgement,Entity lifecycle schedule,Mutable through audited service command,Encrypted at rest and in transit,Required for create/update/delete/read-export where material
integration,webhook_subscriptions,Scoped outbound webhook configuration,endpoint_url,text,No,,No,,No,Endpoint url,Internal operational data,No,Direct tenant_id,Authorised role by tenant and purpose,Contract/legal obligation/legitimate interests as documented; never infer consent from notice acknowledgement,Entity lifecycle schedule,Mutable through audited service command,Encrypted at rest and in transit,Required for create/update/delete/read-export where material
integration,webhook_subscriptions,Scoped outbound webhook configuration,signing_secret_encrypted,bytea,No,,No,,No,Signing secret encrypted,Restricted authentication secret,No,Direct tenant_id,Security / IAM only,Contract/legal obligation/legitimate interests as documented; never infer consent from notice acknowledgement,Security credential schedule,Mutable through audited service command,Hashed or envelope-encrypted,Required for create/update/delete/read-export where material
integration,webhook_subscriptions,Scoped outbound webhook configuration,event_types,jsonb,No,,No,,No,Event types,Internal operational data,No,Direct tenant_id,Authorised role by tenant and purpose,Contract/legal obligation/legitimate interests as documented; never infer consent from notice acknowledgement,Entity lifecycle schedule,Mutable through audited service command,Encrypted at rest and in transit,Required for create/update/delete/read-export where material
integration,webhook_subscriptions,Scoped outbound webhook configuration,status,text,No,,No,,No,Controlled lifecycle state,Internal operational data,No,Direct tenant_id,Authorised role by tenant and purpose,Contract/legal obligation/legitimate interests as documented; never infer consent from notice acknowledgement,Entity lifecycle schedule,Mutable through audited service command,Encrypted at rest and in transit,Required for create/update/delete/read-export where material
integration,webhook_subscriptions,Scoped outbound webhook configuration,created_by,uuid,No,,No,iam.users(id),No,Created by,Internal operational data,No,Direct tenant_id,Authorised role by tenant and purpose,Contract/legal obligation/legitimate interests as documented; never infer consent from notice acknowledgement,Entity lifecycle schedule,Mutable through audited service command,Encrypted at rest and in transit,Required for create/update/delete/read-export where material
integration,webhook_subscriptions,Scoped outbound webhook configuration,created_at,timestamptz,No,now(),No,,No,Immutable record creation time in UTC,Internal operational data,No,Direct tenant_id,Authorised role by tenant and purpose,Contract/legal obligation/legitimate interests as documented; never infer consent from notice acknowledgement,Entity lifecycle schedule,Append-only / immutable,Encrypted at rest and in transit,Required for create/update/delete/read-export where material
integration,webhook_subscriptions,Scoped outbound webhook configuration,updated_at,timestamptz,No,now(),No,,No,Last mutable update time in UTC,Internal operational data,No,Direct tenant_id,Authorised role by tenant and purpose,Contract/legal obligation/legitimate interests as documented; never infer consent from notice acknowledgement,Entity lifecycle schedule,Mutable through audited service command,Encrypted at rest and in transit,Required for create/update/delete/read-export where material
review,aggregate_scores,Transparent composite score and confidence,id,uuid,No,gen_random_uuid(),Yes,,No,Stable record identifier,Restricted assessment evidence,No,Direct tenant_id,Candidate where applicable; assigned reviewer; authorised support/compliance,Contract/legal obligation/legitimate interests as documented; never infer consent from notice acknowledgement,Assessment evidence schedule; legal hold aware,Mutable through audited service command,Encrypted at rest and in transit,Required for create/update/delete/read-export where material
review,aggregate_scores,Transparent composite score and confidence,tenant_id,uuid,No,,No,tenant.organizations(id),No,Employer tenant isolation key,Restricted assessment evidence,No,Direct tenant_id,Candidate where applicable; assigned reviewer; authorised support/compliance,Contract/legal obligation/legitimate interests as documented; never infer consent from notice acknowledgement,Assessment evidence schedule; legal hold aware,Mutable through audited service command,Encrypted at rest and in transit,Required for create/update/delete/read-export where material
review,aggregate_scores,Transparent composite score and confidence,submission_id,uuid,No,,No,runtime.submissions(id),Composite/Yes,Immutable submitted-attempt reference,Restricted assessment evidence,No,Direct tenant_id,Candidate where applicable; assigned reviewer; authorised support/compliance,Contract/legal obligation/legitimate interests as documented; never infer consent from notice acknowledgement,Assessment evidence schedule; legal hold aware,Mutable through audited service command,Encrypted at rest and in transit,Required for create/update/delete/read-export where material
review,aggregate_scores,Transparent composite score and confidence,scoring_policy_hash,text,No,,No,,No,Scoring policy hash,Restricted assessment evidence,No,Direct tenant_id,Candidate where applicable; assigned reviewer; authorised support/compliance,Contract/legal obligation/legitimate interests as documented; never infer consent from notice acknowledgement,Assessment evidence schedule; legal hold aware,Mutable through audited service command,Encrypted at rest and in transit,Required for create/update/delete/read-export where material
review,aggregate_scores,Transparent composite score and confidence,status,text,No,,No,,No,Controlled lifecycle state,Restricted assessment evidence,No,Direct tenant_id,Candidate where applicable; assigned reviewer; authorised support/compliance,Contract/legal obligation/legitimate interests as documented; never infer consent from notice acknowledgement,Assessment evidence schedule; legal hold aware,Mutable through audited service command,Encrypted at rest and in transit,Required for create/update/delete/read-export where material
review,aggregate_scores,Transparent composite score and confidence,total_score,"numeric(12,4)",Yes,,No,,No,Total score,Restricted assessment evidence,No,Direct tenant_id,Candidate where applicable; assigned reviewer; authorised support/compliance,Contract/legal obligation/legitimate interests as documented; never infer consent from notice acknowledgement,Assessment evidence schedule; legal hold aware,Mutable through audited service command,Encrypted at rest and in transit,Required for create/update/delete/read-export where material
review,aggregate_scores,Transparent composite score and confidence,performance_band,text,Yes,,No,,No,Performance band,Restricted assessment evidence,No,Direct tenant_id,Candidate where applicable; assigned reviewer; authorised support/compliance,Contract/legal obligation/legitimate interests as documented; never infer consent from notice acknowledgement,Assessment evidence schedule; legal hold aware,Mutable through audited service command,Encrypted at rest and in transit,Required for create/update/delete/read-export where material
review,aggregate_scores,Transparent composite score and confidence,confidence,"numeric(5,4)",Yes,,No,,No,Confidence,Restricted assessment evidence,No,Direct tenant_id,Candidate where applicable; assigned reviewer; authorised support/compliance,Contract/legal obligation/legitimate interests as documented; never infer consent from notice acknowledgement,Assessment evidence schedule; legal hold aware,Mutable through audited service command,Encrypted at rest and in transit,Required for create/update/delete/read-export where material
review,aggregate_scores,Transparent composite score and confidence,component_scores,jsonb,No,,No,,No,Component scores,Restricted assessment evidence,No,Direct tenant_id,Candidate where applicable; assigned reviewer; authorised support/compliance,Contract/legal obligation/legitimate interests as documented; never infer consent from notice acknowledgement,Assessment evidence schedule; legal hold aware,Mutable through audited service command,Encrypted at rest and in transit,Required for create/update/delete/read-export where material
review,aggregate_scores,Transparent composite score and confidence,reviewer_agreement,jsonb,No,'{}'::jsonb,No,,No,Reviewer agreement,Restricted assessment evidence,No,Direct tenant_id,Candidate where applicable; assigned reviewer; authorised support/compliance,Contract/legal obligation/legitimate interests as documented; never infer consent from notice acknowledgement,Assessment evidence schedule; legal hold aware,Mutable through audited service command,Encrypted at rest and in transit,Required for create/update/delete/read-export where material
review,aggregate_scores,Transparent composite score and confidence,calculated_at,timestamptz,No,now(),No,,No,Calculated timestamp,Restricted assessment evidence,No,Direct tenant_id,Candidate where applicable; assigned reviewer; authorised support/compliance,Contract/legal obligation/legitimate interests as documented; never infer consent from notice acknowledgement,Assessment evidence schedule; legal hold aware,Mutable through audited service command,Encrypted at rest and in transit,Required for create/update/delete/read-export where material
review,aggregate_scores,Transparent composite score and confidence,version_no,integer,No,,No,,Composite/Yes,Version no,Restricted assessment evidence,No,Direct tenant_id,Candidate where applicable; assigned reviewer; authorised support/compliance,Contract/legal obligation/legitimate interests as documented; never infer consent from notice acknowledgement,Assessment evidence schedule; legal hold aware,Mutable through audited service command,Encrypted at rest and in transit,Required for create/update/delete/read-export where material
review,clarification_requests,"Controlled candidate, support or secondary-review clarification",id,uuid,No,gen_random_uuid(),Yes,,No,Stable record identifier,Restricted assessment evidence,No,Direct tenant_id,Candidate where applicable; assigned reviewer; authorised support/compliance,Contract/legal obligation/legitimate interests as documented; never infer consent from notice acknowledgement,Assessment evidence schedule; legal hold aware,Mutable through audited service command,Encrypted at rest and in transit,Required for create/update/delete/read-export where material
review,clarification_requests,"Controlled candidate, support or secondary-review clarification",tenant_id,uuid,No,,No,tenant.organizations(id),No,Employer tenant isolation key,Restricted assessment evidence,No,Direct tenant_id,Candidate where applicable; assigned reviewer; authorised support/compliance,Contract/legal obligation/legitimate interests as documented; never infer consent from notice acknowledgement,Assessment evidence schedule; legal hold aware,Mutable through audited service command,Encrypted at rest and in transit,Required for create/update/delete/read-export where material
review,clarification_requests,"Controlled candidate, support or secondary-review clarification",assignment_id,uuid,No,,No,review.reviewer_assignments(id),No,Assignment reference,Restricted assessment evidence,No,Direct tenant_id,Candidate where applicable; assigned reviewer; authorised support/compliance,Contract/legal obligation/legitimate interests as documented; never infer consent from notice acknowledgement,Assessment evidence schedule; legal hold aware,Mutable through audited service command,Encrypted at rest and in transit,Required for create/update/delete/read-export where material
review,clarification_requests,"Controlled candidate, support or secondary-review clarification",request_type,text,No,,No,,No,Request type,Restricted assessment evidence,No,Direct tenant_id,Candidate where applicable; assigned reviewer; authorised support/compliance,Contract/legal obligation/legitimate interests as documented; never infer consent from notice acknowledgement,Assessment evidence schedule; legal hold aware,Mutable through audited service command,Encrypted at rest and in transit,Required for create/update/delete/read-export where material
review,clarification_requests,"Controlled candidate, support or secondary-review clarification",question,text,No,,No,,No,Question,Restricted assessment evidence,No,Direct tenant_id,Candidate where applicable; assigned reviewer; authorised support/compliance,Contract/legal obligation/legitimate interests as documented; never infer consent from notice acknowledgement,Assessment evidence schedule; legal hold aware,Mutable through audited service command,Encrypted at rest and in transit,Required for create/update/delete/read-export where material
review,clarification_requests,"Controlled candidate, support or secondary-review clarification",evidence_links,jsonb,No,'[]'::jsonb,No,,No,Versioned links to supporting evidence objects,Restricted assessment evidence,No,Direct tenant_id,Candidate where applicable; assigned reviewer; authorised support/compliance,Contract/legal obligation/legitimate interests as documented; never infer consent from notice acknowledgement,Assessment evidence schedule; legal hold aware,Mutable through audited service command,Encrypted at rest and in transit,Required for create/update/delete/read-export where material
review,clarification_requests,"Controlled candidate, support or secondary-review clarification",status,text,No,,No,,No,Controlled lifecycle state,Restricted assessment evidence,No,Direct tenant_id,Candidate where applicable; assigned reviewer; authorised support/compliance,Contract/legal obligation/legitimate interests as documented; never infer consent from notice acknowledgement,Assessment evidence schedule; legal hold aware,Mutable through audited service command,Encrypted at rest and in transit,Required for create/update/delete/read-export where material
review,clarification_requests,"Controlled candidate, support or secondary-review clarification",requested_by,uuid,No,,No,iam.users(id),No,Requested by,Restricted assessment evidence,No,Direct tenant_id,Candidate where applicable; assigned reviewer; authorised support/compliance,Contract/legal obligation/legitimate interests as documented; never infer consent from notice acknowledgement,Assessment evidence schedule; legal hold aware,Mutable through audited service command,Encrypted at rest and in transit,Required for create/update/delete/read-export where material
review,clarification_requests,"Controlled candidate, support or secondary-review clarification",assigned_to,uuid,Yes,,No,iam.users(id),No,Assigned to,Restricted assessment evidence,No,Direct tenant_id,Candidate where applicable; assigned reviewer; authorised support/compliance,Contract/legal obligation/legitimate interests as documented; never infer consent from notice acknowledgement,Assessment evidence schedule; legal hold aware,Mutable through audited service command,Encrypted at rest and in transit,Required for create/update/delete/read-export where material
review,clarification_requests,"Controlled candidate, support or secondary-review clarification",due_at,timestamptz,Yes,,No,,No,Due timestamp,Restricted assessment evidence,No,Direct tenant_id,Candidate where applicable; assigned reviewer; authorised support/compliance,Contract/legal obligation/legitimate interests as documented; never infer consent from notice acknowledgement,Assessment evidence schedule; legal hold aware,Mutable through audited service command,Encrypted at rest and in transit,Required for create/update/delete/read-export where material
review,clarification_requests,"Controlled candidate, support or secondary-review clarification",response,text,Yes,,No,,No,Response,Restricted assessment evidence,No,Direct tenant_id,Candidate where applicable; assigned reviewer; authorised support/compliance,Contract/legal obligation/legitimate interests as documented; never infer consent from notice acknowledgement,Assessment evidence schedule; legal hold aware,Mutable through audited service command,Encrypted at rest and in transit,Required for create/update/delete/read-export where material
review,clarification_requests,"Controlled candidate, support or secondary-review clarification",created_at,timestamptz,No,now(),No,,No,Immutable record creation time in UTC,Restricted assessment evidence,No,Direct tenant_id,Candidate where applicable; assigned reviewer; authorised support/compliance,Contract/legal obligation/legitimate interests as documented; never infer consent from notice acknowledgement,Assessment evidence schedule; legal hold aware,Append-only / immutable,Encrypted at rest and in transit,Required for create/update/delete/read-export where material
review,clarification_requests,"Controlled candidate, support or secondary-review clarification",answered_at,timestamptz,Yes,,No,,No,Answered timestamp,Restricted assessment evidence,No,Direct tenant_id,Candidate where applicable; assigned reviewer; authorised support/compliance,Contract/legal obligation/legitimate interests as documented; never infer consent from notice acknowledgement,Assessment evidence schedule; legal hold aware,Mutable through audited service command,Encrypted at rest and in transit,Required for create/update/delete/read-export where material
review,clarification_requests,"Controlled candidate, support or secondary-review clarification",resolved_at,timestamptz,Yes,,No,,No,Resolved timestamp,Restricted assessment evidence,No,Direct tenant_id,Candidate where applicable; assigned reviewer; authorised support/compliance,Contract/legal obligation/legitimate interests as documented; never infer consent from notice acknowledgement,Assessment evidence schedule; legal hold aware,Mutable through audited service command,Encrypted at rest and in transit,Required for create/update/delete/read-export where material
review,comparison_snapshots,Versioned comparison of completed human scores without AI-generated ordinal ranking,id,uuid,No,gen_random_uuid(),Yes,,No,Stable record identifier,Restricted assessment evidence,No,Direct tenant_id,Candidate where applicable; assigned reviewer; authorised support/compliance,Contract/legal obligation/legitimate interests as documented; never infer consent from notice acknowledgement,Assessment evidence schedule; legal hold aware,Mutable through audited service command,Encrypted at rest and in transit,Required for create/update/delete/read-export where material
review,comparison_snapshots,Versioned comparison of completed human scores without AI-generated ordinal ranking,tenant_id,uuid,No,,No,tenant.organizations(id),No,Employer tenant isolation key,Restricted assessment evidence,No,Direct tenant_id,Candidate where applicable; assigned reviewer; authorised support/compliance,Contract/legal obligation/legitimate interests as documented; never infer consent from notice acknowledgement,Assessment evidence schedule; legal hold aware,Mutable through audited service command,Encrypted at rest and in transit,Required for create/update/delete/read-export where material
review,comparison_snapshots,Versioned comparison of completed human scores without AI-generated ordinal ranking,campaign_id,uuid,No,,No,hiring.campaigns(id),Composite/Yes,Campaign reference,Restricted assessment evidence,No,Direct tenant_id,Candidate where applicable; assigned reviewer; authorised support/compliance,Contract/legal obligation/legitimate interests as documented; never infer consent from notice acknowledgement,Assessment evidence schedule; legal hold aware,Mutable through audited service command,Encrypted at rest and in transit,Required for create/update/delete/read-export where material
review,comparison_snapshots,Versioned comparison of completed human scores without AI-generated ordinal ranking,methodology,jsonb,No,,No,,No,Methodology,Restricted assessment evidence,No,Direct tenant_id,Candidate where applicable; assigned reviewer; authorised support/compliance,Contract/legal obligation/legitimate interests as documented; never infer consent from notice acknowledgement,Assessment evidence schedule; legal hold aware,Mutable through audited service command,Encrypted at rest and in transit,Required for create/update/delete/read-export where material
review,comparison_snapshots,Versioned comparison of completed human scores without AI-generated ordinal ranking,weights,jsonb,No,,No,,No,Weights,Restricted assessment evidence,No,Direct tenant_id,Candidate where applicable; assigned reviewer; authorised support/compliance,Contract/legal obligation/legitimate interests as documented; never infer consent from notice acknowledgement,Assessment evidence schedule; legal hold aware,Mutable through audited service command,Encrypted at rest and in transit,Required for create/update/delete/read-export where material
review,comparison_snapshots,Versioned comparison of completed human scores without AI-generated ordinal ranking,comparison_enabled,boolean,No,true,No,,No,Comparison enabled,Restricted assessment evidence,No,Direct tenant_id,Candidate where applicable; assigned reviewer; authorised support/compliance,Contract/legal obligation/legitimate interests as documented; never infer consent from notice acknowledgement,Assessment evidence schedule; legal hold aware,Mutable through audited service command,Encrypted at rest and in transit,Required for create/update/delete/read-export where material
review,comparison_snapshots,Versioned comparison of completed human scores without AI-generated ordinal ranking,comparison_metrics,jsonb,No,,No,,No,Comparison metrics,Restricted assessment evidence,No,Direct tenant_id,Candidate where applicable; assigned reviewer; authorised support/compliance,Contract/legal obligation/legitimate interests as documented; never infer consent from notice acknowledgement,Assessment evidence schedule; legal hold aware,Mutable through audited service command,Encrypted at rest and in transit,Required for create/update/delete/read-export where material
review,comparison_snapshots,Versioned comparison of completed human scores without AI-generated ordinal ranking,generated_by,uuid,No,,No,iam.users(id),No,Generated by,Restricted assessment evidence,No,Direct tenant_id,Candidate where applicable; assigned reviewer; authorised support/compliance,Contract/legal obligation/legitimate interests as documented; never infer consent from notice acknowledgement,Assessment evidence schedule; legal hold aware,Mutable through audited service command,Encrypted at rest and in transit,Required for create/update/delete/read-export where material
review,comparison_snapshots,Versioned comparison of completed human scores without AI-generated ordinal ranking,generated_at,timestamptz,No,now(),No,,No,Generated timestamp,Restricted assessment evidence,No,Direct tenant_id,Candidate where applicable; assigned reviewer; authorised support/compliance,Contract/legal obligation/legitimate interests as documented; never infer consent from notice acknowledgement,Assessment evidence schedule; legal hold aware,Mutable through audited service command,Encrypted at rest and in transit,Required for create/update/delete/read-export where material
review,comparison_snapshots,Versioned comparison of completed human scores without AI-generated ordinal ranking,version_no,integer,No,,No,,Composite/Yes,Version no,Restricted assessment evidence,No,Direct tenant_id,Candidate where applicable; assigned reviewer; authorised support/compliance,Contract/legal obligation/legitimate interests as documented; never infer consent from notice acknowledgement,Assessment evidence schedule; legal hold aware,Mutable through audited service command,Encrypted at rest and in transit,Required for create/update/delete/read-export where material
review,criterion_scores,Human-owned criterion scores linked only to evidence and optional non-scoring AI observations,id,uuid,No,gen_random_uuid(),Yes,,No,Stable record identifier,Restricted assessment evidence,No,Direct tenant_id,Candidate where applicable; assigned reviewer; authorised support/compliance,Contract/legal obligation/legitimate interests as documented; never infer consent from notice acknowledgement,Assessment evidence schedule; legal hold aware,Mutable through audited service command,Encrypted at rest and in transit,Required for create/update/delete/read-export where material
review,criterion_scores,Human-owned criterion scores linked only to evidence and optional non-scoring AI observations,tenant_id,uuid,No,,No,tenant.organizations(id),No,Employer tenant isolation key,Restricted assessment evidence,No,Direct tenant_id,Candidate where applicable; assigned reviewer; authorised support/compliance,Contract/legal obligation/legitimate interests as documented; never infer consent from notice acknowledgement,Assessment evidence schedule; legal hold aware,Mutable through audited service command,Encrypted at rest and in transit,Required for create/update/delete/read-export where material
review,criterion_scores,Human-owned criterion scores linked only to evidence and optional non-scoring AI observations,scorecard_id,uuid,No,,No,review.scorecards(id),Composite/Yes,Scorecard reference,Restricted assessment evidence,No,Direct tenant_id,Candidate where applicable; assigned reviewer; authorised support/compliance,Contract/legal obligation/legitimate interests as documented; never infer consent from notice acknowledgement,Assessment evidence schedule; legal hold aware,Mutable through audited service command,Encrypted at rest and in transit,Required for create/update/delete/read-export where material
review,criterion_scores,Human-owned criterion scores linked only to evidence and optional non-scoring AI observations,criterion_id,uuid,No,,No,assessment.rubric_criteria(id),Composite/Yes,Criterion reference,Restricted assessment evidence,No,Direct tenant_id,Candidate where applicable; assigned reviewer; authorised support/compliance,Contract/legal obligation/legitimate interests as documented; never infer consent from notice acknowledgement,Assessment evidence schedule; legal hold aware,Mutable through audited service command,Encrypted at rest and in transit,Required for create/update/delete/read-export where material
review,criterion_scores,Human-owned criterion scores linked only to evidence and optional non-scoring AI observations,human_score,"numeric(10,4)",Yes,,No,,No,Human score,Restricted assessment evidence,No,Direct tenant_id,Candidate where applicable; assigned reviewer; authorised support/compliance,Contract/legal obligation/legitimate interests as documented; never infer consent from notice acknowledgement,Assessment evidence schedule; legal hold aware,Mutable through audited service command,Encrypted at rest and in transit,Required for create/update/delete/read-export where material
review,criterion_scores,Human-owned criterion scores linked only to evidence and optional non-scoring AI observations,ai_observation_id,uuid,Yes,,No,evidence.reviewer_ai_observations(id),No,Ai observation reference,Restricted assessment evidence,No,Direct tenant_id,Candidate where applicable; assigned reviewer; authorised support/compliance,Contract/legal obligation/legitimate interests as documented; never infer consent from notice acknowledgement,Assessment evidence schedule; legal hold aware,Mutable through audited service command,Encrypted at rest and in transit,Required for create/update/delete/read-export where material
review,criterion_scores,Human-owned criterion scores linked only to evidence and optional non-scoring AI observations,ai_observation_disposition,text,Yes,,No,,No,Ai observation disposition,Restricted assessment evidence,No,Direct tenant_id,Candidate where applicable; assigned reviewer; authorised support/compliance,Contract/legal obligation/legitimate interests as documented; never infer consent from notice acknowledgement,Assessment evidence schedule; legal hold aware,Mutable through audited service command,Encrypted at rest and in transit,Required for create/update/delete/read-export where material
review,criterion_scores,Human-owned criterion scores linked only to evidence and optional non-scoring AI observations,confidence,"numeric(5,4)",Yes,,No,,No,Confidence,Restricted assessment evidence,No,Direct tenant_id,Candidate where applicable; assigned reviewer; authorised support/compliance,Contract/legal obligation/legitimate interests as documented; never infer consent from notice acknowledgement,Assessment evidence schedule; legal hold aware,Mutable through audited service command,Encrypted at rest and in transit,Required for create/update/delete/read-export where material
review,criterion_scores,Human-owned criterion scores linked only to evidence and optional non-scoring AI observations,insufficient_evidence,boolean,No,false,No,,No,Insufficient evidence,Restricted assessment evidence,No,Direct tenant_id,Candidate where applicable; assigned reviewer; authorised support/compliance,Contract/legal obligation/legitimate interests as documented; never infer consent from notice acknowledgement,Assessment evidence schedule; legal hold aware,Mutable through audited service command,Encrypted at rest and in transit,Required for create/update/delete/read-export where material
review,criterion_scores,Human-owned criterion scores linked only to evidence and optional non-scoring AI observations,evidence_links,jsonb,No,'[]'::jsonb,No,,No,Versioned links to supporting evidence objects,Restricted assessment evidence,No,Direct tenant_id,Candidate where applicable; assigned reviewer; authorised support/compliance,Contract/legal obligation/legitimate interests as documented; never infer consent from notice acknowledgement,Assessment evidence schedule; legal hold aware,Mutable through audited service command,Encrypted at rest and in transit,Required for create/update/delete/read-export where material
review,criterion_scores,Human-owned criterion scores linked only to evidence and optional non-scoring AI observations,reviewer_comment,text,Yes,,No,,No,Reviewer comment,Restricted assessment evidence,No,Direct tenant_id,Candidate where applicable; assigned reviewer; authorised support/compliance,Contract/legal obligation/legitimate interests as documented; never infer consent from notice acknowledgement,Assessment evidence schedule; legal hold aware,Mutable through audited service command,Encrypted at rest and in transit,Required for create/update/delete/read-export where material
review,criterion_scores,Human-owned criterion scores linked only to evidence and optional non-scoring AI observations,created_at,timestamptz,No,now(),No,,No,Immutable record creation time in UTC,Restricted assessment evidence,No,Direct tenant_id,Candidate where applicable; assigned reviewer; authorised support/compliance,Contract/legal obligation/legitimate interests as documented; never infer consent from notice acknowledgement,Assessment evidence schedule; legal hold aware,Append-only / immutable,Encrypted at rest and in transit,Required for create/update/delete/read-export where material
review,criterion_scores,Human-owned criterion scores linked only to evidence and optional non-scoring AI observations,updated_at,timestamptz,No,now(),No,,No,Last mutable update time in UTC,Restricted assessment evidence,No,Direct tenant_id,Candidate where applicable; assigned reviewer; authorised support/compliance,Contract/legal obligation/legitimate interests as documented; never infer consent from notice acknowledgement,Assessment evidence schedule; legal hold aware,Mutable through audited service command,Encrypted at rest and in transit,Required for create/update/delete/read-export where material
review,evidence_annotations,Version-bound reviewer evidence bookmarks and annotations,id,uuid,No,gen_random_uuid(),Yes,,No,Stable record identifier,Restricted assessment evidence,No,Direct tenant_id,Candidate where applicable; assigned reviewer; authorised support/compliance,Contract/legal obligation/legitimate interests as documented; never infer consent from notice acknowledgement,Assessment evidence schedule; legal hold aware,Mutable through audited service command,Encrypted at rest and in transit,Required for create/update/delete/read-export where material
review,evidence_annotations,Version-bound reviewer evidence bookmarks and annotations,tenant_id,uuid,No,,No,tenant.organizations(id),No,Employer tenant isolation key,Restricted assessment evidence,No,Direct tenant_id,Candidate where applicable; assigned reviewer; authorised support/compliance,Contract/legal obligation/legitimate interests as documented; never infer consent from notice acknowledgement,Assessment evidence schedule; legal hold aware,Mutable through audited service command,Encrypted at rest and in transit,Required for create/update/delete/read-export where material
review,evidence_annotations,Version-bound reviewer evidence bookmarks and annotations,assignment_id,uuid,No,,No,review.reviewer_assignments(id),No,Assignment reference,Restricted assessment evidence,No,Direct tenant_id,Candidate where applicable; assigned reviewer; authorised support/compliance,Contract/legal obligation/legitimate interests as documented; never infer consent from notice acknowledgement,Assessment evidence schedule; legal hold aware,Mutable through audited service command,Encrypted at rest and in transit,Required for create/update/delete/read-export where material
review,evidence_annotations,Version-bound reviewer evidence bookmarks and annotations,evidence_object_id,uuid,No,,No,evidence.evidence_objects(id),No,Evidence object reference,Restricted assessment evidence,No,Direct tenant_id,Candidate where applicable; assigned reviewer; authorised support/compliance,Contract/legal obligation/legitimate interests as documented; never infer consent from notice acknowledgement,Assessment evidence schedule; legal hold aware,Mutable through audited service command,Encrypted at rest and in transit,Required for create/update/delete/read-export where material
review,evidence_annotations,Version-bound reviewer evidence bookmarks and annotations,annotation_type,text,No,,No,,No,Annotation type,Restricted assessment evidence,No,Direct tenant_id,Candidate where applicable; assigned reviewer; authorised support/compliance,Contract/legal obligation/legitimate interests as documented; never infer consent from notice acknowledgement,Assessment evidence schedule; legal hold aware,Mutable through audited service command,Encrypted at rest and in transit,Required for create/update/delete/read-export where material
review,evidence_annotations,Version-bound reviewer evidence bookmarks and annotations,visibility,text,No,,No,,No,Visibility,Restricted assessment evidence,No,Direct tenant_id,Candidate where applicable; assigned reviewer; authorised support/compliance,Contract/legal obligation/legitimate interests as documented; never infer consent from notice acknowledgement,Assessment evidence schedule; legal hold aware,Mutable through audited service command,Encrypted at rest and in transit,Required for create/update/delete/read-export where material
review,evidence_annotations,Version-bound reviewer evidence bookmarks and annotations,body,text,Yes,,No,,No,Body,Restricted assessment evidence,No,Direct tenant_id,Candidate where applicable; assigned reviewer; authorised support/compliance,Contract/legal obligation/legitimate interests as documented; never infer consent from notice acknowledgement,Assessment evidence schedule; legal hold aware,Mutable through audited service command,Encrypted at rest and in transit,Required for create/update/delete/read-export where material
review,evidence_annotations,Version-bound reviewer evidence bookmarks and annotations,evidence_version_hash,text,No,,No,,No,Evidence version hash,Restricted assessment evidence,No,Direct tenant_id,Candidate where applicable; assigned reviewer; authorised support/compliance,Contract/legal obligation/legitimate interests as documented; never infer consent from notice acknowledgement,Assessment evidence schedule; legal hold aware,Mutable through audited service command,Encrypted at rest and in transit,Required for create/update/delete/read-export where material
review,evidence_annotations,Version-bound reviewer evidence bookmarks and annotations,created_by,uuid,No,,No,iam.users(id),No,Created by,Restricted assessment evidence,No,Direct tenant_id,Candidate where applicable; assigned reviewer; authorised support/compliance,Contract/legal obligation/legitimate interests as documented; never infer consent from notice acknowledgement,Assessment evidence schedule; legal hold aware,Mutable through audited service command,Encrypted at rest and in transit,Required for create/update/delete/read-export where material
review,evidence_annotations,Version-bound reviewer evidence bookmarks and annotations,created_at,timestamptz,No,now(),No,,No,Immutable record creation time in UTC,Restricted assessment evidence,No,Direct tenant_id,Candidate where applicable; assigned reviewer; authorised support/compliance,Contract/legal obligation/legitimate interests as documented; never infer consent from notice acknowledgement,Assessment evidence schedule; legal hold aware,Append-only / immutable,Encrypted at rest and in transit,Required for create/update/delete/read-export where material
review,evidence_annotations,Version-bound reviewer evidence bookmarks and annotations,updated_at,timestamptz,No,now(),No,,No,Last mutable update time in UTC,Restricted assessment evidence,No,Direct tenant_id,Candidate where applicable; assigned reviewer; authorised support/compliance,Contract/legal obligation/legitimate interests as documented; never infer consent from notice acknowledgement,Assessment evidence schedule; legal hold aware,Mutable through audited service command,Encrypted at rest and in transit,Required for create/update/delete/read-export where material
review,integrity_resolutions,Human resolution of each integrity event,id,uuid,No,gen_random_uuid(),Yes,,No,Stable record identifier,Restricted assessment evidence,No,Direct tenant_id,Candidate where applicable; assigned reviewer; authorised support/compliance,Contract/legal obligation/legitimate interests as documented; never infer consent from notice acknowledgement,Assessment evidence schedule; legal hold aware,Mutable through audited service command,Encrypted at rest and in transit,Required for create/update/delete/read-export where material
review,integrity_resolutions,Human resolution of each integrity event,tenant_id,uuid,No,,No,tenant.organizations(id),No,Employer tenant isolation key,Restricted assessment evidence,No,Direct tenant_id,Candidate where applicable; assigned reviewer; authorised support/compliance,Contract/legal obligation/legitimate interests as documented; never infer consent from notice acknowledgement,Assessment evidence schedule; legal hold aware,Mutable through audited service command,Encrypted at rest and in transit,Required for create/update/delete/read-export where material
review,integrity_resolutions,Human resolution of each integrity event,integrity_event_id,uuid,No,,No,evidence.integrity_events(id),Composite/Yes,Integrity event reference,Restricted assessment evidence,No,Direct tenant_id,Candidate where applicable; assigned reviewer; authorised support/compliance,Contract/legal obligation/legitimate interests as documented; never infer consent from notice acknowledgement,Assessment evidence schedule; legal hold aware,Mutable through audited service command,Encrypted at rest and in transit,Required for create/update/delete/read-export where material
review,integrity_resolutions,Human resolution of each integrity event,assignment_id,uuid,Yes,,No,review.reviewer_assignments(id),Composite/Yes,Assignment reference,Restricted assessment evidence,No,Direct tenant_id,Candidate where applicable; assigned reviewer; authorised support/compliance,Contract/legal obligation/legitimate interests as documented; never infer consent from notice acknowledgement,Assessment evidence schedule; legal hold aware,Mutable through audited service command,Encrypted at rest and in transit,Required for create/update/delete/read-export where material
review,integrity_resolutions,Human resolution of each integrity event,resolution,text,No,,No,,No,Resolution,Restricted assessment evidence,No,Direct tenant_id,Candidate where applicable; assigned reviewer; authorised support/compliance,Contract/legal obligation/legitimate interests as documented; never infer consent from notice acknowledgement,Assessment evidence schedule; legal hold aware,Mutable through audited service command,Encrypted at rest and in transit,Required for create/update/delete/read-export where material
review,integrity_resolutions,Human resolution of each integrity event,rationale,text,No,,No,,No,Rationale,Restricted assessment evidence,No,Direct tenant_id,Candidate where applicable; assigned reviewer; authorised support/compliance,Contract/legal obligation/legitimate interests as documented; never infer consent from notice acknowledgement,Assessment evidence schedule; legal hold aware,Mutable through audited service command,Encrypted at rest and in transit,Required for create/update/delete/read-export where material
review,integrity_resolutions,Human resolution of each integrity event,evidence_links,jsonb,No,'[]'::jsonb,No,,No,Versioned links to supporting evidence objects,Restricted assessment evidence,No,Direct tenant_id,Candidate where applicable; assigned reviewer; authorised support/compliance,Contract/legal obligation/legitimate interests as documented; never infer consent from notice acknowledgement,Assessment evidence schedule; legal hold aware,Mutable through audited service command,Encrypted at rest and in transit,Required for create/update/delete/read-export where material
review,integrity_resolutions,Human resolution of each integrity event,resolved_by,uuid,No,,No,iam.users(id),No,Resolved by,Restricted assessment evidence,No,Direct tenant_id,Candidate where applicable; assigned reviewer; authorised support/compliance,Contract/legal obligation/legitimate interests as documented; never infer consent from notice acknowledgement,Assessment evidence schedule; legal hold aware,Mutable through audited service command,Encrypted at rest and in transit,Required for create/update/delete/read-export where material
review,integrity_resolutions,Human resolution of each integrity event,resolved_at,timestamptz,No,now(),No,,No,Resolved timestamp,Restricted assessment evidence,No,Direct tenant_id,Candidate where applicable; assigned reviewer; authorised support/compliance,Contract/legal obligation/legitimate interests as documented; never infer consent from notice acknowledgement,Assessment evidence schedule; legal hold aware,Mutable through audited service command,Encrypted at rest and in transit,Required for create/update/delete/read-export where material
review,progression_decisions,Human employment progression decision,id,uuid,No,gen_random_uuid(),Yes,,No,Stable record identifier,Restricted assessment evidence,No,Direct tenant_id,Candidate where applicable; assigned reviewer; authorised support/compliance,Contract/legal obligation/legitimate interests as documented; never infer consent from notice acknowledgement,Assessment evidence schedule; legal hold aware,Mutable through audited service command,Encrypted at rest and in transit,Required for create/update/delete/read-export where material
review,progression_decisions,Human employment progression decision,tenant_id,uuid,No,,No,tenant.organizations(id),No,Employer tenant isolation key,Restricted assessment evidence,No,Direct tenant_id,Candidate where applicable; assigned reviewer; authorised support/compliance,Contract/legal obligation/legitimate interests as documented; never infer consent from notice acknowledgement,Assessment evidence schedule; legal hold aware,Mutable through audited service command,Encrypted at rest and in transit,Required for create/update/delete/read-export where material
review,progression_decisions,Human employment progression decision,application_id,uuid,No,,No,hiring.applications(id),No,Hiring application reference,Restricted assessment evidence,No,Direct tenant_id,Candidate where applicable; assigned reviewer; authorised support/compliance,Contract/legal obligation/legitimate interests as documented; never infer consent from notice acknowledgement,Assessment evidence schedule; legal hold aware,Mutable through audited service command,Encrypted at rest and in transit,Required for create/update/delete/read-export where material
review,progression_decisions,Human employment progression decision,report_id,uuid,Yes,,No,review.reports(id),No,Report reference,Restricted assessment evidence,No,Direct tenant_id,Candidate where applicable; assigned reviewer; authorised support/compliance,Contract/legal obligation/legitimate interests as documented; never infer consent from notice acknowledgement,Assessment evidence schedule; legal hold aware,Mutable through audited service command,Encrypted at rest and in transit,Required for create/update/delete/read-export where material
review,progression_decisions,Human employment progression decision,decision,text,No,,No,,No,Decision,Restricted assessment evidence,No,Direct tenant_id,Candidate where applicable; assigned reviewer; authorised support/compliance,Contract/legal obligation/legitimate interests as documented; never infer consent from notice acknowledgement,Assessment evidence schedule; legal hold aware,Mutable through audited service command,Encrypted at rest and in transit,Required for create/update/delete/read-export where material
review,progression_decisions,Human employment progression decision,reason,text,No,,No,,No,Human-readable reason required for accountability,Restricted assessment evidence,No,Direct tenant_id,Candidate where applicable; assigned reviewer; authorised support/compliance,Contract/legal obligation/legitimate interests as documented; never infer consent from notice acknowledgement,Assessment evidence schedule; legal hold aware,Mutable through audited service command,Encrypted at rest and in transit,Required for create/update/delete/read-export where material
review,progression_decisions,Human employment progression decision,evidence_links,jsonb,No,'[]'::jsonb,No,,No,Versioned links to supporting evidence objects,Restricted assessment evidence,No,Direct tenant_id,Candidate where applicable; assigned reviewer; authorised support/compliance,Contract/legal obligation/legitimate interests as documented; never infer consent from notice acknowledgement,Assessment evidence schedule; legal hold aware,Mutable through audited service command,Encrypted at rest and in transit,Required for create/update/delete/read-export where material
review,progression_decisions,Human employment progression decision,decided_by,uuid,No,,No,iam.users(id),No,Decided by,Restricted assessment evidence,No,Direct tenant_id,Candidate where applicable; assigned reviewer; authorised support/compliance,Contract/legal obligation/legitimate interests as documented; never infer consent from notice acknowledgement,Assessment evidence schedule; legal hold aware,Mutable through audited service command,Encrypted at rest and in transit,Required for create/update/delete/read-export where material
review,progression_decisions,Human employment progression decision,decided_at,timestamptz,Yes,,No,,No,Decided timestamp,Restricted assessment evidence,No,Direct tenant_id,Candidate where applicable; assigned reviewer; authorised support/compliance,Contract/legal obligation/legitimate interests as documented; never infer consent from notice acknowledgement,Assessment evidence schedule; legal hold aware,Mutable through audited service command,Encrypted at rest and in transit,Required for create/update/delete/read-export where material
review,progression_decisions,Human employment progression decision,issued_at,timestamptz,Yes,,No,,No,Issued timestamp,Restricted assessment evidence,No,Direct tenant_id,Candidate where applicable; assigned reviewer; authorised support/compliance,Contract/legal obligation/legitimate interests as documented; never infer consent from notice acknowledgement,Assessment evidence schedule; legal hold aware,Mutable through audited service command,Encrypted at rest and in transit,Required for create/update/delete/read-export where material
review,progression_decisions,Human employment progression decision,decision_origin,text,No,'human',No,,No,Decision origin,Restricted assessment evidence,No,Direct tenant_id,Candidate where applicable; assigned reviewer; authorised support/compliance,Contract/legal obligation/legitimate interests as documented; never infer consent from notice acknowledgement,Assessment evidence schedule; legal hold aware,Mutable through audited service command,Encrypted at rest and in transit,Required for create/update/delete/read-export where material
review,progression_decisions,Human employment progression decision,human_confirmed,boolean,No,true,No,,No,Human confirmed,Restricted assessment evidence,No,Direct tenant_id,Candidate where applicable; assigned reviewer; authorised support/compliance,Contract/legal obligation/legitimate interests as documented; never infer consent from notice acknowledgement,Assessment evidence schedule; legal hold aware,Mutable through audited service command,Encrypted at rest and in transit,Required for create/update/delete/read-export where material
review,progression_decisions,Human employment progression decision,second_approval_required,boolean,No,false,No,,No,Second approval required,Restricted assessment evidence,No,Direct tenant_id,Candidate where applicable; assigned reviewer; authorised support/compliance,Contract/legal obligation/legitimate interests as documented; never infer consent from notice acknowledgement,Assessment evidence schedule; legal hold aware,Mutable through audited service command,Encrypted at rest and in transit,Required for create/update/delete/read-export where material
review,progression_decisions,Human employment progression decision,second_approved_by,uuid,Yes,,No,iam.users(id),No,Second approved by,Restricted assessment evidence,No,Direct tenant_id,Candidate where applicable; assigned reviewer; authorised support/compliance,Contract/legal obligation/legitimate interests as documented; never infer consent from notice acknowledgement,Assessment evidence schedule; legal hold aware,Mutable through audited service command,Encrypted at rest and in transit,Required for create/update/delete/read-export where material
review,progression_decisions,Human employment progression decision,second_approved_at,timestamptz,Yes,,No,,No,Second approved timestamp,Restricted assessment evidence,No,Direct tenant_id,Candidate where applicable; assigned reviewer; authorised support/compliance,Contract/legal obligation/legitimate interests as documented; never infer consent from notice acknowledgement,Assessment evidence schedule; legal hold aware,Mutable through audited service command,Encrypted at rest and in transit,Required for create/update/delete/read-export where material
review,progression_decisions,Human employment progression decision,status,text,No,'draft',No,,No,Controlled lifecycle state,Restricted assessment evidence,No,Direct tenant_id,Candidate where applicable; assigned reviewer; authorised support/compliance,Contract/legal obligation/legitimate interests as documented; never infer consent from notice acknowledgement,Assessment evidence schedule; legal hold aware,Mutable through audited service command,Encrypted at rest and in transit,Required for create/update/delete/read-export where material
review,reports,Versioned candidate report and interview guide,id,uuid,No,gen_random_uuid(),Yes,,No,Stable record identifier,Restricted assessment evidence,No,Direct tenant_id,Candidate where applicable; assigned reviewer; authorised support/compliance,Contract/legal obligation/legitimate interests as documented; never infer consent from notice acknowledgement,Assessment evidence schedule; legal hold aware,Mutable through audited service command,Encrypted at rest and in transit,Required for create/update/delete/read-export where material
review,reports,Versioned candidate report and interview guide,tenant_id,uuid,No,,No,tenant.organizations(id),No,Employer tenant isolation key,Restricted assessment evidence,No,Direct tenant_id,Candidate where applicable; assigned reviewer; authorised support/compliance,Contract/legal obligation/legitimate interests as documented; never infer consent from notice acknowledgement,Assessment evidence schedule; legal hold aware,Mutable through audited service command,Encrypted at rest and in transit,Required for create/update/delete/read-export where material
review,reports,Versioned candidate report and interview guide,submission_id,uuid,No,,No,runtime.submissions(id),Composite/Yes,Immutable submitted-attempt reference,Restricted assessment evidence,No,Direct tenant_id,Candidate where applicable; assigned reviewer; authorised support/compliance,Contract/legal obligation/legitimate interests as documented; never infer consent from notice acknowledgement,Assessment evidence schedule; legal hold aware,Mutable through audited service command,Encrypted at rest and in transit,Required for create/update/delete/read-export where material
review,reports,Versioned candidate report and interview guide,aggregate_score_id,uuid,No,,No,review.aggregate_scores(id),No,Aggregate score reference,Restricted assessment evidence,No,Direct tenant_id,Candidate where applicable; assigned reviewer; authorised support/compliance,Contract/legal obligation/legitimate interests as documented; never infer consent from notice acknowledgement,Assessment evidence schedule; legal hold aware,Mutable through audited service command,Encrypted at rest and in transit,Required for create/update/delete/read-export where material
review,reports,Versioned candidate report and interview guide,report_version,integer,No,,No,,Composite/Yes,Report version,Restricted assessment evidence,No,Direct tenant_id,Candidate where applicable; assigned reviewer; authorised support/compliance,Contract/legal obligation/legitimate interests as documented; never infer consent from notice acknowledgement,Assessment evidence schedule; legal hold aware,Mutable through audited service command,Encrypted at rest and in transit,Required for create/update/delete/read-export where material
review,reports,Versioned candidate report and interview guide,status,text,No,,No,,No,Controlled lifecycle state,Restricted assessment evidence,No,Direct tenant_id,Candidate where applicable; assigned reviewer; authorised support/compliance,Contract/legal obligation/legitimate interests as documented; never infer consent from notice acknowledgement,Assessment evidence schedule; legal hold aware,Mutable through audited service command,Encrypted at rest and in transit,Required for create/update/delete/read-export where material
review,reports,Versioned candidate report and interview guide,report_json,jsonb,No,,No,,No,Report json,Restricted assessment evidence,No,Direct tenant_id,Candidate where applicable; assigned reviewer; authorised support/compliance,Contract/legal obligation/legitimate interests as documented; never infer consent from notice acknowledgement,Assessment evidence schedule; legal hold aware,Mutable through audited service command,Encrypted at rest and in transit,Required for create/update/delete/read-export where material
review,reports,Versioned candidate report and interview guide,object_uri,text,Yes,,No,,No,Object uri,Restricted assessment evidence,No,Direct tenant_id,Candidate where applicable; assigned reviewer; authorised support/compliance,Contract/legal obligation/legitimate interests as documented; never infer consent from notice acknowledgement,Assessment evidence schedule; legal hold aware,Mutable through audited service command,Encrypted at rest and in transit,Required for create/update/delete/read-export where material
review,reports,Versioned candidate report and interview guide,approved_by,uuid,Yes,,No,iam.users(id),No,Approved by,Restricted assessment evidence,No,Direct tenant_id,Candidate where applicable; assigned reviewer; authorised support/compliance,Contract/legal obligation/legitimate interests as documented; never infer consent from notice acknowledgement,Assessment evidence schedule; legal hold aware,Mutable through audited service command,Encrypted at rest and in transit,Required for create/update/delete/read-export where material
review,reports,Versioned candidate report and interview guide,approved_at,timestamptz,Yes,,No,,No,Approved timestamp,Restricted assessment evidence,No,Direct tenant_id,Candidate where applicable; assigned reviewer; authorised support/compliance,Contract/legal obligation/legitimate interests as documented; never infer consent from notice acknowledgement,Assessment evidence schedule; legal hold aware,Mutable through audited service command,Encrypted at rest and in transit,Required for create/update/delete/read-export where material
review,reports,Versioned candidate report and interview guide,generated_at,timestamptz,No,now(),No,,No,Generated timestamp,Restricted assessment evidence,No,Direct tenant_id,Candidate where applicable; assigned reviewer; authorised support/compliance,Contract/legal obligation/legitimate interests as documented; never infer consent from notice acknowledgement,Assessment evidence schedule; legal hold aware,Mutable through audited service command,Encrypted at rest and in transit,Required for create/update/delete/read-export where material
review,review_amendments,Reasoned post-submission review correction versions,id,uuid,No,gen_random_uuid(),Yes,,No,Stable record identifier,Restricted assessment evidence,No,Direct tenant_id,Candidate where applicable; assigned reviewer; authorised support/compliance,Contract/legal obligation/legitimate interests as documented; never infer consent from notice acknowledgement,Assessment evidence schedule; legal hold aware,Append-only / immutable,Encrypted at rest and in transit,Required for create/update/delete/read-export where material
review,review_amendments,Reasoned post-submission review correction versions,tenant_id,uuid,No,,No,tenant.organizations(id),No,Employer tenant isolation key,Restricted assessment evidence,No,Direct tenant_id,Candidate where applicable; assigned reviewer; authorised support/compliance,Contract/legal obligation/legitimate interests as documented; never infer consent from notice acknowledgement,Assessment evidence schedule; legal hold aware,Append-only / immutable,Encrypted at rest and in transit,Required for create/update/delete/read-export where material
review,review_amendments,Reasoned post-submission review correction versions,scorecard_id,uuid,No,,No,review.scorecards(id),No,Scorecard reference,Restricted assessment evidence,No,Direct tenant_id,Candidate where applicable; assigned reviewer; authorised support/compliance,Contract/legal obligation/legitimate interests as documented; never infer consent from notice acknowledgement,Assessment evidence schedule; legal hold aware,Append-only / immutable,Encrypted at rest and in transit,Required for create/update/delete/read-export where material
review,review_amendments,Reasoned post-submission review correction versions,prior_scorecard_hash,text,No,,No,,No,Prior scorecard hash,Restricted assessment evidence,No,Direct tenant_id,Candidate where applicable; assigned reviewer; authorised support/compliance,Contract/legal obligation/legitimate interests as documented; never infer consent from notice acknowledgement,Assessment evidence schedule; legal hold aware,Append-only / immutable,Encrypted at rest and in transit,Required for create/update/delete/read-export where material
review,review_amendments,Reasoned post-submission review correction versions,amendment_json,jsonb,No,,No,,No,Amendment json,Restricted assessment evidence,No,Direct tenant_id,Candidate where applicable; assigned reviewer; authorised support/compliance,Contract/legal obligation/legitimate interests as documented; never infer consent from notice acknowledgement,Assessment evidence schedule; legal hold aware,Append-only / immutable,Encrypted at rest and in transit,Required for create/update/delete/read-export where material
review,review_amendments,Reasoned post-submission review correction versions,reason,text,No,,No,,No,Human-readable reason required for accountability,Restricted assessment evidence,No,Direct tenant_id,Candidate where applicable; assigned reviewer; authorised support/compliance,Contract/legal obligation/legitimate interests as documented; never infer consent from notice acknowledgement,Assessment evidence schedule; legal hold aware,Append-only / immutable,Encrypted at rest and in transit,Required for create/update/delete/read-export where material
review,review_amendments,Reasoned post-submission review correction versions,requested_by,uuid,No,,No,iam.users(id),No,Requested by,Restricted assessment evidence,No,Direct tenant_id,Candidate where applicable; assigned reviewer; authorised support/compliance,Contract/legal obligation/legitimate interests as documented; never infer consent from notice acknowledgement,Assessment evidence schedule; legal hold aware,Append-only / immutable,Encrypted at rest and in transit,Required for create/update/delete/read-export where material
review,review_amendments,Reasoned post-submission review correction versions,approved_by,uuid,Yes,,No,iam.users(id),No,Approved by,Restricted assessment evidence,No,Direct tenant_id,Candidate where applicable; assigned reviewer; authorised support/compliance,Contract/legal obligation/legitimate interests as documented; never infer consent from notice acknowledgement,Assessment evidence schedule; legal hold aware,Append-only / immutable,Encrypted at rest and in transit,Required for create/update/delete/read-export where material
review,review_amendments,Reasoned post-submission review correction versions,status,text,No,,No,,No,Controlled lifecycle state,Restricted assessment evidence,No,Direct tenant_id,Candidate where applicable; assigned reviewer; authorised support/compliance,Contract/legal obligation/legitimate interests as documented; never infer consent from notice acknowledgement,Assessment evidence schedule; legal hold aware,Append-only / immutable,Encrypted at rest and in transit,Required for create/update/delete/read-export where material
review,review_amendments,Reasoned post-submission review correction versions,created_at,timestamptz,No,now(),No,,No,Immutable record creation time in UTC,Restricted assessment evidence,No,Direct tenant_id,Candidate where applicable; assigned reviewer; authorised support/compliance,Contract/legal obligation/legitimate interests as documented; never infer consent from notice acknowledgement,Assessment evidence schedule; legal hold aware,Append-only / immutable,Encrypted at rest and in transit,Required for create/update/delete/read-export where material
review,review_amendments,Reasoned post-submission review correction versions,applied_at,timestamptz,Yes,,No,,No,Applied timestamp,Restricted assessment evidence,No,Direct tenant_id,Candidate where applicable; assigned reviewer; authorised support/compliance,Contract/legal obligation/legitimate interests as documented; never infer consent from notice acknowledgement,Assessment evidence schedule; legal hold aware,Append-only / immutable,Encrypted at rest and in transit,Required for create/update/delete/read-export where material
review,review_comments,Evidence-linked reviewer comments,id,uuid,No,gen_random_uuid(),Yes,,No,Stable record identifier,Restricted assessment evidence,No,Direct tenant_id,Candidate where applicable; assigned reviewer; authorised support/compliance,Contract/legal obligation/legitimate interests as documented; never infer consent from notice acknowledgement,Assessment evidence schedule; legal hold aware,Mutable through audited service command,Encrypted at rest and in transit,Required for create/update/delete/read-export where material
review,review_comments,Evidence-linked reviewer comments,tenant_id,uuid,No,,No,tenant.organizations(id),No,Employer tenant isolation key,Restricted assessment evidence,No,Direct tenant_id,Candidate where applicable; assigned reviewer; authorised support/compliance,Contract/legal obligation/legitimate interests as documented; never infer consent from notice acknowledgement,Assessment evidence schedule; legal hold aware,Mutable through audited service command,Encrypted at rest and in transit,Required for create/update/delete/read-export where material
review,review_comments,Evidence-linked reviewer comments,scorecard_id,uuid,No,,No,review.scorecards(id),No,Scorecard reference,Restricted assessment evidence,No,Direct tenant_id,Candidate where applicable; assigned reviewer; authorised support/compliance,Contract/legal obligation/legitimate interests as documented; never infer consent from notice acknowledgement,Assessment evidence schedule; legal hold aware,Mutable through audited service command,Encrypted at rest and in transit,Required for create/update/delete/read-export where material
review,review_comments,Evidence-linked reviewer comments,author_user_id,uuid,No,,No,iam.users(id),No,Author user reference,Restricted assessment evidence,No,Direct tenant_id,Candidate where applicable; assigned reviewer; authorised support/compliance,Contract/legal obligation/legitimate interests as documented; never infer consent from notice acknowledgement,Assessment evidence schedule; legal hold aware,Mutable through audited service command,Encrypted at rest and in transit,Required for create/update/delete/read-export where material
review,review_comments,Evidence-linked reviewer comments,comment_type,text,No,,No,,No,Comment type,Restricted assessment evidence,No,Direct tenant_id,Candidate where applicable; assigned reviewer; authorised support/compliance,Contract/legal obligation/legitimate interests as documented; never infer consent from notice acknowledgement,Assessment evidence schedule; legal hold aware,Mutable through audited service command,Encrypted at rest and in transit,Required for create/update/delete/read-export where material
review,review_comments,Evidence-linked reviewer comments,body,text,No,,No,,No,Body,Restricted assessment evidence,No,Direct tenant_id,Candidate where applicable; assigned reviewer; authorised support/compliance,Contract/legal obligation/legitimate interests as documented; never infer consent from notice acknowledgement,Assessment evidence schedule; legal hold aware,Mutable through audited service command,Encrypted at rest and in transit,Required for create/update/delete/read-export where material
review,review_comments,Evidence-linked reviewer comments,evidence_links,jsonb,No,'[]'::jsonb,No,,No,Versioned links to supporting evidence objects,Restricted assessment evidence,No,Direct tenant_id,Candidate where applicable; assigned reviewer; authorised support/compliance,Contract/legal obligation/legitimate interests as documented; never infer consent from notice acknowledgement,Assessment evidence schedule; legal hold aware,Mutable through audited service command,Encrypted at rest and in transit,Required for create/update/delete/read-export where material
review,review_comments,Evidence-linked reviewer comments,created_at,timestamptz,No,now(),No,,No,Immutable record creation time in UTC,Restricted assessment evidence,No,Direct tenant_id,Candidate where applicable; assigned reviewer; authorised support/compliance,Contract/legal obligation/legitimate interests as documented; never infer consent from notice acknowledgement,Assessment evidence schedule; legal hold aware,Append-only / immutable,Encrypted at rest and in transit,Required for create/update/delete/read-export where material
review,reviewer_assignments,"Single, blind double, adjudication and QA workflow",id,uuid,No,gen_random_uuid(),Yes,,No,Stable record identifier,Restricted assessment evidence,No,Direct tenant_id,Candidate where applicable; assigned reviewer; authorised support/compliance,Contract/legal obligation/legitimate interests as documented; never infer consent from notice acknowledgement,Assessment evidence schedule; legal hold aware,Mutable through audited service command,Encrypted at rest and in transit,Required for create/update/delete/read-export where material
review,reviewer_assignments,"Single, blind double, adjudication and QA workflow",tenant_id,uuid,No,,No,tenant.organizations(id),No,Employer tenant isolation key,Restricted assessment evidence,No,Direct tenant_id,Candidate where applicable; assigned reviewer; authorised support/compliance,Contract/legal obligation/legitimate interests as documented; never infer consent from notice acknowledgement,Assessment evidence schedule; legal hold aware,Mutable through audited service command,Encrypted at rest and in transit,Required for create/update/delete/read-export where material
review,reviewer_assignments,"Single, blind double, adjudication and QA workflow",submission_id,uuid,No,,No,runtime.submissions(id),Composite/Yes,Immutable submitted-attempt reference,Restricted assessment evidence,No,Direct tenant_id,Candidate where applicable; assigned reviewer; authorised support/compliance,Contract/legal obligation/legitimate interests as documented; never infer consent from notice acknowledgement,Assessment evidence schedule; legal hold aware,Mutable through audited service command,Encrypted at rest and in transit,Required for create/update/delete/read-export where material
review,reviewer_assignments,"Single, blind double, adjudication and QA workflow",reviewer_profile_id,uuid,No,,No,hiring.reviewer_profiles(id),Composite/Yes,Reviewer profile reference,Restricted assessment evidence,No,Direct tenant_id,Candidate where applicable; assigned reviewer; authorised support/compliance,Contract/legal obligation/legitimate interests as documented; never infer consent from notice acknowledgement,Assessment evidence schedule; legal hold aware,Mutable through audited service command,Encrypted at rest and in transit,Required for create/update/delete/read-export where material
review,reviewer_assignments,"Single, blind double, adjudication and QA workflow",assignment_type,text,No,,No,,Composite/Yes,Assignment type,Restricted assessment evidence,No,Direct tenant_id,Candidate where applicable; assigned reviewer; authorised support/compliance,Contract/legal obligation/legitimate interests as documented; never infer consent from notice acknowledgement,Assessment evidence schedule; legal hold aware,Mutable through audited service command,Encrypted at rest and in transit,Required for create/update/delete/read-export where material
review,reviewer_assignments,"Single, blind double, adjudication and QA workflow",blind_group,text,Yes,,No,,No,Blind group,Restricted assessment evidence,No,Direct tenant_id,Candidate where applicable; assigned reviewer; authorised support/compliance,Contract/legal obligation/legitimate interests as documented; never infer consent from notice acknowledgement,Assessment evidence schedule; legal hold aware,Mutable through audited service command,Encrypted at rest and in transit,Required for create/update/delete/read-export where material
review,reviewer_assignments,"Single, blind double, adjudication and QA workflow",status,text,No,,No,,No,Controlled lifecycle state,Restricted assessment evidence,No,Direct tenant_id,Candidate where applicable; assigned reviewer; authorised support/compliance,Contract/legal obligation/legitimate interests as documented; never infer consent from notice acknowledgement,Assessment evidence schedule; legal hold aware,Mutable through audited service command,Encrypted at rest and in transit,Required for create/update/delete/read-export where material
review,reviewer_assignments,"Single, blind double, adjudication and QA workflow",assigned_at,timestamptz,No,now(),No,,No,Assigned timestamp,Restricted assessment evidence,No,Direct tenant_id,Candidate where applicable; assigned reviewer; authorised support/compliance,Contract/legal obligation/legitimate interests as documented; never infer consent from notice acknowledgement,Assessment evidence schedule; legal hold aware,Mutable through audited service command,Encrypted at rest and in transit,Required for create/update/delete/read-export where material
review,reviewer_assignments,"Single, blind double, adjudication and QA workflow",due_at,timestamptz,Yes,,No,,No,Due timestamp,Restricted assessment evidence,No,Direct tenant_id,Candidate where applicable; assigned reviewer; authorised support/compliance,Contract/legal obligation/legitimate interests as documented; never infer consent from notice acknowledgement,Assessment evidence schedule; legal hold aware,Mutable through audited service command,Encrypted at rest and in transit,Required for create/update/delete/read-export where material
review,reviewer_assignments,"Single, blind double, adjudication and QA workflow",submitted_at,timestamptz,Yes,,No,,No,Submitted timestamp,Restricted assessment evidence,No,Direct tenant_id,Candidate where applicable; assigned reviewer; authorised support/compliance,Contract/legal obligation/legitimate interests as documented; never infer consent from notice acknowledgement,Assessment evidence schedule; legal hold aware,Mutable through audited service command,Encrypted at rest and in transit,Required for create/update/delete/read-export where material
review,reviewer_availability,Reviewer availability and capacity windows,id,uuid,No,gen_random_uuid(),Yes,,No,Stable record identifier,Restricted assessment evidence,No,Direct tenant_id,Candidate where applicable; assigned reviewer; authorised support/compliance,Contract/legal obligation/legitimate interests as documented; never infer consent from notice acknowledgement,Assessment evidence schedule; legal hold aware,Mutable through audited service command,Encrypted at rest and in transit,Required for create/update/delete/read-export where material
review,reviewer_availability,Reviewer availability and capacity windows,tenant_id,uuid,No,,No,tenant.organizations(id),No,Employer tenant isolation key,Restricted assessment evidence,No,Direct tenant_id,Candidate where applicable; assigned reviewer; authorised support/compliance,Contract/legal obligation/legitimate interests as documented; never infer consent from notice acknowledgement,Assessment evidence schedule; legal hold aware,Mutable through audited service command,Encrypted at rest and in transit,Required for create/update/delete/read-export where material
review,reviewer_availability,Reviewer availability and capacity windows,reviewer_profile_id,uuid,No,,No,hiring.reviewer_profiles(id),No,Reviewer profile reference,Restricted assessment evidence,No,Direct tenant_id,Candidate where applicable; assigned reviewer; authorised support/compliance,Contract/legal obligation/legitimate interests as documented; never infer consent from notice acknowledgement,Assessment evidence schedule; legal hold aware,Mutable through audited service command,Encrypted at rest and in transit,Required for create/update/delete/read-export where material
review,reviewer_availability,Reviewer availability and capacity windows,available_from,timestamptz,No,,No,,No,Available from,Restricted assessment evidence,No,Direct tenant_id,Candidate where applicable; assigned reviewer; authorised support/compliance,Contract/legal obligation/legitimate interests as documented; never infer consent from notice acknowledgement,Assessment evidence schedule; legal hold aware,Mutable through audited service command,Encrypted at rest and in transit,Required for create/update/delete/read-export where material
review,reviewer_availability,Reviewer availability and capacity windows,available_to,timestamptz,No,,No,,No,Available to,Restricted assessment evidence,No,Direct tenant_id,Candidate where applicable; assigned reviewer; authorised support/compliance,Contract/legal obligation/legitimate interests as documented; never infer consent from notice acknowledgement,Assessment evidence schedule; legal hold aware,Mutable through audited service command,Encrypted at rest and in transit,Required for create/update/delete/read-export where material
review,reviewer_availability,Reviewer availability and capacity windows,capacity,integer,No,,No,,No,Capacity,Restricted assessment evidence,No,Direct tenant_id,Candidate where applicable; assigned reviewer; authorised support/compliance,Contract/legal obligation/legitimate interests as documented; never infer consent from notice acknowledgement,Assessment evidence schedule; legal hold aware,Mutable through audited service command,Encrypted at rest and in transit,Required for create/update/delete/read-export where material
review,reviewer_availability,Reviewer availability and capacity windows,status,text,No,,No,,No,Controlled lifecycle state,Restricted assessment evidence,No,Direct tenant_id,Candidate where applicable; assigned reviewer; authorised support/compliance,Contract/legal obligation/legitimate interests as documented; never infer consent from notice acknowledgement,Assessment evidence schedule; legal hold aware,Mutable through audited service command,Encrypted at rest and in transit,Required for create/update/delete/read-export where material
review,reviewer_availability,Reviewer availability and capacity windows,note,text,Yes,,No,,No,Note,Restricted assessment evidence,No,Direct tenant_id,Candidate where applicable; assigned reviewer; authorised support/compliance,Contract/legal obligation/legitimate interests as documented; never infer consent from notice acknowledgement,Assessment evidence schedule; legal hold aware,Mutable through audited service command,Encrypted at rest and in transit,Required for create/update/delete/read-export where material
review,reviewer_availability,Reviewer availability and capacity windows,created_at,timestamptz,No,now(),No,,No,Immutable record creation time in UTC,Restricted assessment evidence,No,Direct tenant_id,Candidate where applicable; assigned reviewer; authorised support/compliance,Contract/legal obligation/legitimate interests as documented; never infer consent from notice acknowledgement,Assessment evidence schedule; legal hold aware,Append-only / immutable,Encrypted at rest and in transit,Required for create/update/delete/read-export where material
review,reviewer_training_records,"AI literacy, oversight and calibration evidence",id,uuid,No,gen_random_uuid(),Yes,,No,Stable record identifier,Restricted assessment evidence,No,Direct tenant_id,Candidate where applicable; assigned reviewer; authorised support/compliance,Contract/legal obligation/legitimate interests as documented; never infer consent from notice acknowledgement,Assessment evidence schedule; legal hold aware,Mutable through audited service command,Encrypted at rest and in transit,Required for create/update/delete/read-export where material
review,reviewer_training_records,"AI literacy, oversight and calibration evidence",tenant_id,uuid,No,,No,tenant.organizations(id),No,Employer tenant isolation key,Restricted assessment evidence,No,Direct tenant_id,Candidate where applicable; assigned reviewer; authorised support/compliance,Contract/legal obligation/legitimate interests as documented; never infer consent from notice acknowledgement,Assessment evidence schedule; legal hold aware,Mutable through audited service command,Encrypted at rest and in transit,Required for create/update/delete/read-export where material
review,reviewer_training_records,"AI literacy, oversight and calibration evidence",reviewer_profile_id,uuid,No,,No,hiring.reviewer_profiles(id),Composite/Yes,Reviewer profile reference,Restricted assessment evidence,No,Direct tenant_id,Candidate where applicable; assigned reviewer; authorised support/compliance,Contract/legal obligation/legitimate interests as documented; never infer consent from notice acknowledgement,Assessment evidence schedule; legal hold aware,Mutable through audited service command,Encrypted at rest and in transit,Required for create/update/delete/read-export where material
review,reviewer_training_records,"AI literacy, oversight and calibration evidence",training_type,text,No,,No,,Composite/Yes,Training type,Restricted assessment evidence,No,Direct tenant_id,Candidate where applicable; assigned reviewer; authorised support/compliance,Contract/legal obligation/legitimate interests as documented; never infer consent from notice acknowledgement,Assessment evidence schedule; legal hold aware,Mutable through audited service command,Encrypted at rest and in transit,Required for create/update/delete/read-export where material
review,reviewer_training_records,"AI literacy, oversight and calibration evidence",material_version,text,No,,No,,Composite/Yes,Material version,Restricted assessment evidence,No,Direct tenant_id,Candidate where applicable; assigned reviewer; authorised support/compliance,Contract/legal obligation/legitimate interests as documented; never infer consent from notice acknowledgement,Assessment evidence schedule; legal hold aware,Mutable through audited service command,Encrypted at rest and in transit,Required for create/update/delete/read-export where material
review,reviewer_training_records,"AI literacy, oversight and calibration evidence",status,text,No,,No,,No,Controlled lifecycle state,Restricted assessment evidence,No,Direct tenant_id,Candidate where applicable; assigned reviewer; authorised support/compliance,Contract/legal obligation/legitimate interests as documented; never infer consent from notice acknowledgement,Assessment evidence schedule; legal hold aware,Mutable through audited service command,Encrypted at rest and in transit,Required for create/update/delete/read-export where material
review,reviewer_training_records,"AI literacy, oversight and calibration evidence",score,"numeric(7,4)",Yes,,No,,No,Score,Restricted assessment evidence,No,Direct tenant_id,Candidate where applicable; assigned reviewer; authorised support/compliance,Contract/legal obligation/legitimate interests as documented; never infer consent from notice acknowledgement,Assessment evidence schedule; legal hold aware,Mutable through audited service command,Encrypted at rest and in transit,Required for create/update/delete/read-export where material
review,reviewer_training_records,"AI literacy, oversight and calibration evidence",completed_at,timestamptz,Yes,,No,,No,Completed timestamp,Restricted assessment evidence,No,Direct tenant_id,Candidate where applicable; assigned reviewer; authorised support/compliance,Contract/legal obligation/legitimate interests as documented; never infer consent from notice acknowledgement,Assessment evidence schedule; legal hold aware,Mutable through audited service command,Encrypted at rest and in transit,Required for create/update/delete/read-export where material
review,reviewer_training_records,"AI literacy, oversight and calibration evidence",expires_at,timestamptz,Yes,,No,,No,Expires timestamp,Restricted assessment evidence,No,Direct tenant_id,Candidate where applicable; assigned reviewer; authorised support/compliance,Contract/legal obligation/legitimate interests as documented; never infer consent from notice acknowledgement,Assessment evidence schedule; legal hold aware,Mutable through audited service command,Encrypted at rest and in transit,Required for create/update/delete/read-export where material
review,reviewer_training_records,"AI literacy, oversight and calibration evidence",evidence_uri,text,Yes,,No,,No,Evidence uri,Restricted assessment evidence,No,Direct tenant_id,Candidate where applicable; assigned reviewer; authorised support/compliance,Contract/legal obligation/legitimate interests as documented; never infer consent from notice acknowledgement,Assessment evidence schedule; legal hold aware,Mutable through audited service command,Encrypted at rest and in transit,Required for create/update/delete/read-export where material
review,reviewer_training_records,"AI literacy, oversight and calibration evidence",approved_by,uuid,Yes,,No,iam.users(id),No,Approved by,Restricted assessment evidence,No,Direct tenant_id,Candidate where applicable; assigned reviewer; authorised support/compliance,Contract/legal obligation/legitimate interests as documented; never infer consent from notice acknowledgement,Assessment evidence schedule; legal hold aware,Mutable through audited service command,Encrypted at rest and in transit,Required for create/update/delete/read-export where material
review,reviewer_training_records,"AI literacy, oversight and calibration evidence",created_at,timestamptz,No,now(),No,,No,Immutable record creation time in UTC,Restricted assessment evidence,No,Direct tenant_id,Candidate where applicable; assigned reviewer; authorised support/compliance,Contract/legal obligation/legitimate interests as documented; never infer consent from notice acknowledgement,Assessment evidence schedule; legal hold aware,Append-only / immutable,Encrypted at rest and in transit,Required for create/update/delete/read-export where material
review,score_overrides,Original and revised values with accountable reason,id,uuid,No,gen_random_uuid(),Yes,,No,Stable record identifier,Restricted assessment evidence,No,Direct tenant_id,Candidate where applicable; assigned reviewer; authorised support/compliance,Contract/legal obligation/legitimate interests as documented; never infer consent from notice acknowledgement,Assessment evidence schedule; legal hold aware,Mutable through audited service command,Encrypted at rest and in transit,Required for create/update/delete/read-export where material
review,score_overrides,Original and revised values with accountable reason,tenant_id,uuid,No,,No,tenant.organizations(id),No,Employer tenant isolation key,Restricted assessment evidence,No,Direct tenant_id,Candidate where applicable; assigned reviewer; authorised support/compliance,Contract/legal obligation/legitimate interests as documented; never infer consent from notice acknowledgement,Assessment evidence schedule; legal hold aware,Mutable through audited service command,Encrypted at rest and in transit,Required for create/update/delete/read-export where material
review,score_overrides,Original and revised values with accountable reason,criterion_score_id,uuid,Yes,,No,review.criterion_scores(id),No,Criterion score reference,Restricted assessment evidence,No,Direct tenant_id,Candidate where applicable; assigned reviewer; authorised support/compliance,Contract/legal obligation/legitimate interests as documented; never infer consent from notice acknowledgement,Assessment evidence schedule; legal hold aware,Mutable through audited service command,Encrypted at rest and in transit,Required for create/update/delete/read-export where material
review,score_overrides,Original and revised values with accountable reason,aggregate_score_id,uuid,Yes,,No,review.aggregate_scores(id),No,Aggregate score reference,Restricted assessment evidence,No,Direct tenant_id,Candidate where applicable; assigned reviewer; authorised support/compliance,Contract/legal obligation/legitimate interests as documented; never infer consent from notice acknowledgement,Assessment evidence schedule; legal hold aware,Mutable through audited service command,Encrypted at rest and in transit,Required for create/update/delete/read-export where material
review,score_overrides,Original and revised values with accountable reason,original_value,jsonb,No,,No,,No,Original value,Restricted assessment evidence,No,Direct tenant_id,Candidate where applicable; assigned reviewer; authorised support/compliance,Contract/legal obligation/legitimate interests as documented; never infer consent from notice acknowledgement,Assessment evidence schedule; legal hold aware,Mutable through audited service command,Encrypted at rest and in transit,Required for create/update/delete/read-export where material
review,score_overrides,Original and revised values with accountable reason,revised_value,jsonb,No,,No,,No,Revised value,Restricted assessment evidence,No,Direct tenant_id,Candidate where applicable; assigned reviewer; authorised support/compliance,Contract/legal obligation/legitimate interests as documented; never infer consent from notice acknowledgement,Assessment evidence schedule; legal hold aware,Mutable through audited service command,Encrypted at rest and in transit,Required for create/update/delete/read-export where material
review,score_overrides,Original and revised values with accountable reason,reason,text,No,,No,,No,Human-readable reason required for accountability,Restricted assessment evidence,No,Direct tenant_id,Candidate where applicable; assigned reviewer; authorised support/compliance,Contract/legal obligation/legitimate interests as documented; never infer consent from notice acknowledgement,Assessment evidence schedule; legal hold aware,Mutable through audited service command,Encrypted at rest and in transit,Required for create/update/delete/read-export where material
review,score_overrides,Original and revised values with accountable reason,evidence_links,jsonb,No,'[]'::jsonb,No,,No,Versioned links to supporting evidence objects,Restricted assessment evidence,No,Direct tenant_id,Candidate where applicable; assigned reviewer; authorised support/compliance,Contract/legal obligation/legitimate interests as documented; never infer consent from notice acknowledgement,Assessment evidence schedule; legal hold aware,Mutable through audited service command,Encrypted at rest and in transit,Required for create/update/delete/read-export where material
review,score_overrides,Original and revised values with accountable reason,overridden_by,uuid,No,,No,iam.users(id),No,Overridden by,Restricted assessment evidence,No,Direct tenant_id,Candidate where applicable; assigned reviewer; authorised support/compliance,Contract/legal obligation/legitimate interests as documented; never infer consent from notice acknowledgement,Assessment evidence schedule; legal hold aware,Mutable through audited service command,Encrypted at rest and in transit,Required for create/update/delete/read-export where material
review,score_overrides,Original and revised values with accountable reason,secondary_approval_required,boolean,No,false,No,,No,Secondary approval required,Restricted assessment evidence,No,Direct tenant_id,Candidate where applicable; assigned reviewer; authorised support/compliance,Contract/legal obligation/legitimate interests as documented; never infer consent from notice acknowledgement,Assessment evidence schedule; legal hold aware,Mutable through audited service command,Encrypted at rest and in transit,Required for create/update/delete/read-export where material
review,score_overrides,Original and revised values with accountable reason,approved_by,uuid,Yes,,No,iam.users(id),No,Approved by,Restricted assessment evidence,No,Direct tenant_id,Candidate where applicable; assigned reviewer; authorised support/compliance,Contract/legal obligation/legitimate interests as documented; never infer consent from notice acknowledgement,Assessment evidence schedule; legal hold aware,Mutable through audited service command,Encrypted at rest and in transit,Required for create/update/delete/read-export where material
review,score_overrides,Original and revised values with accountable reason,approved_at,timestamptz,Yes,,No,,No,Approved timestamp,Restricted assessment evidence,No,Direct tenant_id,Candidate where applicable; assigned reviewer; authorised support/compliance,Contract/legal obligation/legitimate interests as documented; never infer consent from notice acknowledgement,Assessment evidence schedule; legal hold aware,Mutable through audited service command,Encrypted at rest and in transit,Required for create/update/delete/read-export where material
review,score_overrides,Original and revised values with accountable reason,created_at,timestamptz,No,now(),No,,No,Immutable record creation time in UTC,Restricted assessment evidence,No,Direct tenant_id,Candidate where applicable; assigned reviewer; authorised support/compliance,Contract/legal obligation/legitimate interests as documented; never infer consent from notice acknowledgement,Assessment evidence schedule; legal hold aware,Append-only / immutable,Encrypted at rest and in transit,Required for create/update/delete/read-export where material
review,scorecard_drafts,Autosaved reviewer draft and optimistic concurrency state,scorecard_id,uuid,No,,Yes,review.scorecards(id),No,Scorecard reference,Restricted assessment evidence,No,Direct tenant_id,Candidate where applicable; assigned reviewer; authorised support/compliance,Contract/legal obligation/legitimate interests as documented; never infer consent from notice acknowledgement,Assessment evidence schedule; legal hold aware,Mutable through audited service command,Encrypted at rest and in transit,Required for create/update/delete/read-export where material
review,scorecard_drafts,Autosaved reviewer draft and optimistic concurrency state,tenant_id,uuid,No,,No,tenant.organizations(id),No,Employer tenant isolation key,Restricted assessment evidence,No,Direct tenant_id,Candidate where applicable; assigned reviewer; authorised support/compliance,Contract/legal obligation/legitimate interests as documented; never infer consent from notice acknowledgement,Assessment evidence schedule; legal hold aware,Mutable through audited service command,Encrypted at rest and in transit,Required for create/update/delete/read-export where material
review,scorecard_drafts,Autosaved reviewer draft and optimistic concurrency state,draft_json,jsonb,No,,No,,No,Draft json,Restricted assessment evidence,No,Direct tenant_id,Candidate where applicable; assigned reviewer; authorised support/compliance,Contract/legal obligation/legitimate interests as documented; never infer consent from notice acknowledgement,Assessment evidence schedule; legal hold aware,Mutable through audited service command,Encrypted at rest and in transit,Required for create/update/delete/read-export where material
review,scorecard_drafts,Autosaved reviewer draft and optimistic concurrency state,row_version,integer,No,1,No,,No,Row version,Restricted assessment evidence,No,Direct tenant_id,Candidate where applicable; assigned reviewer; authorised support/compliance,Contract/legal obligation/legitimate interests as documented; never infer consent from notice acknowledgement,Assessment evidence schedule; legal hold aware,Mutable through audited service command,Encrypted at rest and in transit,Required for create/update/delete/read-export where material
review,scorecard_drafts,Autosaved reviewer draft and optimistic concurrency state,last_saved_by,uuid,No,,No,iam.users(id),No,Last saved by,Restricted assessment evidence,No,Direct tenant_id,Candidate where applicable; assigned reviewer; authorised support/compliance,Contract/legal obligation/legitimate interests as documented; never infer consent from notice acknowledgement,Assessment evidence schedule; legal hold aware,Mutable through audited service command,Encrypted at rest and in transit,Required for create/update/delete/read-export where material
review,scorecard_drafts,Autosaved reviewer draft and optimistic concurrency state,last_saved_at,timestamptz,No,now(),No,,No,Last saved timestamp,Restricted assessment evidence,No,Direct tenant_id,Candidate where applicable; assigned reviewer; authorised support/compliance,Contract/legal obligation/legitimate interests as documented; never infer consent from notice acknowledgement,Assessment evidence schedule; legal hold aware,Mutable through audited service command,Encrypted at rest and in transit,Required for create/update/delete/read-export where material
review,scorecard_drafts,Autosaved reviewer draft and optimistic concurrency state,client_sequence,bigint,No,0,No,,No,Client sequence,Restricted assessment evidence,No,Direct tenant_id,Candidate where applicable; assigned reviewer; authorised support/compliance,Contract/legal obligation/legitimate interests as documented; never infer consent from notice acknowledgement,Assessment evidence schedule; legal hold aware,Mutable through audited service command,Encrypted at rest and in transit,Required for create/update/delete/read-export where material
review,scorecards,Reviewer-owned scorecard,id,uuid,No,gen_random_uuid(),Yes,,No,Stable record identifier,Restricted assessment evidence,No,Direct tenant_id,Candidate where applicable; assigned reviewer; authorised support/compliance,Contract/legal obligation/legitimate interests as documented; never infer consent from notice acknowledgement,Assessment evidence schedule; legal hold aware,Mutable through audited service command,Encrypted at rest and in transit,Required for create/update/delete/read-export where material
review,scorecards,Reviewer-owned scorecard,tenant_id,uuid,No,,No,tenant.organizations(id),No,Employer tenant isolation key,Restricted assessment evidence,No,Direct tenant_id,Candidate where applicable; assigned reviewer; authorised support/compliance,Contract/legal obligation/legitimate interests as documented; never infer consent from notice acknowledgement,Assessment evidence schedule; legal hold aware,Mutable through audited service command,Encrypted at rest and in transit,Required for create/update/delete/read-export where material
review,scorecards,Reviewer-owned scorecard,assignment_id,uuid,No,,No,review.reviewer_assignments(id),Yes,Assignment reference,Restricted assessment evidence,No,Direct tenant_id,Candidate where applicable; assigned reviewer; authorised support/compliance,Contract/legal obligation/legitimate interests as documented; never infer consent from notice acknowledgement,Assessment evidence schedule; legal hold aware,Mutable through audited service command,Encrypted at rest and in transit,Required for create/update/delete/read-export where material
review,scorecards,Reviewer-owned scorecard,rubric_version_id,uuid,No,,No,assessment.rubric_versions(id),No,Rubric version reference,Restricted assessment evidence,No,Direct tenant_id,Candidate where applicable; assigned reviewer; authorised support/compliance,Contract/legal obligation/legitimate interests as documented; never infer consent from notice acknowledgement,Assessment evidence schedule; legal hold aware,Mutable through audited service command,Encrypted at rest and in transit,Required for create/update/delete/read-export where material
review,scorecards,Reviewer-owned scorecard,status,text,No,,No,,No,Controlled lifecycle state,Restricted assessment evidence,No,Direct tenant_id,Candidate where applicable; assigned reviewer; authorised support/compliance,Contract/legal obligation/legitimate interests as documented; never infer consent from notice acknowledgement,Assessment evidence schedule; legal hold aware,Mutable through audited service command,Encrypted at rest and in transit,Required for create/update/delete/read-export where material
review,scorecards,Reviewer-owned scorecard,overall_confidence,"numeric(5,4)",Yes,,No,,No,Overall confidence,Restricted assessment evidence,No,Direct tenant_id,Candidate where applicable; assigned reviewer; authorised support/compliance,Contract/legal obligation/legitimate interests as documented; never infer consent from notice acknowledgement,Assessment evidence schedule; legal hold aware,Mutable through audited service command,Encrypted at rest and in transit,Required for create/update/delete/read-export where material
review,scorecards,Reviewer-owned scorecard,summary,text,Yes,,No,,No,Summary,Restricted assessment evidence,No,Direct tenant_id,Candidate where applicable; assigned reviewer; authorised support/compliance,Contract/legal obligation/legitimate interests as documented; never infer consent from notice acknowledgement,Assessment evidence schedule; legal hold aware,Mutable through audited service command,Encrypted at rest and in transit,Required for create/update/delete/read-export where material
review,scorecards,Reviewer-owned scorecard,submitted_at,timestamptz,Yes,,No,,No,Submitted timestamp,Restricted assessment evidence,No,Direct tenant_id,Candidate where applicable; assigned reviewer; authorised support/compliance,Contract/legal obligation/legitimate interests as documented; never infer consent from notice acknowledgement,Assessment evidence schedule; legal hold aware,Mutable through audited service command,Encrypted at rest and in transit,Required for create/update/delete/read-export where material
review,scorecards,Reviewer-owned scorecard,created_at,timestamptz,No,now(),No,,No,Immutable record creation time in UTC,Restricted assessment evidence,No,Direct tenant_id,Candidate where applicable; assigned reviewer; authorised support/compliance,Contract/legal obligation/legitimate interests as documented; never infer consent from notice acknowledgement,Assessment evidence schedule; legal hold aware,Append-only / immutable,Encrypted at rest and in transit,Required for create/update/delete/read-export where material
review,scorecards,Reviewer-owned scorecard,updated_at,timestamptz,No,now(),No,,No,Last mutable update time in UTC,Restricted assessment evidence,No,Direct tenant_id,Candidate where applicable; assigned reviewer; authorised support/compliance,Contract/legal obligation/legitimate interests as documented; never infer consent from notice acknowledgement,Assessment evidence schedule; legal hold aware,Mutable through audited service command,Encrypted at rest and in transit,Required for create/update/delete/read-export where material
runtime,artifacts,"Object metadata for files, code and documents",id,uuid,No,gen_random_uuid(),Yes,,No,Stable record identifier,Restricted assessment evidence,No,Direct tenant_id,Candidate where applicable; assigned reviewer; authorised support/compliance,Contract/legal obligation/legitimate interests as documented; never infer consent from notice acknowledgement,Assessment evidence schedule; legal hold aware,Mutable through audited service command,Encrypted at rest and in transit,Required for create/update/delete/read-export where material
runtime,artifacts,"Object metadata for files, code and documents",tenant_id,uuid,No,,No,tenant.organizations(id),No,Employer tenant isolation key,Restricted assessment evidence,No,Direct tenant_id,Candidate where applicable; assigned reviewer; authorised support/compliance,Contract/legal obligation/legitimate interests as documented; never infer consent from notice acknowledgement,Assessment evidence schedule; legal hold aware,Mutable through audited service command,Encrypted at rest and in transit,Required for create/update/delete/read-export where material
runtime,artifacts,"Object metadata for files, code and documents",attempt_id,uuid,No,,No,runtime.attempts(id),No,Assessment attempt reference,Restricted assessment evidence,No,Direct tenant_id,Candidate where applicable; assigned reviewer; authorised support/compliance,Contract/legal obligation/legitimate interests as documented; never infer consent from notice acknowledgement,Assessment evidence schedule; legal hold aware,Mutable through audited service command,Encrypted at rest and in transit,Required for create/update/delete/read-export where material
runtime,artifacts,"Object metadata for files, code and documents",assessment_item_id,uuid,Yes,,No,assessment.assessment_items(id),No,Assessment item reference,Restricted assessment evidence,No,Direct tenant_id,Candidate where applicable; assigned reviewer; authorised support/compliance,Contract/legal obligation/legitimate interests as documented; never infer consent from notice acknowledgement,Assessment evidence schedule; legal hold aware,Mutable through audited service command,Encrypted at rest and in transit,Required for create/update/delete/read-export where material
runtime,artifacts,"Object metadata for files, code and documents",artifact_type,text,No,,No,,No,Artifact type,Restricted assessment evidence,No,Direct tenant_id,Candidate where applicable; assigned reviewer; authorised support/compliance,Contract/legal obligation/legitimate interests as documented; never infer consent from notice acknowledgement,Assessment evidence schedule; legal hold aware,Mutable through audited service command,Encrypted at rest and in transit,Required for create/update/delete/read-export where material
runtime,artifacts,"Object metadata for files, code and documents",object_uri,text,No,,No,,No,Object uri,Restricted assessment evidence,No,Direct tenant_id,Candidate where applicable; assigned reviewer; authorised support/compliance,Contract/legal obligation/legitimate interests as documented; never infer consent from notice acknowledgement,Assessment evidence schedule; legal hold aware,Mutable through audited service command,Encrypted at rest and in transit,Required for create/update/delete/read-export where material
runtime,artifacts,"Object metadata for files, code and documents",sha256,text,No,,No,,No,Sha256,Restricted assessment evidence,No,Direct tenant_id,Candidate where applicable; assigned reviewer; authorised support/compliance,Contract/legal obligation/legitimate interests as documented; never infer consent from notice acknowledgement,Assessment evidence schedule; legal hold aware,Mutable through audited service command,Encrypted at rest and in transit,Required for create/update/delete/read-export where material
runtime,artifacts,"Object metadata for files, code and documents",media_type,text,Yes,,No,,No,Media type,Restricted assessment evidence,No,Direct tenant_id,Candidate where applicable; assigned reviewer; authorised support/compliance,Contract/legal obligation/legitimate interests as documented; never infer consent from notice acknowledgement,Assessment evidence schedule; legal hold aware,Mutable through audited service command,Encrypted at rest and in transit,Required for create/update/delete/read-export where material
runtime,artifacts,"Object metadata for files, code and documents",size_bytes,bigint,No,,No,,No,Size bytes,Restricted assessment evidence,No,Direct tenant_id,Candidate where applicable; assigned reviewer; authorised support/compliance,Contract/legal obligation/legitimate interests as documented; never infer consent from notice acknowledgement,Assessment evidence schedule; legal hold aware,Mutable through audited service command,Encrypted at rest and in transit,Required for create/update/delete/read-export where material
runtime,artifacts,"Object metadata for files, code and documents",malware_scan_status,text,No,'pending',No,,No,Malware scan status,Restricted assessment evidence,No,Direct tenant_id,Candidate where applicable; assigned reviewer; authorised support/compliance,Contract/legal obligation/legitimate interests as documented; never infer consent from notice acknowledgement,Assessment evidence schedule; legal hold aware,Mutable through audited service command,Encrypted at rest and in transit,Required for create/update/delete/read-export where material
runtime,artifacts,"Object metadata for files, code and documents",source,text,No,,No,,No,Source,Restricted assessment evidence,No,Direct tenant_id,Candidate where applicable; assigned reviewer; authorised support/compliance,Contract/legal obligation/legitimate interests as documented; never infer consent from notice acknowledgement,Assessment evidence schedule; legal hold aware,Mutable through audited service command,Encrypted at rest and in transit,Required for create/update/delete/read-export where material
runtime,artifacts,"Object metadata for files, code and documents",created_at,timestamptz,No,now(),No,,No,Immutable record creation time in UTC,Restricted assessment evidence,No,Direct tenant_id,Candidate where applicable; assigned reviewer; authorised support/compliance,Contract/legal obligation/legitimate interests as documented; never infer consent from notice acknowledgement,Assessment evidence schedule; legal hold aware,Append-only / immutable,Encrypted at rest and in transit,Required for create/update/delete/read-export where material
runtime,attempt_version_bindings,Immutable versions used by attempt,attempt_id,uuid,No,,Yes,runtime.attempts(id),No,Assessment attempt reference,Restricted assessment evidence,No,Direct tenant_id,Candidate where applicable; assigned reviewer; authorised support/compliance,Contract/legal obligation/legitimate interests as documented; never infer consent from notice acknowledgement,Assessment evidence schedule; legal hold aware,Mutable through audited service command,Encrypted at rest and in transit,Required for create/update/delete/read-export where material
runtime,attempt_version_bindings,Immutable versions used by attempt,tenant_id,uuid,No,,No,tenant.organizations(id),No,Employer tenant isolation key,Restricted assessment evidence,No,Direct tenant_id,Candidate where applicable; assigned reviewer; authorised support/compliance,Contract/legal obligation/legitimate interests as documented; never infer consent from notice acknowledgement,Assessment evidence schedule; legal hold aware,Mutable through audited service command,Encrypted at rest and in transit,Required for create/update/delete/read-export where material
runtime,attempt_version_bindings,Immutable versions used by attempt,campaign_version_id,uuid,No,,No,hiring.campaign_versions(id),No,Campaign version reference,Restricted assessment evidence,No,Direct tenant_id,Candidate where applicable; assigned reviewer; authorised support/compliance,Contract/legal obligation/legitimate interests as documented; never infer consent from notice acknowledgement,Assessment evidence schedule; legal hold aware,Mutable through audited service command,Encrypted at rest and in transit,Required for create/update/delete/read-export where material
runtime,attempt_version_bindings,Immutable versions used by attempt,assessment_version_id,uuid,No,,No,assessment.assessment_versions(id),No,Assessment version reference,Restricted assessment evidence,No,Direct tenant_id,Candidate where applicable; assigned reviewer; authorised support/compliance,Contract/legal obligation/legitimate interests as documented; never infer consent from notice acknowledgement,Assessment evidence schedule; legal hold aware,Mutable through audited service command,Encrypted at rest and in transit,Required for create/update/delete/read-export where material
runtime,attempt_version_bindings,Immutable versions used by attempt,rubric_version_id,uuid,No,,No,assessment.rubric_versions(id),No,Rubric version reference,Restricted assessment evidence,No,Direct tenant_id,Candidate where applicable; assigned reviewer; authorised support/compliance,Contract/legal obligation/legitimate interests as documented; never infer consent from notice acknowledgement,Assessment evidence schedule; legal hold aware,Mutable through audited service command,Encrypted at rest and in transit,Required for create/update/delete/read-export where material
runtime,attempt_version_bindings,Immutable versions used by attempt,competency_framework_version_id,uuid,No,,No,assessment.competency_framework_versions(id),No,Competency framework version reference,Restricted assessment evidence,No,Direct tenant_id,Candidate where applicable; assigned reviewer; authorised support/compliance,Contract/legal obligation/legitimate interests as documented; never infer consent from notice acknowledgement,Assessment evidence schedule; legal hold aware,Mutable through audited service command,Encrypted at rest and in transit,Required for create/update/delete/read-export where material
runtime,attempt_version_bindings,Immutable versions used by attempt,model_id,uuid,Yes,,No,assessment.model_registry(id),No,Model reference,Restricted assessment evidence,No,Direct tenant_id,Candidate where applicable; assigned reviewer; authorised support/compliance,Contract/legal obligation/legitimate interests as documented; never infer consent from notice acknowledgement,Assessment evidence schedule; legal hold aware,Mutable through audited service command,Encrypted at rest and in transit,Required for create/update/delete/read-export where material
runtime,attempt_version_bindings,Immutable versions used by attempt,prompt_version_id,uuid,Yes,,No,assessment.prompt_versions(id),No,Prompt version reference,Restricted assessment evidence,No,Direct tenant_id,Candidate where applicable; assigned reviewer; authorised support/compliance,Contract/legal obligation/legitimate interests as documented; never infer consent from notice acknowledgement,Assessment evidence schedule; legal hold aware,Mutable through audited service command,Encrypted at rest and in transit,Required for create/update/delete/read-export where material
runtime,attempt_version_bindings,Immutable versions used by attempt,plugin_policy_snapshot,jsonb,No,,No,,No,Plugin policy snapshot,Restricted assessment evidence,No,Direct tenant_id,Candidate where applicable; assigned reviewer; authorised support/compliance,Contract/legal obligation/legitimate interests as documented; never infer consent from notice acknowledgement,Assessment evidence schedule; legal hold aware,Mutable through audited service command,Encrypted at rest and in transit,Required for create/update/delete/read-export where material
runtime,attempt_version_bindings,Immutable versions used by attempt,monitoring_policy_snapshot,jsonb,No,,No,,No,Monitoring policy snapshot,Restricted assessment evidence,No,Direct tenant_id,Candidate where applicable; assigned reviewer; authorised support/compliance,Contract/legal obligation/legitimate interests as documented; never infer consent from notice acknowledgement,Assessment evidence schedule; legal hold aware,Mutable through audited service command,Encrypted at rest and in transit,Required for create/update/delete/read-export where material
runtime,attempt_version_bindings,Immutable versions used by attempt,scoring_policy_snapshot,jsonb,No,,No,,No,Scoring policy snapshot,Restricted assessment evidence,No,Direct tenant_id,Candidate where applicable; assigned reviewer; authorised support/compliance,Contract/legal obligation/legitimate interests as documented; never infer consent from notice acknowledgement,Assessment evidence schedule; legal hold aware,Mutable through audited service command,Encrypted at rest and in transit,Required for create/update/delete/read-export where material
runtime,attempt_version_bindings,Immutable versions used by attempt,binding_hash,text,No,,No,,No,Binding hash,Restricted assessment evidence,No,Direct tenant_id,Candidate where applicable; assigned reviewer; authorised support/compliance,Contract/legal obligation/legitimate interests as documented; never infer consent from notice acknowledgement,Assessment evidence schedule; legal hold aware,Mutable through audited service command,Encrypted at rest and in transit,Required for create/update/delete/read-export where material
runtime,attempt_version_bindings,Immutable versions used by attempt,bound_at,timestamptz,No,now(),No,,No,Bound timestamp,Restricted assessment evidence,No,Direct tenant_id,Candidate where applicable; assigned reviewer; authorised support/compliance,Contract/legal obligation/legitimate interests as documented; never infer consent from notice acknowledgement,Assessment evidence schedule; legal hold aware,Mutable through audited service command,Encrypted at rest and in transit,Required for create/update/delete/read-export where material
runtime,attempts,Assessment attempt state machine,id,uuid,No,gen_random_uuid(),Yes,,No,Stable record identifier,Restricted assessment evidence,No,Direct tenant_id,Candidate where applicable; assigned reviewer; authorised support/compliance,Contract/legal obligation/legitimate interests as documented; never infer consent from notice acknowledgement,Assessment evidence schedule; legal hold aware,Mutable through audited service command,Encrypted at rest and in transit,Required for create/update/delete/read-export where material
runtime,attempts,Assessment attempt state machine,tenant_id,uuid,No,,No,tenant.organizations(id),No,Employer tenant isolation key,Restricted assessment evidence,No,Direct tenant_id,Candidate where applicable; assigned reviewer; authorised support/compliance,Contract/legal obligation/legitimate interests as documented; never infer consent from notice acknowledgement,Assessment evidence schedule; legal hold aware,Mutable through audited service command,Encrypted at rest and in transit,Required for create/update/delete/read-export where material
runtime,attempts,Assessment attempt state machine,application_id,uuid,No,,No,hiring.applications(id),Composite/Yes,Hiring application reference,Restricted assessment evidence,No,Direct tenant_id,Candidate where applicable; assigned reviewer; authorised support/compliance,Contract/legal obligation/legitimate interests as documented; never infer consent from notice acknowledgement,Assessment evidence schedule; legal hold aware,Mutable through audited service command,Encrypted at rest and in transit,Required for create/update/delete/read-export where material
runtime,attempts,Assessment attempt state machine,invitation_id,uuid,No,,No,hiring.invitations(id),No,Invitation reference,Restricted assessment evidence,No,Direct tenant_id,Candidate where applicable; assigned reviewer; authorised support/compliance,Contract/legal obligation/legitimate interests as documented; never infer consent from notice acknowledgement,Assessment evidence schedule; legal hold aware,Mutable through audited service command,Encrypted at rest and in transit,Required for create/update/delete/read-export where material
runtime,attempts,Assessment attempt state machine,attempt_no,integer,No,,No,,Composite/Yes,Attempt no,Restricted assessment evidence,No,Direct tenant_id,Candidate where applicable; assigned reviewer; authorised support/compliance,Contract/legal obligation/legitimate interests as documented; never infer consent from notice acknowledgement,Assessment evidence schedule; legal hold aware,Mutable through audited service command,Encrypted at rest and in transit,Required for create/update/delete/read-export where material
runtime,attempts,Assessment attempt state machine,status,text,No,,No,,No,Controlled lifecycle state,Restricted assessment evidence,No,Direct tenant_id,Candidate where applicable; assigned reviewer; authorised support/compliance,Contract/legal obligation/legitimate interests as documented; never infer consent from notice acknowledgement,Assessment evidence schedule; legal hold aware,Mutable through audited service command,Encrypted at rest and in transit,Required for create/update/delete/read-export where material
runtime,attempts,Assessment attempt state machine,started_at,timestamptz,Yes,,No,,No,Started timestamp,Restricted assessment evidence,No,Direct tenant_id,Candidate where applicable; assigned reviewer; authorised support/compliance,Contract/legal obligation/legitimate interests as documented; never infer consent from notice acknowledgement,Assessment evidence schedule; legal hold aware,Mutable through audited service command,Encrypted at rest and in transit,Required for create/update/delete/read-export where material
runtime,attempts,Assessment attempt state machine,submitted_at,timestamptz,Yes,,No,,No,Submitted timestamp,Restricted assessment evidence,No,Direct tenant_id,Candidate where applicable; assigned reviewer; authorised support/compliance,Contract/legal obligation/legitimate interests as documented; never infer consent from notice acknowledgement,Assessment evidence schedule; legal hold aware,Mutable through audited service command,Encrypted at rest and in transit,Required for create/update/delete/read-export where material
runtime,attempts,Assessment attempt state machine,invalidated_at,timestamptz,Yes,,No,,No,Invalidated timestamp,Restricted assessment evidence,No,Direct tenant_id,Candidate where applicable; assigned reviewer; authorised support/compliance,Contract/legal obligation/legitimate interests as documented; never infer consent from notice acknowledgement,Assessment evidence schedule; legal hold aware,Mutable through audited service command,Encrypted at rest and in transit,Required for create/update/delete/read-export where material
runtime,attempts,Assessment attempt state machine,remaining_seconds,integer,Yes,,No,,No,Remaining seconds,Restricted assessment evidence,No,Direct tenant_id,Candidate where applicable; assigned reviewer; authorised support/compliance,Contract/legal obligation/legitimate interests as documented; never infer consent from notice acknowledgement,Assessment evidence schedule; legal hold aware,Mutable through audited service command,Encrypted at rest and in transit,Required for create/update/delete/read-export where material
runtime,attempts,Assessment attempt state machine,row_version,integer,No,1,No,,No,Row version,Restricted assessment evidence,No,Direct tenant_id,Candidate where applicable; assigned reviewer; authorised support/compliance,Contract/legal obligation/legitimate interests as documented; never infer consent from notice acknowledgement,Assessment evidence schedule; legal hold aware,Mutable through audited service command,Encrypted at rest and in transit,Required for create/update/delete/read-export where material
runtime,attempts,Assessment attempt state machine,created_at,timestamptz,No,now(),No,,No,Immutable record creation time in UTC,Restricted assessment evidence,No,Direct tenant_id,Candidate where applicable; assigned reviewer; authorised support/compliance,Contract/legal obligation/legitimate interests as documented; never infer consent from notice acknowledgement,Assessment evidence schedule; legal hold aware,Append-only / immutable,Encrypted at rest and in transit,Required for create/update/delete/read-export where material
runtime,attempts,Assessment attempt state machine,updated_at,timestamptz,No,now(),No,,No,Last mutable update time in UTC,Restricted assessment evidence,No,Direct tenant_id,Candidate where applicable; assigned reviewer; authorised support/compliance,Contract/legal obligation/legitimate interests as documented; never infer consent from notice acknowledgement,Assessment evidence schedule; legal hold aware,Mutable through audited service command,Encrypted at rest and in transit,Required for create/update/delete/read-export where material
runtime,autosaves,Append-only draft deltas for recovery,id,uuid,No,gen_random_uuid(),Yes,,No,Stable record identifier,Restricted assessment evidence,No,Direct tenant_id,Candidate where applicable; assigned reviewer; authorised support/compliance,Contract/legal obligation/legitimate interests as documented; never infer consent from notice acknowledgement,Assessment evidence schedule; legal hold aware,Mutable through audited service command,Encrypted at rest and in transit,Required for create/update/delete/read-export where material
runtime,autosaves,Append-only draft deltas for recovery,tenant_id,uuid,No,,No,tenant.organizations(id),No,Employer tenant isolation key,Restricted assessment evidence,No,Direct tenant_id,Candidate where applicable; assigned reviewer; authorised support/compliance,Contract/legal obligation/legitimate interests as documented; never infer consent from notice acknowledgement,Assessment evidence schedule; legal hold aware,Mutable through audited service command,Encrypted at rest and in transit,Required for create/update/delete/read-export where material
runtime,autosaves,Append-only draft deltas for recovery,attempt_id,uuid,No,,No,runtime.attempts(id),Composite/Yes,Assessment attempt reference,Restricted assessment evidence,No,Direct tenant_id,Candidate where applicable; assigned reviewer; authorised support/compliance,Contract/legal obligation/legitimate interests as documented; never infer consent from notice acknowledgement,Assessment evidence schedule; legal hold aware,Mutable through audited service command,Encrypted at rest and in transit,Required for create/update/delete/read-export where material
runtime,autosaves,Append-only draft deltas for recovery,response_id,uuid,Yes,,No,runtime.responses(id),No,Response reference,Restricted assessment evidence,No,Direct tenant_id,Candidate where applicable; assigned reviewer; authorised support/compliance,Contract/legal obligation/legitimate interests as documented; never infer consent from notice acknowledgement,Assessment evidence schedule; legal hold aware,Mutable through audited service command,Encrypted at rest and in transit,Required for create/update/delete/read-export where material
runtime,autosaves,Append-only draft deltas for recovery,client_sequence,bigint,No,,No,,Composite/Yes,Client sequence,Restricted assessment evidence,No,Direct tenant_id,Candidate where applicable; assigned reviewer; authorised support/compliance,Contract/legal obligation/legitimate interests as documented; never infer consent from notice acknowledgement,Assessment evidence schedule; legal hold aware,Mutable through audited service command,Encrypted at rest and in transit,Required for create/update/delete/read-export where material
runtime,autosaves,Append-only draft deltas for recovery,content_hash,text,No,,No,,No,Content hash,Restricted assessment evidence,No,Direct tenant_id,Candidate where applicable; assigned reviewer; authorised support/compliance,Contract/legal obligation/legitimate interests as documented; never infer consent from notice acknowledgement,Assessment evidence schedule; legal hold aware,Mutable through audited service command,Encrypted at rest and in transit,Required for create/update/delete/read-export where material
runtime,autosaves,Append-only draft deltas for recovery,delta,jsonb,No,,No,,No,Delta,Restricted assessment evidence,No,Direct tenant_id,Candidate where applicable; assigned reviewer; authorised support/compliance,Contract/legal obligation/legitimate interests as documented; never infer consent from notice acknowledgement,Assessment evidence schedule; legal hold aware,Mutable through audited service command,Encrypted at rest and in transit,Required for create/update/delete/read-export where material
runtime,autosaves,Append-only draft deltas for recovery,server_received_at,timestamptz,No,now(),No,,No,Server received timestamp,Restricted assessment evidence,No,Direct tenant_id,Candidate where applicable; assigned reviewer; authorised support/compliance,Contract/legal obligation/legitimate interests as documented; never infer consent from notice acknowledgement,Assessment evidence schedule; legal hold aware,Mutable through audited service command,Encrypted at rest and in transit,Required for create/update/delete/read-export where material
runtime,item_flags,Candidate item bookmark/flag state,id,uuid,No,gen_random_uuid(),Yes,,No,Stable record identifier,Restricted assessment evidence,No,Direct tenant_id,Candidate where applicable; assigned reviewer; authorised support/compliance,Contract/legal obligation/legitimate interests as documented; never infer consent from notice acknowledgement,Assessment evidence schedule; legal hold aware,Mutable through audited service command,Encrypted at rest and in transit,Required for create/update/delete/read-export where material
runtime,item_flags,Candidate item bookmark/flag state,tenant_id,uuid,No,,No,tenant.organizations(id),No,Employer tenant isolation key,Restricted assessment evidence,No,Direct tenant_id,Candidate where applicable; assigned reviewer; authorised support/compliance,Contract/legal obligation/legitimate interests as documented; never infer consent from notice acknowledgement,Assessment evidence schedule; legal hold aware,Mutable through audited service command,Encrypted at rest and in transit,Required for create/update/delete/read-export where material
runtime,item_flags,Candidate item bookmark/flag state,attempt_id,uuid,No,,No,runtime.attempts(id),Composite/Yes,Assessment attempt reference,Restricted assessment evidence,No,Direct tenant_id,Candidate where applicable; assigned reviewer; authorised support/compliance,Contract/legal obligation/legitimate interests as documented; never infer consent from notice acknowledgement,Assessment evidence schedule; legal hold aware,Mutable through audited service command,Encrypted at rest and in transit,Required for create/update/delete/read-export where material
runtime,item_flags,Candidate item bookmark/flag state,assessment_item_id,uuid,No,,No,assessment.assessment_items(id),Composite/Yes,Assessment item reference,Restricted assessment evidence,No,Direct tenant_id,Candidate where applicable; assigned reviewer; authorised support/compliance,Contract/legal obligation/legitimate interests as documented; never infer consent from notice acknowledgement,Assessment evidence schedule; legal hold aware,Mutable through audited service command,Encrypted at rest and in transit,Required for create/update/delete/read-export where material
runtime,item_flags,Candidate item bookmark/flag state,flagged,boolean,No,true,No,,No,Flagged,Restricted assessment evidence,No,Direct tenant_id,Candidate where applicable; assigned reviewer; authorised support/compliance,Contract/legal obligation/legitimate interests as documented; never infer consent from notice acknowledgement,Assessment evidence schedule; legal hold aware,Mutable through audited service command,Encrypted at rest and in transit,Required for create/update/delete/read-export where material
runtime,item_flags,Candidate item bookmark/flag state,updated_at,timestamptz,No,now(),No,,No,Last mutable update time in UTC,Restricted assessment evidence,No,Direct tenant_id,Candidate where applicable; assigned reviewer; authorised support/compliance,Contract/legal obligation/legitimate interests as documented; never infer consent from notice acknowledgement,Assessment evidence schedule; legal hold aware,Mutable through audited service command,Encrypted at rest and in transit,Required for create/update/delete/read-export where material
runtime,precheck_runs,Technical compatibility results,id,uuid,No,gen_random_uuid(),Yes,,No,Stable record identifier,Restricted assessment evidence,No,Direct tenant_id,Candidate where applicable; assigned reviewer; authorised support/compliance,Contract/legal obligation/legitimate interests as documented; never infer consent from notice acknowledgement,Assessment evidence schedule; legal hold aware,Mutable through audited service command,Encrypted at rest and in transit,Required for create/update/delete/read-export where material
runtime,precheck_runs,Technical compatibility results,tenant_id,uuid,No,,No,tenant.organizations(id),No,Employer tenant isolation key,Restricted assessment evidence,No,Direct tenant_id,Candidate where applicable; assigned reviewer; authorised support/compliance,Contract/legal obligation/legitimate interests as documented; never infer consent from notice acknowledgement,Assessment evidence schedule; legal hold aware,Mutable through audited service command,Encrypted at rest and in transit,Required for create/update/delete/read-export where material
runtime,precheck_runs,Technical compatibility results,attempt_id,uuid,No,,No,runtime.attempts(id),No,Assessment attempt reference,Restricted assessment evidence,No,Direct tenant_id,Candidate where applicable; assigned reviewer; authorised support/compliance,Contract/legal obligation/legitimate interests as documented; never infer consent from notice acknowledgement,Assessment evidence schedule; legal hold aware,Mutable through audited service command,Encrypted at rest and in transit,Required for create/update/delete/read-export where material
runtime,precheck_runs,Technical compatibility results,status,text,No,,No,,No,Controlled lifecycle state,Restricted assessment evidence,No,Direct tenant_id,Candidate where applicable; assigned reviewer; authorised support/compliance,Contract/legal obligation/legitimate interests as documented; never infer consent from notice acknowledgement,Assessment evidence schedule; legal hold aware,Mutable through audited service command,Encrypted at rest and in transit,Required for create/update/delete/read-export where material
runtime,precheck_runs,Technical compatibility results,checks,jsonb,No,,No,,No,Checks,Restricted assessment evidence,No,Direct tenant_id,Candidate where applicable; assigned reviewer; authorised support/compliance,Contract/legal obligation/legitimate interests as documented; never infer consent from notice acknowledgement,Assessment evidence schedule; legal hold aware,Mutable through audited service command,Encrypted at rest and in transit,Required for create/update/delete/read-export where material
runtime,precheck_runs,Technical compatibility results,started_at,timestamptz,No,,No,,No,Started timestamp,Restricted assessment evidence,No,Direct tenant_id,Candidate where applicable; assigned reviewer; authorised support/compliance,Contract/legal obligation/legitimate interests as documented; never infer consent from notice acknowledgement,Assessment evidence schedule; legal hold aware,Mutable through audited service command,Encrypted at rest and in transit,Required for create/update/delete/read-export where material
runtime,precheck_runs,Technical compatibility results,completed_at,timestamptz,Yes,,No,,No,Completed timestamp,Restricted assessment evidence,No,Direct tenant_id,Candidate where applicable; assigned reviewer; authorised support/compliance,Contract/legal obligation/legitimate interests as documented; never infer consent from notice acknowledgement,Assessment evidence schedule; legal hold aware,Mutable through audited service command,Encrypted at rest and in transit,Required for create/update/delete/read-export where material
runtime,precheck_runs,Technical compatibility results,does_not_consume_attempt,boolean,No,true,No,,No,Does not consume timestamptempt,Restricted assessment evidence,No,Direct tenant_id,Candidate where applicable; assigned reviewer; authorised support/compliance,Contract/legal obligation/legitimate interests as documented; never infer consent from notice acknowledgement,Assessment evidence schedule; legal hold aware,Mutable through audited service command,Encrypted at rest and in transit,Required for create/update/delete/read-export where material
runtime,recovery_checkpoints,Encrypted client/server recovery-point metadata,id,uuid,No,gen_random_uuid(),Yes,,No,Stable record identifier,Restricted assessment evidence,No,Direct tenant_id,Candidate where applicable; assigned reviewer; authorised support/compliance,Contract/legal obligation/legitimate interests as documented; never infer consent from notice acknowledgement,Assessment evidence schedule; legal hold aware,Mutable through audited service command,Encrypted at rest and in transit,Required for create/update/delete/read-export where material
runtime,recovery_checkpoints,Encrypted client/server recovery-point metadata,tenant_id,uuid,No,,No,tenant.organizations(id),No,Employer tenant isolation key,Restricted assessment evidence,No,Direct tenant_id,Candidate where applicable; assigned reviewer; authorised support/compliance,Contract/legal obligation/legitimate interests as documented; never infer consent from notice acknowledgement,Assessment evidence schedule; legal hold aware,Mutable through audited service command,Encrypted at rest and in transit,Required for create/update/delete/read-export where material
runtime,recovery_checkpoints,Encrypted client/server recovery-point metadata,attempt_id,uuid,No,,No,runtime.attempts(id),Composite/Yes,Assessment attempt reference,Restricted assessment evidence,No,Direct tenant_id,Candidate where applicable; assigned reviewer; authorised support/compliance,Contract/legal obligation/legitimate interests as documented; never infer consent from notice acknowledgement,Assessment evidence schedule; legal hold aware,Mutable through audited service command,Encrypted at rest and in transit,Required for create/update/delete/read-export where material
runtime,recovery_checkpoints,Encrypted client/server recovery-point metadata,client_sequence,bigint,No,,No,,Composite/Yes,Client sequence,Restricted assessment evidence,No,Direct tenant_id,Candidate where applicable; assigned reviewer; authorised support/compliance,Contract/legal obligation/legitimate interests as documented; never infer consent from notice acknowledgement,Assessment evidence schedule; legal hold aware,Mutable through audited service command,Encrypted at rest and in transit,Required for create/update/delete/read-export where material
runtime,recovery_checkpoints,Encrypted client/server recovery-point metadata,encrypted_payload,bytea,Yes,,No,,No,Encrypted payload,Restricted assessment evidence,No,Direct tenant_id,Candidate where applicable; assigned reviewer; authorised support/compliance,Contract/legal obligation/legitimate interests as documented; never infer consent from notice acknowledgement,Assessment evidence schedule; legal hold aware,Mutable through audited service command,Encrypted at rest and in transit,Required for create/update/delete/read-export where material
runtime,recovery_checkpoints,Encrypted client/server recovery-point metadata,payload_hash,text,No,,No,,No,Payload hash,Restricted assessment evidence,No,Direct tenant_id,Candidate where applicable; assigned reviewer; authorised support/compliance,Contract/legal obligation/legitimate interests as documented; never infer consent from notice acknowledgement,Assessment evidence schedule; legal hold aware,Mutable through audited service command,Encrypted at rest and in transit,Required for create/update/delete/read-export where material
runtime,recovery_checkpoints,Encrypted client/server recovery-point metadata,server_revision,bigint,No,,No,,No,Server revision,Restricted assessment evidence,No,Direct tenant_id,Candidate where applicable; assigned reviewer; authorised support/compliance,Contract/legal obligation/legitimate interests as documented; never infer consent from notice acknowledgement,Assessment evidence schedule; legal hold aware,Mutable through audited service command,Encrypted at rest and in transit,Required for create/update/delete/read-export where material
runtime,recovery_checkpoints,Encrypted client/server recovery-point metadata,created_at,timestamptz,No,now(),No,,No,Immutable record creation time in UTC,Restricted assessment evidence,No,Direct tenant_id,Candidate where applicable; assigned reviewer; authorised support/compliance,Contract/legal obligation/legitimate interests as documented; never infer consent from notice acknowledgement,Assessment evidence schedule; legal hold aware,Append-only / immutable,Encrypted at rest and in transit,Required for create/update/delete/read-export where material
runtime,recovery_checkpoints,Encrypted client/server recovery-point metadata,expires_at,timestamptz,No,,No,,No,Expires timestamp,Restricted assessment evidence,No,Direct tenant_id,Candidate where applicable; assigned reviewer; authorised support/compliance,Contract/legal obligation/legitimate interests as documented; never infer consent from notice acknowledgement,Assessment evidence schedule; legal hold aware,Mutable through audited service command,Encrypted at rest and in transit,Required for create/update/delete/read-export where material
runtime,responses,Current candidate answer state,id,uuid,No,gen_random_uuid(),Yes,,No,Stable record identifier,Restricted assessment evidence,No,Direct tenant_id,Candidate where applicable; assigned reviewer; authorised support/compliance,Contract/legal obligation/legitimate interests as documented; never infer consent from notice acknowledgement,Assessment evidence schedule; legal hold aware,Mutable through audited service command,Encrypted at rest and in transit,Required for create/update/delete/read-export where material
runtime,responses,Current candidate answer state,tenant_id,uuid,No,,No,tenant.organizations(id),No,Employer tenant isolation key,Restricted assessment evidence,No,Direct tenant_id,Candidate where applicable; assigned reviewer; authorised support/compliance,Contract/legal obligation/legitimate interests as documented; never infer consent from notice acknowledgement,Assessment evidence schedule; legal hold aware,Mutable through audited service command,Encrypted at rest and in transit,Required for create/update/delete/read-export where material
runtime,responses,Current candidate answer state,attempt_id,uuid,No,,No,runtime.attempts(id),Composite/Yes,Assessment attempt reference,Restricted assessment evidence,No,Direct tenant_id,Candidate where applicable; assigned reviewer; authorised support/compliance,Contract/legal obligation/legitimate interests as documented; never infer consent from notice acknowledgement,Assessment evidence schedule; legal hold aware,Mutable through audited service command,Encrypted at rest and in transit,Required for create/update/delete/read-export where material
runtime,responses,Current candidate answer state,assessment_item_id,uuid,No,,No,assessment.assessment_items(id),Composite/Yes,Assessment item reference,Restricted assessment evidence,No,Direct tenant_id,Candidate where applicable; assigned reviewer; authorised support/compliance,Contract/legal obligation/legitimate interests as documented; never infer consent from notice acknowledgement,Assessment evidence schedule; legal hold aware,Mutable through audited service command,Encrypted at rest and in transit,Required for create/update/delete/read-export where material
runtime,responses,Current candidate answer state,response_json,jsonb,No,'{}'::jsonb,No,,No,Response json,Restricted assessment evidence,No,Direct tenant_id,Candidate where applicable; assigned reviewer; authorised support/compliance,Contract/legal obligation/legitimate interests as documented; never infer consent from notice acknowledgement,Assessment evidence schedule; legal hold aware,Mutable through audited service command,Encrypted at rest and in transit,Required for create/update/delete/read-export where material
runtime,responses,Current candidate answer state,state,text,No,,No,,No,State,Restricted assessment evidence,No,Direct tenant_id,Candidate where applicable; assigned reviewer; authorised support/compliance,Contract/legal obligation/legitimate interests as documented; never infer consent from notice acknowledgement,Assessment evidence schedule; legal hold aware,Mutable through audited service command,Encrypted at rest and in transit,Required for create/update/delete/read-export where material
runtime,responses,Current candidate answer state,row_version,integer,No,1,No,,No,Row version,Restricted assessment evidence,No,Direct tenant_id,Candidate where applicable; assigned reviewer; authorised support/compliance,Contract/legal obligation/legitimate interests as documented; never infer consent from notice acknowledgement,Assessment evidence schedule; legal hold aware,Mutable through audited service command,Encrypted at rest and in transit,Required for create/update/delete/read-export where material
runtime,responses,Current candidate answer state,updated_at,timestamptz,No,now(),No,,No,Last mutable update time in UTC,Restricted assessment evidence,No,Direct tenant_id,Candidate where applicable; assigned reviewer; authorised support/compliance,Contract/legal obligation/legitimate interests as documented; never infer consent from notice acknowledgement,Assessment evidence schedule; legal hold aware,Mutable through audited service command,Encrypted at rest and in transit,Required for create/update/delete/read-export where material
runtime,restricted_media_objects,"Access-restricted, short-retained optional proctor media metadata",id,uuid,No,gen_random_uuid(),Yes,,No,Stable record identifier,Restricted assessment evidence,No,Direct tenant_id,Candidate where applicable; assigned reviewer; authorised support/compliance,Contract/legal obligation/legitimate interests as documented; never infer consent from notice acknowledgement,Assessment evidence schedule; legal hold aware,Mutable through audited service command,Encrypted at rest and in transit,Required for create/update/delete/read-export where material
runtime,restricted_media_objects,"Access-restricted, short-retained optional proctor media metadata",tenant_id,uuid,No,,No,tenant.organizations(id),No,Employer tenant isolation key,Restricted assessment evidence,No,Direct tenant_id,Candidate where applicable; assigned reviewer; authorised support/compliance,Contract/legal obligation/legitimate interests as documented; never infer consent from notice acknowledgement,Assessment evidence schedule; legal hold aware,Mutable through audited service command,Encrypted at rest and in transit,Required for create/update/delete/read-export where material
runtime,restricted_media_objects,"Access-restricted, short-retained optional proctor media metadata",attempt_id,uuid,No,,No,runtime.attempts(id),No,Assessment attempt reference,Restricted assessment evidence,No,Direct tenant_id,Candidate where applicable; assigned reviewer; authorised support/compliance,Contract/legal obligation/legitimate interests as documented; never infer consent from notice acknowledgement,Assessment evidence schedule; legal hold aware,Mutable through audited service command,Encrypted at rest and in transit,Required for create/update/delete/read-export where material
runtime,restricted_media_objects,"Access-restricted, short-retained optional proctor media metadata",media_type,text,No,,No,,No,Media type,Restricted assessment evidence,No,Direct tenant_id,Candidate where applicable; assigned reviewer; authorised support/compliance,Contract/legal obligation/legitimate interests as documented; never infer consent from notice acknowledgement,Assessment evidence schedule; legal hold aware,Mutable through audited service command,Encrypted at rest and in transit,Required for create/update/delete/read-export where material
runtime,restricted_media_objects,"Access-restricted, short-retained optional proctor media metadata",object_uri,text,No,,No,,No,Object uri,Restricted assessment evidence,No,Direct tenant_id,Candidate where applicable; assigned reviewer; authorised support/compliance,Contract/legal obligation/legitimate interests as documented; never infer consent from notice acknowledgement,Assessment evidence schedule; legal hold aware,Mutable through audited service command,Encrypted at rest and in transit,Required for create/update/delete/read-export where material
runtime,restricted_media_objects,"Access-restricted, short-retained optional proctor media metadata",sha256,text,No,,No,,No,Sha256,Restricted assessment evidence,No,Direct tenant_id,Candidate where applicable; assigned reviewer; authorised support/compliance,Contract/legal obligation/legitimate interests as documented; never infer consent from notice acknowledgement,Assessment evidence schedule; legal hold aware,Mutable through audited service command,Encrypted at rest and in transit,Required for create/update/delete/read-export where material
runtime,restricted_media_objects,"Access-restricted, short-retained optional proctor media metadata",captured_from,timestamptz,No,,No,,No,Captured from,Restricted assessment evidence,No,Direct tenant_id,Candidate where applicable; assigned reviewer; authorised support/compliance,Contract/legal obligation/legitimate interests as documented; never infer consent from notice acknowledgement,Assessment evidence schedule; legal hold aware,Mutable through audited service command,Encrypted at rest and in transit,Required for create/update/delete/read-export where material
runtime,restricted_media_objects,"Access-restricted, short-retained optional proctor media metadata",captured_to,timestamptz,No,,No,,No,Captured to,Restricted assessment evidence,No,Direct tenant_id,Candidate where applicable; assigned reviewer; authorised support/compliance,Contract/legal obligation/legitimate interests as documented; never infer consent from notice acknowledgement,Assessment evidence schedule; legal hold aware,Mutable through audited service command,Encrypted at rest and in transit,Required for create/update/delete/read-export where material
runtime,restricted_media_objects,"Access-restricted, short-retained optional proctor media metadata",purpose,text,No,,No,,No,Purpose,Restricted assessment evidence,No,Direct tenant_id,Candidate where applicable; assigned reviewer; authorised support/compliance,Contract/legal obligation/legitimate interests as documented; never infer consent from notice acknowledgement,Assessment evidence schedule; legal hold aware,Mutable through audited service command,Encrypted at rest and in transit,Required for create/update/delete/read-export where material
runtime,restricted_media_objects,"Access-restricted, short-retained optional proctor media metadata",retention_until,timestamptz,No,,No,,No,Retention until,Restricted assessment evidence,No,Direct tenant_id,Candidate where applicable; assigned reviewer; authorised support/compliance,Contract/legal obligation/legitimate interests as documented; never infer consent from notice acknowledgement,Assessment evidence schedule; legal hold aware,Mutable through audited service command,Encrypted at rest and in transit,Required for create/update/delete/read-export where material
runtime,restricted_media_objects,"Access-restricted, short-retained optional proctor media metadata",access_policy,jsonb,No,,No,,No,Access policy,Restricted assessment evidence,No,Direct tenant_id,Candidate where applicable; assigned reviewer; authorised support/compliance,Contract/legal obligation/legitimate interests as documented; never infer consent from notice acknowledgement,Assessment evidence schedule; legal hold aware,Mutable through audited service command,Encrypted at rest and in transit,Required for create/update/delete/read-export where material
runtime,restricted_media_objects,"Access-restricted, short-retained optional proctor media metadata",deleted_at,timestamptz,Yes,,No,,No,Soft-deletion time in UTC,Restricted assessment evidence,No,Direct tenant_id,Candidate where applicable; assigned reviewer; authorised support/compliance,Contract/legal obligation/legitimate interests as documented; never infer consent from notice acknowledgement,Assessment evidence schedule; legal hold aware,Mutable through audited service command,Encrypted at rest and in transit,Required for create/update/delete/read-export where material
runtime,restricted_media_objects,"Access-restricted, short-retained optional proctor media metadata",created_at,timestamptz,No,now(),No,,No,Immutable record creation time in UTC,Restricted assessment evidence,No,Direct tenant_id,Candidate where applicable; assigned reviewer; authorised support/compliance,Contract/legal obligation/legitimate interests as documented; never infer consent from notice acknowledgement,Assessment evidence schedule; legal hold aware,Append-only / immutable,Encrypted at rest and in transit,Required for create/update/delete/read-export where material
runtime,session_breaks,Approved break and emergency pause history,id,uuid,No,gen_random_uuid(),Yes,,No,Stable record identifier,Restricted assessment evidence,No,Direct tenant_id,Candidate where applicable; assigned reviewer; authorised support/compliance,Contract/legal obligation/legitimate interests as documented; never infer consent from notice acknowledgement,Assessment evidence schedule; legal hold aware,Mutable through audited service command,Encrypted at rest and in transit,Required for create/update/delete/read-export where material
runtime,session_breaks,Approved break and emergency pause history,tenant_id,uuid,No,,No,tenant.organizations(id),No,Employer tenant isolation key,Restricted assessment evidence,No,Direct tenant_id,Candidate where applicable; assigned reviewer; authorised support/compliance,Contract/legal obligation/legitimate interests as documented; never infer consent from notice acknowledgement,Assessment evidence schedule; legal hold aware,Mutable through audited service command,Encrypted at rest and in transit,Required for create/update/delete/read-export where material
runtime,session_breaks,Approved break and emergency pause history,attempt_id,uuid,No,,No,runtime.attempts(id),No,Assessment attempt reference,Restricted assessment evidence,No,Direct tenant_id,Candidate where applicable; assigned reviewer; authorised support/compliance,Contract/legal obligation/legitimate interests as documented; never infer consent from notice acknowledgement,Assessment evidence schedule; legal hold aware,Mutable through audited service command,Encrypted at rest and in transit,Required for create/update/delete/read-export where material
runtime,session_breaks,Approved break and emergency pause history,break_type,text,No,,No,,No,Break type,Restricted assessment evidence,No,Direct tenant_id,Candidate where applicable; assigned reviewer; authorised support/compliance,Contract/legal obligation/legitimate interests as documented; never infer consent from notice acknowledgement,Assessment evidence schedule; legal hold aware,Mutable through audited service command,Encrypted at rest and in transit,Required for create/update/delete/read-export where material
runtime,session_breaks,Approved break and emergency pause history,requested_by,uuid,Yes,,No,iam.users(id),No,Requested by,Restricted assessment evidence,No,Direct tenant_id,Candidate where applicable; assigned reviewer; authorised support/compliance,Contract/legal obligation/legitimate interests as documented; never infer consent from notice acknowledgement,Assessment evidence schedule; legal hold aware,Mutable through audited service command,Encrypted at rest and in transit,Required for create/update/delete/read-export where material
runtime,session_breaks,Approved break and emergency pause history,approved_by,uuid,Yes,,No,iam.users(id),No,Approved by,Restricted assessment evidence,No,Direct tenant_id,Candidate where applicable; assigned reviewer; authorised support/compliance,Contract/legal obligation/legitimate interests as documented; never infer consent from notice acknowledgement,Assessment evidence schedule; legal hold aware,Mutable through audited service command,Encrypted at rest and in transit,Required for create/update/delete/read-export where material
runtime,session_breaks,Approved break and emergency pause history,started_at,timestamptz,No,,No,,No,Started timestamp,Restricted assessment evidence,No,Direct tenant_id,Candidate where applicable; assigned reviewer; authorised support/compliance,Contract/legal obligation/legitimate interests as documented; never infer consent from notice acknowledgement,Assessment evidence schedule; legal hold aware,Mutable through audited service command,Encrypted at rest and in transit,Required for create/update/delete/read-export where material
runtime,session_breaks,Approved break and emergency pause history,ended_at,timestamptz,Yes,,No,,No,Ended timestamp,Restricted assessment evidence,No,Direct tenant_id,Candidate where applicable; assigned reviewer; authorised support/compliance,Contract/legal obligation/legitimate interests as documented; never infer consent from notice acknowledgement,Assessment evidence schedule; legal hold aware,Mutable through audited service command,Encrypted at rest and in transit,Required for create/update/delete/read-export where material
runtime,session_breaks,Approved break and emergency pause history,timer_policy,jsonb,No,,No,,No,Timer policy,Restricted assessment evidence,No,Direct tenant_id,Candidate where applicable; assigned reviewer; authorised support/compliance,Contract/legal obligation/legitimate interests as documented; never infer consent from notice acknowledgement,Assessment evidence schedule; legal hold aware,Mutable through audited service command,Encrypted at rest and in transit,Required for create/update/delete/read-export where material
runtime,session_breaks,Approved break and emergency pause history,reason,text,Yes,,No,,No,Human-readable reason required for accountability,Restricted assessment evidence,No,Direct tenant_id,Candidate where applicable; assigned reviewer; authorised support/compliance,Contract/legal obligation/legitimate interests as documented; never infer consent from notice acknowledgement,Assessment evidence schedule; legal hold aware,Mutable through audited service command,Encrypted at rest and in transit,Required for create/update/delete/read-export where material
runtime,sessions,Active session and proctor lifecycle,id,uuid,No,gen_random_uuid(),Yes,,No,Stable record identifier,Restricted assessment evidence,No,Direct tenant_id,Candidate where applicable; assigned reviewer; authorised support/compliance,Contract/legal obligation/legitimate interests as documented; never infer consent from notice acknowledgement,Assessment evidence schedule; legal hold aware,Mutable through audited service command,Encrypted at rest and in transit,Required for create/update/delete/read-export where material
runtime,sessions,Active session and proctor lifecycle,tenant_id,uuid,No,,No,tenant.organizations(id),No,Employer tenant isolation key,Restricted assessment evidence,No,Direct tenant_id,Candidate where applicable; assigned reviewer; authorised support/compliance,Contract/legal obligation/legitimate interests as documented; never infer consent from notice acknowledgement,Assessment evidence schedule; legal hold aware,Mutable through audited service command,Encrypted at rest and in transit,Required for create/update/delete/read-export where material
runtime,sessions,Active session and proctor lifecycle,attempt_id,uuid,No,,No,runtime.attempts(id),No,Assessment attempt reference,Restricted assessment evidence,No,Direct tenant_id,Candidate where applicable; assigned reviewer; authorised support/compliance,Contract/legal obligation/legitimate interests as documented; never infer consent from notice acknowledgement,Assessment evidence schedule; legal hold aware,Mutable through audited service command,Encrypted at rest and in transit,Required for create/update/delete/read-export where material
runtime,sessions,Active session and proctor lifecycle,session_token_hash,text,No,,No,,Yes,Session token hash,Restricted authentication secret,No,Direct tenant_id,Security / IAM only,Contract/legal obligation/legitimate interests as documented; never infer consent from notice acknowledgement,Security credential schedule,Mutable through audited service command,Hashed or envelope-encrypted,Required for create/update/delete/read-export where material
runtime,sessions,Active session and proctor lifecycle,status,text,No,,No,,No,Controlled lifecycle state,Restricted assessment evidence,No,Direct tenant_id,Candidate where applicable; assigned reviewer; authorised support/compliance,Contract/legal obligation/legitimate interests as documented; never infer consent from notice acknowledgement,Assessment evidence schedule; legal hold aware,Mutable through audited service command,Encrypted at rest and in transit,Required for create/update/delete/read-export where material
runtime,sessions,Active session and proctor lifecycle,device_fingerprint_hash,text,Yes,,No,,No,Device fingerprint hash,Restricted assessment evidence,No,Direct tenant_id,Candidate where applicable; assigned reviewer; authorised support/compliance,Contract/legal obligation/legitimate interests as documented; never infer consent from notice acknowledgement,Assessment evidence schedule; legal hold aware,Mutable through audited service command,Encrypted at rest and in transit,Required for create/update/delete/read-export where material
runtime,sessions,Active session and proctor lifecycle,proctor_app_version,text,Yes,,No,,No,Proctor app version,Restricted assessment evidence,No,Direct tenant_id,Candidate where applicable; assigned reviewer; authorised support/compliance,Contract/legal obligation/legitimate interests as documented; never infer consent from notice acknowledgement,Assessment evidence schedule; legal hold aware,Mutable through audited service command,Encrypted at rest and in transit,Required for create/update/delete/read-export where material
runtime,sessions,Active session and proctor lifecycle,started_at,timestamptz,No,,No,,No,Started timestamp,Restricted assessment evidence,No,Direct tenant_id,Candidate where applicable; assigned reviewer; authorised support/compliance,Contract/legal obligation/legitimate interests as documented; never infer consent from notice acknowledgement,Assessment evidence schedule; legal hold aware,Mutable through audited service command,Encrypted at rest and in transit,Required for create/update/delete/read-export where material
runtime,sessions,Active session and proctor lifecycle,last_seen_at,timestamptz,No,,No,,No,Last seen timestamp,Restricted assessment evidence,No,Direct tenant_id,Candidate where applicable; assigned reviewer; authorised support/compliance,Contract/legal obligation/legitimate interests as documented; never infer consent from notice acknowledgement,Assessment evidence schedule; legal hold aware,Mutable through audited service command,Encrypted at rest and in transit,Required for create/update/delete/read-export where material
runtime,sessions,Active session and proctor lifecycle,ended_at,timestamptz,Yes,,No,,No,Ended timestamp,Restricted assessment evidence,No,Direct tenant_id,Candidate where applicable; assigned reviewer; authorised support/compliance,Contract/legal obligation/legitimate interests as documented; never infer consent from notice acknowledgement,Assessment evidence schedule; legal hold aware,Mutable through audited service command,Encrypted at rest and in transit,Required for create/update/delete/read-export where material
runtime,sessions,Active session and proctor lifecycle,termination_reason,text,Yes,,No,,No,Termination reason,Restricted assessment evidence,No,Direct tenant_id,Candidate where applicable; assigned reviewer; authorised support/compliance,Contract/legal obligation/legitimate interests as documented; never infer consent from notice acknowledgement,Assessment evidence schedule; legal hold aware,Mutable through audited service command,Encrypted at rest and in transit,Required for create/update/delete/read-export where material
runtime,submissions,Immutable final manifest and confirmation,id,uuid,No,gen_random_uuid(),Yes,,No,Stable record identifier,Restricted assessment evidence,No,Direct tenant_id,Candidate where applicable; assigned reviewer; authorised support/compliance,Contract/legal obligation/legitimate interests as documented; never infer consent from notice acknowledgement,Assessment evidence schedule; legal hold aware,Mutable through audited service command,Encrypted at rest and in transit,Required for create/update/delete/read-export where material
runtime,submissions,Immutable final manifest and confirmation,tenant_id,uuid,No,,No,tenant.organizations(id),No,Employer tenant isolation key,Restricted assessment evidence,No,Direct tenant_id,Candidate where applicable; assigned reviewer; authorised support/compliance,Contract/legal obligation/legitimate interests as documented; never infer consent from notice acknowledgement,Assessment evidence schedule; legal hold aware,Mutable through audited service command,Encrypted at rest and in transit,Required for create/update/delete/read-export where material
runtime,submissions,Immutable final manifest and confirmation,attempt_id,uuid,No,,No,runtime.attempts(id),Yes,Assessment attempt reference,Restricted assessment evidence,No,Direct tenant_id,Candidate where applicable; assigned reviewer; authorised support/compliance,Contract/legal obligation/legitimate interests as documented; never infer consent from notice acknowledgement,Assessment evidence schedule; legal hold aware,Mutable through audited service command,Encrypted at rest and in transit,Required for create/update/delete/read-export where material
runtime,submissions,Immutable final manifest and confirmation,manifest,jsonb,No,,No,,No,Manifest,Restricted assessment evidence,No,Direct tenant_id,Candidate where applicable; assigned reviewer; authorised support/compliance,Contract/legal obligation/legitimate interests as documented; never infer consent from notice acknowledgement,Assessment evidence schedule; legal hold aware,Mutable through audited service command,Encrypted at rest and in transit,Required for create/update/delete/read-export where material
runtime,submissions,Immutable final manifest and confirmation,manifest_hash,text,No,,No,,No,Manifest hash,Restricted assessment evidence,No,Direct tenant_id,Candidate where applicable; assigned reviewer; authorised support/compliance,Contract/legal obligation/legitimate interests as documented; never infer consent from notice acknowledgement,Assessment evidence schedule; legal hold aware,Mutable through audited service command,Encrypted at rest and in transit,Required for create/update/delete/read-export where material
runtime,submissions,Immutable final manifest and confirmation,status,text,No,,No,,No,Controlled lifecycle state,Restricted assessment evidence,No,Direct tenant_id,Candidate where applicable; assigned reviewer; authorised support/compliance,Contract/legal obligation/legitimate interests as documented; never infer consent from notice acknowledgement,Assessment evidence schedule; legal hold aware,Mutable through audited service command,Encrypted at rest and in transit,Required for create/update/delete/read-export where material
runtime,submissions,Immutable final manifest and confirmation,submitted_at,timestamptz,No,,No,,No,Submitted timestamp,Restricted assessment evidence,No,Direct tenant_id,Candidate where applicable; assigned reviewer; authorised support/compliance,Contract/legal obligation/legitimate interests as documented; never infer consent from notice acknowledgement,Assessment evidence schedule; legal hold aware,Mutable through audited service command,Encrypted at rest and in transit,Required for create/update/delete/read-export where material
runtime,submissions,Immutable final manifest and confirmation,confirmation_code,text,No,,No,,Yes,Confirmation code,Restricted assessment evidence,No,Direct tenant_id,Candidate where applicable; assigned reviewer; authorised support/compliance,Contract/legal obligation/legitimate interests as documented; never infer consent from notice acknowledgement,Assessment evidence schedule; legal hold aware,Mutable through audited service command,Encrypted at rest and in transit,Required for create/update/delete/read-export where material
runtime,submissions,Immutable final manifest and confirmation,created_at,timestamptz,No,now(),No,,No,Immutable record creation time in UTC,Restricted assessment evidence,No,Direct tenant_id,Candidate where applicable; assigned reviewer; authorised support/compliance,Contract/legal obligation/legitimate interests as documented; never infer consent from notice acknowledgement,Assessment evidence schedule; legal hold aware,Append-only / immutable,Encrypted at rest and in transit,Required for create/update/delete/read-export where material
runtime,workspaces,Workspace and sandbox provisioning metadata,id,uuid,No,gen_random_uuid(),Yes,,No,Stable record identifier,Restricted assessment evidence,No,Direct tenant_id,Candidate where applicable; assigned reviewer; authorised support/compliance,Contract/legal obligation/legitimate interests as documented; never infer consent from notice acknowledgement,Assessment evidence schedule; legal hold aware,Mutable through audited service command,Encrypted at rest and in transit,Required for create/update/delete/read-export where material
runtime,workspaces,Workspace and sandbox provisioning metadata,tenant_id,uuid,No,,No,tenant.organizations(id),No,Employer tenant isolation key,Restricted assessment evidence,No,Direct tenant_id,Candidate where applicable; assigned reviewer; authorised support/compliance,Contract/legal obligation/legitimate interests as documented; never infer consent from notice acknowledgement,Assessment evidence schedule; legal hold aware,Mutable through audited service command,Encrypted at rest and in transit,Required for create/update/delete/read-export where material
runtime,workspaces,Workspace and sandbox provisioning metadata,attempt_id,uuid,No,,No,runtime.attempts(id),Composite/Yes,Assessment attempt reference,Restricted assessment evidence,No,Direct tenant_id,Candidate where applicable; assigned reviewer; authorised support/compliance,Contract/legal obligation/legitimate interests as documented; never infer consent from notice acknowledgement,Assessment evidence schedule; legal hold aware,Mutable through audited service command,Encrypted at rest and in transit,Required for create/update/delete/read-export where material
runtime,workspaces,Workspace and sandbox provisioning metadata,workspace_type,text,No,,No,,Composite/Yes,Workspace type,Restricted assessment evidence,No,Direct tenant_id,Candidate where applicable; assigned reviewer; authorised support/compliance,Contract/legal obligation/legitimate interests as documented; never infer consent from notice acknowledgement,Assessment evidence schedule; legal hold aware,Mutable through audited service command,Encrypted at rest and in transit,Required for create/update/delete/read-export where material
runtime,workspaces,Workspace and sandbox provisioning metadata,status,text,No,,No,,No,Controlled lifecycle state,Restricted assessment evidence,No,Direct tenant_id,Candidate where applicable; assigned reviewer; authorised support/compliance,Contract/legal obligation/legitimate interests as documented; never infer consent from notice acknowledgement,Assessment evidence schedule; legal hold aware,Mutable through audited service command,Encrypted at rest and in transit,Required for create/update/delete/read-export where material
runtime,workspaces,Workspace and sandbox provisioning metadata,sandbox_reference,text,Yes,,No,,No,Sandbox reference,Restricted assessment evidence,No,Direct tenant_id,Candidate where applicable; assigned reviewer; authorised support/compliance,Contract/legal obligation/legitimate interests as documented; never infer consent from notice acknowledgement,Assessment evidence schedule; legal hold aware,Mutable through audited service command,Encrypted at rest and in transit,Required for create/update/delete/read-export where material
runtime,workspaces,Workspace and sandbox provisioning metadata,config_snapshot,jsonb,No,,No,,No,Config snapshot,Restricted assessment evidence,No,Direct tenant_id,Candidate where applicable; assigned reviewer; authorised support/compliance,Contract/legal obligation/legitimate interests as documented; never infer consent from notice acknowledgement,Assessment evidence schedule; legal hold aware,Mutable through audited service command,Encrypted at rest and in transit,Required for create/update/delete/read-export where material
runtime,workspaces,Workspace and sandbox provisioning metadata,provisioned_at,timestamptz,Yes,,No,,No,Provisioned timestamp,Restricted assessment evidence,No,Direct tenant_id,Candidate where applicable; assigned reviewer; authorised support/compliance,Contract/legal obligation/legitimate interests as documented; never infer consent from notice acknowledgement,Assessment evidence schedule; legal hold aware,Mutable through audited service command,Encrypted at rest and in transit,Required for create/update/delete/read-export where material
runtime,workspaces,Workspace and sandbox provisioning metadata,destroyed_at,timestamptz,Yes,,No,,No,Destroyed timestamp,Restricted assessment evidence,No,Direct tenant_id,Candidate where applicable; assigned reviewer; authorised support/compliance,Contract/legal obligation/legitimate interests as documented; never infer consent from notice acknowledgement,Assessment evidence schedule; legal hold aware,Mutable through audited service command,Encrypted at rest and in transit,Required for create/update/delete/read-export where material
support,case_messages,Support case conversation and attachment metadata,id,uuid,No,gen_random_uuid(),Yes,,No,Stable record identifier,Internal operational data,No,Direct tenant_id,Authorised role by tenant and purpose,Contract/legal obligation/legitimate interests as documented; never infer consent from notice acknowledgement,Entity lifecycle schedule,Mutable through audited service command,Encrypted at rest and in transit,Required for create/update/delete/read-export where material
support,case_messages,Support case conversation and attachment metadata,tenant_id,uuid,Yes,,No,tenant.organizations(id),No,Employer tenant isolation key,Internal operational data,No,Direct tenant_id,Authorised role by tenant and purpose,Contract/legal obligation/legitimate interests as documented; never infer consent from notice acknowledgement,Entity lifecycle schedule,Mutable through audited service command,Encrypted at rest and in transit,Required for create/update/delete/read-export where material
support,case_messages,Support case conversation and attachment metadata,case_id,uuid,No,,No,support.cases(id),No,Case reference,Internal operational data,No,Direct tenant_id,Authorised role by tenant and purpose,Contract/legal obligation/legitimate interests as documented; never infer consent from notice acknowledgement,Entity lifecycle schedule,Mutable through audited service command,Encrypted at rest and in transit,Required for create/update/delete/read-export where material
support,case_messages,Support case conversation and attachment metadata,author_user_id,uuid,No,,No,iam.users(id),No,Author user reference,Internal operational data,No,Direct tenant_id,Authorised role by tenant and purpose,Contract/legal obligation/legitimate interests as documented; never infer consent from notice acknowledgement,Entity lifecycle schedule,Mutable through audited service command,Encrypted at rest and in transit,Required for create/update/delete/read-export where material
support,case_messages,Support case conversation and attachment metadata,visibility,text,No,,No,,No,Visibility,Internal operational data,No,Direct tenant_id,Authorised role by tenant and purpose,Contract/legal obligation/legitimate interests as documented; never infer consent from notice acknowledgement,Entity lifecycle schedule,Mutable through audited service command,Encrypted at rest and in transit,Required for create/update/delete/read-export where material
support,case_messages,Support case conversation and attachment metadata,body,text,No,,No,,No,Body,Internal operational data,No,Direct tenant_id,Authorised role by tenant and purpose,Contract/legal obligation/legitimate interests as documented; never infer consent from notice acknowledgement,Entity lifecycle schedule,Mutable through audited service command,Encrypted at rest and in transit,Required for create/update/delete/read-export where material
support,case_messages,Support case conversation and attachment metadata,attachments,jsonb,No,'[]'::jsonb,No,,No,Attachments,Internal operational data,No,Direct tenant_id,Authorised role by tenant and purpose,Contract/legal obligation/legitimate interests as documented; never infer consent from notice acknowledgement,Entity lifecycle schedule,Mutable through audited service command,Encrypted at rest and in transit,Required for create/update/delete/read-export where material
support,case_messages,Support case conversation and attachment metadata,created_at,timestamptz,No,now(),No,,No,Immutable record creation time in UTC,Internal operational data,No,Direct tenant_id,Authorised role by tenant and purpose,Contract/legal obligation/legitimate interests as documented; never infer consent from notice acknowledgement,Entity lifecycle schedule,Append-only / immutable,Encrypted at rest and in transit,Required for create/update/delete/read-export where material
support,case_messages,Support case conversation and attachment metadata,edited_at,timestamptz,Yes,,No,,No,Edited timestamp,Internal operational data,No,Direct tenant_id,Authorised role by tenant and purpose,Contract/legal obligation/legitimate interests as documented; never infer consent from notice acknowledgement,Entity lifecycle schedule,Mutable through audited service command,Encrypted at rest and in transit,Required for create/update/delete/read-export where material
support,cases,Tenant- and purpose-scoped user support case lifecycle,id,uuid,No,gen_random_uuid(),Yes,,No,Stable record identifier,Internal operational data,No,Direct tenant_id,Authorised role by tenant and purpose,Contract/legal obligation/legitimate interests as documented; never infer consent from notice acknowledgement,Entity lifecycle schedule,Mutable through audited service command,Encrypted at rest and in transit,Required for create/update/delete/read-export where material
support,cases,Tenant- and purpose-scoped user support case lifecycle,tenant_id,uuid,Yes,,No,tenant.organizations(id),No,Employer tenant isolation key,Internal operational data,No,Direct tenant_id,Authorised role by tenant and purpose,Contract/legal obligation/legitimate interests as documented; never infer consent from notice acknowledgement,Entity lifecycle schedule,Mutable through audited service command,Encrypted at rest and in transit,Required for create/update/delete/read-export where material
support,cases,Tenant- and purpose-scoped user support case lifecycle,requester_user_id,uuid,No,,No,iam.users(id),No,Requester user reference,Internal operational data,No,Direct tenant_id,Authorised role by tenant and purpose,Contract/legal obligation/legitimate interests as documented; never infer consent from notice acknowledgement,Entity lifecycle schedule,Mutable through audited service command,Encrypted at rest and in transit,Required for create/update/delete/read-export where material
support,cases,Tenant- and purpose-scoped user support case lifecycle,candidate_id,uuid,Yes,,No,hiring.candidates(id),No,Tenant-local candidate reference,Internal operational data,No,Direct tenant_id,Authorised role by tenant and purpose,Contract/legal obligation/legitimate interests as documented; never infer consent from notice acknowledgement,Entity lifecycle schedule,Mutable through audited service command,Encrypted at rest and in transit,Required for create/update/delete/read-export where material
support,cases,Tenant- and purpose-scoped user support case lifecycle,attempt_id,uuid,Yes,,No,runtime.attempts(id),No,Assessment attempt reference,Internal operational data,No,Direct tenant_id,Authorised role by tenant and purpose,Contract/legal obligation/legitimate interests as documented; never infer consent from notice acknowledgement,Entity lifecycle schedule,Mutable through audited service command,Encrypted at rest and in transit,Required for create/update/delete/read-export where material
support,cases,Tenant- and purpose-scoped user support case lifecycle,case_reference,text,No,,No,,Yes,Case reference,Internal operational data,No,Direct tenant_id,Authorised role by tenant and purpose,Contract/legal obligation/legitimate interests as documented; never infer consent from notice acknowledgement,Entity lifecycle schedule,Mutable through audited service command,Encrypted at rest and in transit,Required for create/update/delete/read-export where material
support,cases,Tenant- and purpose-scoped user support case lifecycle,category,text,No,,No,,No,Category,Internal operational data,No,Direct tenant_id,Authorised role by tenant and purpose,Contract/legal obligation/legitimate interests as documented; never infer consent from notice acknowledgement,Entity lifecycle schedule,Mutable through audited service command,Encrypted at rest and in transit,Required for create/update/delete/read-export where material
support,cases,Tenant- and purpose-scoped user support case lifecycle,severity,text,No,,No,,No,Severity,Internal operational data,No,Direct tenant_id,Authorised role by tenant and purpose,Contract/legal obligation/legitimate interests as documented; never infer consent from notice acknowledgement,Entity lifecycle schedule,Mutable through audited service command,Encrypted at rest and in transit,Required for create/update/delete/read-export where material
support,cases,Tenant- and purpose-scoped user support case lifecycle,subject,text,No,,No,,No,Subject,Internal operational data,No,Direct tenant_id,Authorised role by tenant and purpose,Contract/legal obligation/legitimate interests as documented; never infer consent from notice acknowledgement,Entity lifecycle schedule,Mutable through audited service command,Encrypted at rest and in transit,Required for create/update/delete/read-export where material
support,cases,Tenant- and purpose-scoped user support case lifecycle,description,text,No,,No,,No,Description,Internal operational data,No,Direct tenant_id,Authorised role by tenant and purpose,Contract/legal obligation/legitimate interests as documented; never infer consent from notice acknowledgement,Entity lifecycle schedule,Mutable through audited service command,Encrypted at rest and in transit,Required for create/update/delete/read-export where material
support,cases,Tenant- and purpose-scoped user support case lifecycle,purpose,text,No,,No,,No,Purpose,Internal operational data,No,Direct tenant_id,Authorised role by tenant and purpose,Contract/legal obligation/legitimate interests as documented; never infer consent from notice acknowledgement,Entity lifecycle schedule,Mutable through audited service command,Encrypted at rest and in transit,Required for create/update/delete/read-export where material
support,cases,Tenant- and purpose-scoped user support case lifecycle,status,text,No,,No,,No,Controlled lifecycle state,Internal operational data,No,Direct tenant_id,Authorised role by tenant and purpose,Contract/legal obligation/legitimate interests as documented; never infer consent from notice acknowledgement,Entity lifecycle schedule,Mutable through audited service command,Encrypted at rest and in transit,Required for create/update/delete/read-export where material
support,cases,Tenant- and purpose-scoped user support case lifecycle,assigned_to,uuid,Yes,,No,iam.users(id),No,Assigned to,Internal operational data,No,Direct tenant_id,Authorised role by tenant and purpose,Contract/legal obligation/legitimate interests as documented; never infer consent from notice acknowledgement,Entity lifecycle schedule,Mutable through audited service command,Encrypted at rest and in transit,Required for create/update/delete/read-export where material
support,cases,Tenant- and purpose-scoped user support case lifecycle,sla_due_at,timestamptz,Yes,,No,,No,Sla due timestamp,Internal operational data,No,Direct tenant_id,Authorised role by tenant and purpose,Contract/legal obligation/legitimate interests as documented; never infer consent from notice acknowledgement,Entity lifecycle schedule,Mutable through audited service command,Encrypted at rest and in transit,Required for create/update/delete/read-export where material
support,cases,Tenant- and purpose-scoped user support case lifecycle,resolution,text,Yes,,No,,No,Resolution,Internal operational data,No,Direct tenant_id,Authorised role by tenant and purpose,Contract/legal obligation/legitimate interests as documented; never infer consent from notice acknowledgement,Entity lifecycle schedule,Mutable through audited service command,Encrypted at rest and in transit,Required for create/update/delete/read-export where material
support,cases,Tenant- and purpose-scoped user support case lifecycle,created_at,timestamptz,No,now(),No,,No,Immutable record creation time in UTC,Internal operational data,No,Direct tenant_id,Authorised role by tenant and purpose,Contract/legal obligation/legitimate interests as documented; never infer consent from notice acknowledgement,Entity lifecycle schedule,Append-only / immutable,Encrypted at rest and in transit,Required for create/update/delete/read-export where material
support,cases,Tenant- and purpose-scoped user support case lifecycle,updated_at,timestamptz,No,now(),No,,No,Last mutable update time in UTC,Internal operational data,No,Direct tenant_id,Authorised role by tenant and purpose,Contract/legal obligation/legitimate interests as documented; never infer consent from notice acknowledgement,Entity lifecycle schedule,Mutable through audited service command,Encrypted at rest and in transit,Required for create/update/delete/read-export where material
support,cases,Tenant- and purpose-scoped user support case lifecycle,resolved_at,timestamptz,Yes,,No,,No,Resolved timestamp,Internal operational data,No,Direct tenant_id,Authorised role by tenant and purpose,Contract/legal obligation/legitimate interests as documented; never infer consent from notice acknowledgement,Entity lifecycle schedule,Mutable through audited service command,Encrypted at rest and in transit,Required for create/update/delete/read-export where material
tenant,departments,Tenant organisation structure,id,uuid,No,gen_random_uuid(),Yes,,No,Stable record identifier,Internal operational data,No,Direct tenant_id,Authorised role by tenant and purpose,Contract/legal obligation/legitimate interests as documented; never infer consent from notice acknowledgement,Entity lifecycle schedule,Mutable through audited service command,Encrypted at rest and in transit,Required for create/update/delete/read-export where material
tenant,departments,Tenant organisation structure,tenant_id,uuid,No,,No,tenant.organizations(id),Composite/Yes,Employer tenant isolation key,Internal operational data,No,Direct tenant_id,Authorised role by tenant and purpose,Contract/legal obligation/legitimate interests as documented; never infer consent from notice acknowledgement,Entity lifecycle schedule,Mutable through audited service command,Encrypted at rest and in transit,Required for create/update/delete/read-export where material
tenant,departments,Tenant organisation structure,name,text,No,,No,,Composite/Yes,Name,Internal operational data,No,Direct tenant_id,Authorised role by tenant and purpose,Contract/legal obligation/legitimate interests as documented; never infer consent from notice acknowledgement,Entity lifecycle schedule,Mutable through audited service command,Encrypted at rest and in transit,Required for create/update/delete/read-export where material
tenant,departments,Tenant organisation structure,code,text,Yes,,No,,No,Code,Internal operational data,No,Direct tenant_id,Authorised role by tenant and purpose,Contract/legal obligation/legitimate interests as documented; never infer consent from notice acknowledgement,Entity lifecycle schedule,Mutable through audited service command,Encrypted at rest and in transit,Required for create/update/delete/read-export where material
tenant,departments,Tenant organisation structure,status,text,No,'active',No,,No,Controlled lifecycle state,Internal operational data,No,Direct tenant_id,Authorised role by tenant and purpose,Contract/legal obligation/legitimate interests as documented; never infer consent from notice acknowledgement,Entity lifecycle schedule,Mutable through audited service command,Encrypted at rest and in transit,Required for create/update/delete/read-export where material
tenant,departments,Tenant organisation structure,created_at,timestamptz,No,now(),No,,No,Immutable record creation time in UTC,Internal operational data,No,Direct tenant_id,Authorised role by tenant and purpose,Contract/legal obligation/legitimate interests as documented; never infer consent from notice acknowledgement,Entity lifecycle schedule,Append-only / immutable,Encrypted at rest and in transit,Required for create/update/delete/read-export where material
tenant,departments,Tenant organisation structure,updated_at,timestamptz,No,now(),No,,No,Last mutable update time in UTC,Internal operational data,No,Direct tenant_id,Authorised role by tenant and purpose,Contract/legal obligation/legitimate interests as documented; never infer consent from notice acknowledgement,Entity lifecycle schedule,Mutable through audited service command,Encrypted at rest and in transit,Required for create/update/delete/read-export where material
tenant,feature_flags,"Scoped, expiring and auditable feature-control rules",id,uuid,No,gen_random_uuid(),Yes,,No,Stable record identifier,Internal operational data,No,Direct tenant_id,Authorised role by tenant and purpose,Contract/legal obligation/legitimate interests as documented; never infer consent from notice acknowledgement,Entity lifecycle schedule,Mutable through audited service command,Encrypted at rest and in transit,Required for create/update/delete/read-export where material
tenant,feature_flags,"Scoped, expiring and auditable feature-control rules",tenant_id,uuid,Yes,,No,tenant.organizations(id),Composite/Yes,Employer tenant isolation key,Internal operational data,No,Direct tenant_id,Authorised role by tenant and purpose,Contract/legal obligation/legitimate interests as documented; never infer consent from notice acknowledgement,Entity lifecycle schedule,Mutable through audited service command,Encrypted at rest and in transit,Required for create/update/delete/read-export where material
tenant,feature_flags,"Scoped, expiring and auditable feature-control rules",flag_key,text,No,,No,,Composite/Yes,Flag key,Internal operational data,No,Direct tenant_id,Authorised role by tenant and purpose,Contract/legal obligation/legitimate interests as documented; never infer consent from notice acknowledgement,Entity lifecycle schedule,Mutable through audited service command,Encrypted at rest and in transit,Required for create/update/delete/read-export where material
tenant,feature_flags,"Scoped, expiring and auditable feature-control rules",environment,text,No,,No,,Composite/Yes,Environment,Internal operational data,No,Direct tenant_id,Authorised role by tenant and purpose,Contract/legal obligation/legitimate interests as documented; never infer consent from notice acknowledgement,Entity lifecycle schedule,Mutable through audited service command,Encrypted at rest and in transit,Required for create/update/delete/read-export where material
tenant,feature_flags,"Scoped, expiring and auditable feature-control rules",role_code,text,Yes,,No,,Composite/Yes,Role code,Internal operational data,No,Direct tenant_id,Authorised role by tenant and purpose,Contract/legal obligation/legitimate interests as documented; never infer consent from notice acknowledgement,Entity lifecycle schedule,Mutable through audited service command,Encrypted at rest and in transit,Required for create/update/delete/read-export where material
tenant,feature_flags,"Scoped, expiring and auditable feature-control rules",cohort,jsonb,No,'{}'::jsonb,No,,No,Cohort,Internal operational data,No,Direct tenant_id,Authorised role by tenant and purpose,Contract/legal obligation/legitimate interests as documented; never infer consent from notice acknowledgement,Entity lifecycle schedule,Mutable through audited service command,Encrypted at rest and in transit,Required for create/update/delete/read-export where material
tenant,feature_flags,"Scoped, expiring and auditable feature-control rules",enabled,boolean,No,false,No,,No,Enabled,Internal operational data,No,Direct tenant_id,Authorised role by tenant and purpose,Contract/legal obligation/legitimate interests as documented; never infer consent from notice acknowledgement,Entity lifecycle schedule,Mutable through audited service command,Encrypted at rest and in transit,Required for create/update/delete/read-export where material
tenant,feature_flags,"Scoped, expiring and auditable feature-control rules",owner_user_id,uuid,No,,No,iam.users(id),No,Owner user reference,Internal operational data,No,Direct tenant_id,Authorised role by tenant and purpose,Contract/legal obligation/legitimate interests as documented; never infer consent from notice acknowledgement,Entity lifecycle schedule,Mutable through audited service command,Encrypted at rest and in transit,Required for create/update/delete/read-export where material
tenant,feature_flags,"Scoped, expiring and auditable feature-control rules",reason,text,No,,No,,No,Human-readable reason required for accountability,Internal operational data,No,Direct tenant_id,Authorised role by tenant and purpose,Contract/legal obligation/legitimate interests as documented; never infer consent from notice acknowledgement,Entity lifecycle schedule,Mutable through audited service command,Encrypted at rest and in transit,Required for create/update/delete/read-export where material
tenant,feature_flags,"Scoped, expiring and auditable feature-control rules",starts_at,timestamptz,Yes,,No,,No,Starts timestamp,Internal operational data,No,Direct tenant_id,Authorised role by tenant and purpose,Contract/legal obligation/legitimate interests as documented; never infer consent from notice acknowledgement,Entity lifecycle schedule,Mutable through audited service command,Encrypted at rest and in transit,Required for create/update/delete/read-export where material
tenant,feature_flags,"Scoped, expiring and auditable feature-control rules",expires_at,timestamptz,Yes,,No,,No,Expires timestamp,Internal operational data,No,Direct tenant_id,Authorised role by tenant and purpose,Contract/legal obligation/legitimate interests as documented; never infer consent from notice acknowledgement,Entity lifecycle schedule,Mutable through audited service command,Encrypted at rest and in transit,Required for create/update/delete/read-export where material
tenant,feature_flags,"Scoped, expiring and auditable feature-control rules",approved_by,uuid,Yes,,No,iam.users(id),No,Approved by,Internal operational data,No,Direct tenant_id,Authorised role by tenant and purpose,Contract/legal obligation/legitimate interests as documented; never infer consent from notice acknowledgement,Entity lifecycle schedule,Mutable through audited service command,Encrypted at rest and in transit,Required for create/update/delete/read-export where material
tenant,feature_flags,"Scoped, expiring and auditable feature-control rules",created_at,timestamptz,No,now(),No,,No,Immutable record creation time in UTC,Internal operational data,No,Direct tenant_id,Authorised role by tenant and purpose,Contract/legal obligation/legitimate interests as documented; never infer consent from notice acknowledgement,Entity lifecycle schedule,Append-only / immutable,Encrypted at rest and in transit,Required for create/update/delete/read-export where material
tenant,feature_flags,"Scoped, expiring and auditable feature-control rules",updated_at,timestamptz,No,now(),No,,No,Last mutable update time in UTC,Internal operational data,No,Direct tenant_id,Authorised role by tenant and purpose,Contract/legal obligation/legitimate interests as documented; never infer consent from notice acknowledgement,Entity lifecycle schedule,Mutable through audited service command,Encrypted at rest and in transit,Required for create/update/delete/read-export where material
tenant,organization_domains,Verified employer domains and SSO routing,id,uuid,No,gen_random_uuid(),Yes,,No,Stable record identifier,Internal operational data,No,Direct tenant_id,Authorised role by tenant and purpose,Contract/legal obligation/legitimate interests as documented; never infer consent from notice acknowledgement,Entity lifecycle schedule,Mutable through audited service command,Encrypted at rest and in transit,Required for create/update/delete/read-export where material
tenant,organization_domains,Verified employer domains and SSO routing,tenant_id,uuid,No,,No,tenant.organizations(id),Composite/Yes,Employer tenant isolation key,Internal operational data,No,Direct tenant_id,Authorised role by tenant and purpose,Contract/legal obligation/legitimate interests as documented; never infer consent from notice acknowledgement,Entity lifecycle schedule,Mutable through audited service command,Encrypted at rest and in transit,Required for create/update/delete/read-export where material
tenant,organization_domains,Verified employer domains and SSO routing,domain,citext,No,,No,,Composite/Yes,Domain,Internal operational data,No,Direct tenant_id,Authorised role by tenant and purpose,Contract/legal obligation/legitimate interests as documented; never infer consent from notice acknowledgement,Entity lifecycle schedule,Mutable through audited service command,Encrypted at rest and in transit,Required for create/update/delete/read-export where material
tenant,organization_domains,Verified employer domains and SSO routing,verification_token_hash,text,Yes,,No,,No,Verification token hash,Restricted authentication secret,No,Direct tenant_id,Security / IAM only,Contract/legal obligation/legitimate interests as documented; never infer consent from notice acknowledgement,Security credential schedule,Mutable through audited service command,Hashed or envelope-encrypted,Required for create/update/delete/read-export where material
tenant,organization_domains,Verified employer domains and SSO routing,verified_at,timestamptz,Yes,,No,,No,Verified timestamp,Internal operational data,No,Direct tenant_id,Authorised role by tenant and purpose,Contract/legal obligation/legitimate interests as documented; never infer consent from notice acknowledgement,Entity lifecycle schedule,Mutable through audited service command,Encrypted at rest and in transit,Required for create/update/delete/read-export where material
tenant,organization_domains,Verified employer domains and SSO routing,is_primary,boolean,No,false,No,,No,Is primary,Internal operational data,No,Direct tenant_id,Authorised role by tenant and purpose,Contract/legal obligation/legitimate interests as documented; never infer consent from notice acknowledgement,Entity lifecycle schedule,Mutable through audited service command,Encrypted at rest and in transit,Required for create/update/delete/read-export where material
tenant,organization_domains,Verified employer domains and SSO routing,sso_discovery_enabled,boolean,No,false,No,,No,Sso discovery enabled,Internal operational data,No,Direct tenant_id,Authorised role by tenant and purpose,Contract/legal obligation/legitimate interests as documented; never infer consent from notice acknowledgement,Entity lifecycle schedule,Mutable through audited service command,Encrypted at rest and in transit,Required for create/update/delete/read-export where material
tenant,organization_domains,Verified employer domains and SSO routing,created_at,timestamptz,No,now(),No,,No,Immutable record creation time in UTC,Internal operational data,No,Direct tenant_id,Authorised role by tenant and purpose,Contract/legal obligation/legitimate interests as documented; never infer consent from notice acknowledgement,Entity lifecycle schedule,Append-only / immutable,Encrypted at rest and in transit,Required for create/update/delete/read-export where material
tenant,organization_domains,Verified employer domains and SSO routing,updated_at,timestamptz,No,now(),No,,No,Last mutable update time in UTC,Internal operational data,No,Direct tenant_id,Authorised role by tenant and purpose,Contract/legal obligation/legitimate interests as documented; never infer consent from notice acknowledgement,Entity lifecycle schedule,Mutable through audited service command,Encrypted at rest and in transit,Required for create/update/delete/read-export where material
tenant,organizations,Employer tenant lifecycle and settings,id,uuid,No,gen_random_uuid(),Yes,,No,Stable record identifier,Internal operational data,No,Inherited/global; service policy required,Authorised role by tenant and purpose,Contract/legal obligation/legitimate interests as documented; never infer consent from notice acknowledgement,Entity lifecycle schedule,Mutable through audited service command,Encrypted at rest and in transit,Required for create/update/delete/read-export where material
tenant,organizations,Employer tenant lifecycle and settings,slug,citext,No,,No,,Yes,Slug,Internal operational data,No,Inherited/global; service policy required,Authorised role by tenant and purpose,Contract/legal obligation/legitimate interests as documented; never infer consent from notice acknowledgement,Entity lifecycle schedule,Mutable through audited service command,Encrypted at rest and in transit,Required for create/update/delete/read-export where material
tenant,organizations,Employer tenant lifecycle and settings,legal_name,text,No,,No,,No,Legal name,Confidential personal data,No,Inherited/global; service policy required,Data subject; authorised operations,Contract/legal obligation/legitimate interests as documented; never infer consent from notice acknowledgement,Purpose-specific controller schedule,Mutable through audited service command,Encrypted at rest and in transit,Required for create/update/delete/read-export where material
tenant,organizations,Employer tenant lifecycle and settings,display_name,text,No,,No,,No,Display name,Confidential personal data,No,Inherited/global; service policy required,Data subject; authorised operations,Contract/legal obligation/legitimate interests as documented; never infer consent from notice acknowledgement,Purpose-specific controller schedule,Mutable through audited service command,Encrypted at rest and in transit,Required for create/update/delete/read-export where material
tenant,organizations,Employer tenant lifecycle and settings,status,text,No,,No,,No,Controlled lifecycle state,Internal operational data,No,Inherited/global; service policy required,Authorised role by tenant and purpose,Contract/legal obligation/legitimate interests as documented; never infer consent from notice acknowledgement,Entity lifecycle schedule,Mutable through audited service command,Encrypted at rest and in transit,Required for create/update/delete/read-export where material
tenant,organizations,Employer tenant lifecycle and settings,data_region,text,No,'EU',No,,No,Data region,Internal operational data,No,Inherited/global; service policy required,Authorised role by tenant and purpose,Contract/legal obligation/legitimate interests as documented; never infer consent from notice acknowledgement,Entity lifecycle schedule,Mutable through audited service command,Encrypted at rest and in transit,Required for create/update/delete/read-export where material
tenant,organizations,Employer tenant lifecycle and settings,default_timezone,text,No,'Europe/Dublin',No,,No,Default timezone,Internal operational data,No,Inherited/global; service policy required,Authorised role by tenant and purpose,Contract/legal obligation/legitimate interests as documented; never infer consent from notice acknowledgement,Entity lifecycle schedule,Mutable through audited service command,Encrypted at rest and in transit,Required for create/update/delete/read-export where material
tenant,organizations,Employer tenant lifecycle and settings,branding,jsonb,No,'{}'::jsonb,No,,No,Branding,Internal operational data,No,Inherited/global; service policy required,Authorised role by tenant and purpose,Contract/legal obligation/legitimate interests as documented; never infer consent from notice acknowledgement,Entity lifecycle schedule,Mutable through audited service command,Encrypted at rest and in transit,Required for create/update/delete/read-export where material
tenant,organizations,Employer tenant lifecycle and settings,settings,jsonb,No,'{}'::jsonb,No,,No,Settings,Internal operational data,No,Inherited/global; service policy required,Authorised role by tenant and purpose,Contract/legal obligation/legitimate interests as documented; never infer consent from notice acknowledgement,Entity lifecycle schedule,Mutable through audited service command,Encrypted at rest and in transit,Required for create/update/delete/read-export where material
tenant,organizations,Employer tenant lifecycle and settings,created_at,timestamptz,No,now(),No,,No,Immutable record creation time in UTC,Internal operational data,No,Inherited/global; service policy required,Authorised role by tenant and purpose,Contract/legal obligation/legitimate interests as documented; never infer consent from notice acknowledgement,Entity lifecycle schedule,Append-only / immutable,Encrypted at rest and in transit,Required for create/update/delete/read-export where material
tenant,organizations,Employer tenant lifecycle and settings,updated_at,timestamptz,No,now(),No,,No,Last mutable update time in UTC,Internal operational data,No,Inherited/global; service policy required,Authorised role by tenant and purpose,Contract/legal obligation/legitimate interests as documented; never infer consent from notice acknowledgement,Entity lifecycle schedule,Mutable through audited service command,Encrypted at rest and in transit,Required for create/update/delete/read-export where material
tenant,organizations,Employer tenant lifecycle and settings,suspended_at,timestamptz,Yes,,No,,No,Suspended timestamp,Internal operational data,No,Inherited/global; service policy required,Authorised role by tenant and purpose,Contract/legal obligation/legitimate interests as documented; never infer consent from notice acknowledgement,Entity lifecycle schedule,Mutable through audited service command,Encrypted at rest and in transit,Required for create/update/delete/read-export where material
tenant,organizations,Employer tenant lifecycle and settings,terminated_at,timestamptz,Yes,,No,,No,Terminated timestamp,Internal operational data,No,Inherited/global; service policy required,Authorised role by tenant and purpose,Contract/legal obligation/legitimate interests as documented; never infer consent from notice acknowledgement,Entity lifecycle schedule,Mutable through audited service command,Encrypted at rest and in transit,Required for create/update/delete/read-export where material
tenant,plans,Commercial plan definitions and entitlements,id,uuid,No,gen_random_uuid(),Yes,,No,Stable record identifier,Internal operational data,No,Inherited/global; service policy required,Authorised role by tenant and purpose,Contract/legal obligation/legitimate interests as documented; never infer consent from notice acknowledgement,Entity lifecycle schedule,Mutable through audited service command,Encrypted at rest and in transit,Required for create/update/delete/read-export where material
tenant,plans,Commercial plan definitions and entitlements,code,text,No,,No,,Yes,Code,Internal operational data,No,Inherited/global; service policy required,Authorised role by tenant and purpose,Contract/legal obligation/legitimate interests as documented; never infer consent from notice acknowledgement,Entity lifecycle schedule,Mutable through audited service command,Encrypted at rest and in transit,Required for create/update/delete/read-export where material
tenant,plans,Commercial plan definitions and entitlements,name,text,No,,No,,No,Name,Internal operational data,No,Inherited/global; service policy required,Authorised role by tenant and purpose,Contract/legal obligation/legitimate interests as documented; never infer consent from notice acknowledgement,Entity lifecycle schedule,Mutable through audited service command,Encrypted at rest and in transit,Required for create/update/delete/read-export where material
tenant,plans,Commercial plan definitions and entitlements,entitlements,jsonb,No,'{}'::jsonb,No,,No,Entitlements,Internal operational data,No,Inherited/global; service policy required,Authorised role by tenant and purpose,Contract/legal obligation/legitimate interests as documented; never infer consent from notice acknowledgement,Entity lifecycle schedule,Mutable through audited service command,Encrypted at rest and in transit,Required for create/update/delete/read-export where material
tenant,plans,Commercial plan definitions and entitlements,status,text,No,,No,,No,Controlled lifecycle state,Internal operational data,No,Inherited/global; service policy required,Authorised role by tenant and purpose,Contract/legal obligation/legitimate interests as documented; never infer consent from notice acknowledgement,Entity lifecycle schedule,Mutable through audited service command,Encrypted at rest and in transit,Required for create/update/delete/read-export where material
tenant,plans,Commercial plan definitions and entitlements,created_at,timestamptz,No,now(),No,,No,Immutable record creation time in UTC,Internal operational data,No,Inherited/global; service policy required,Authorised role by tenant and purpose,Contract/legal obligation/legitimate interests as documented; never infer consent from notice acknowledgement,Entity lifecycle schedule,Append-only / immutable,Encrypted at rest and in transit,Required for create/update/delete/read-export where material
tenant,plans,Commercial plan definitions and entitlements,updated_at,timestamptz,No,now(),No,,No,Last mutable update time in UTC,Internal operational data,No,Inherited/global; service policy required,Authorised role by tenant and purpose,Contract/legal obligation/legitimate interests as documented; never infer consent from notice acknowledgement,Entity lifecycle schedule,Mutable through audited service command,Encrypted at rest and in transit,Required for create/update/delete/read-export where material
tenant,subscriptions,Tenant plan and entitlement period,id,uuid,No,gen_random_uuid(),Yes,,No,Stable record identifier,Internal operational data,No,Direct tenant_id,Authorised role by tenant and purpose,Contract/legal obligation/legitimate interests as documented; never infer consent from notice acknowledgement,Entity lifecycle schedule,Mutable through audited service command,Encrypted at rest and in transit,Required for create/update/delete/read-export where material
tenant,subscriptions,Tenant plan and entitlement period,tenant_id,uuid,No,,No,tenant.organizations(id),No,Employer tenant isolation key,Internal operational data,No,Direct tenant_id,Authorised role by tenant and purpose,Contract/legal obligation/legitimate interests as documented; never infer consent from notice acknowledgement,Entity lifecycle schedule,Mutable through audited service command,Encrypted at rest and in transit,Required for create/update/delete/read-export where material
tenant,subscriptions,Tenant plan and entitlement period,plan_id,uuid,No,,No,tenant.plans(id),No,Plan reference,Internal operational data,No,Direct tenant_id,Authorised role by tenant and purpose,Contract/legal obligation/legitimate interests as documented; never infer consent from notice acknowledgement,Entity lifecycle schedule,Mutable through audited service command,Encrypted at rest and in transit,Required for create/update/delete/read-export where material
tenant,subscriptions,Tenant plan and entitlement period,status,text,No,,No,,No,Controlled lifecycle state,Internal operational data,No,Direct tenant_id,Authorised role by tenant and purpose,Contract/legal obligation/legitimate interests as documented; never infer consent from notice acknowledgement,Entity lifecycle schedule,Mutable through audited service command,Encrypted at rest and in transit,Required for create/update/delete/read-export where material
tenant,subscriptions,Tenant plan and entitlement period,starts_at,timestamptz,No,,No,,No,Starts timestamp,Internal operational data,No,Direct tenant_id,Authorised role by tenant and purpose,Contract/legal obligation/legitimate interests as documented; never infer consent from notice acknowledgement,Entity lifecycle schedule,Mutable through audited service command,Encrypted at rest and in transit,Required for create/update/delete/read-export where material
tenant,subscriptions,Tenant plan and entitlement period,ends_at,timestamptz,Yes,,No,,No,Ends timestamp,Internal operational data,No,Direct tenant_id,Authorised role by tenant and purpose,Contract/legal obligation/legitimate interests as documented; never infer consent from notice acknowledgement,Entity lifecycle schedule,Mutable through audited service command,Encrypted at rest and in transit,Required for create/update/delete/read-export where material
tenant,subscriptions,Tenant plan and entitlement period,overrides,jsonb,No,'{}'::jsonb,No,,No,Overrides,Internal operational data,No,Direct tenant_id,Authorised role by tenant and purpose,Contract/legal obligation/legitimate interests as documented; never infer consent from notice acknowledgement,Entity lifecycle schedule,Mutable through audited service command,Encrypted at rest and in transit,Required for create/update/delete/read-export where material
tenant,subscriptions,Tenant plan and entitlement period,created_at,timestamptz,No,now(),No,,No,Immutable record creation time in UTC,Internal operational data,No,Direct tenant_id,Authorised role by tenant and purpose,Contract/legal obligation/legitimate interests as documented; never infer consent from notice acknowledgement,Entity lifecycle schedule,Append-only / immutable,Encrypted at rest and in transit,Required for create/update/delete/read-export where material
tenant,subscriptions,Tenant plan and entitlement period,updated_at,timestamptz,No,now(),No,,No,Last mutable update time in UTC,Internal operational data,No,Direct tenant_id,Authorised role by tenant and purpose,Contract/legal obligation/legitimate interests as documented; never infer consent from notice acknowledgement,Entity lifecycle schedule,Mutable through audited service command,Encrypted at rest and in transit,Required for create/update/delete/read-export where material
tenant,teams,Hiring teams and ownership boundaries,id,uuid,No,gen_random_uuid(),Yes,,No,Stable record identifier,Internal operational data,No,Direct tenant_id,Authorised role by tenant and purpose,Contract/legal obligation/legitimate interests as documented; never infer consent from notice acknowledgement,Entity lifecycle schedule,Mutable through audited service command,Encrypted at rest and in transit,Required for create/update/delete/read-export where material
tenant,teams,Hiring teams and ownership boundaries,tenant_id,uuid,No,,No,tenant.organizations(id),Composite/Yes,Employer tenant isolation key,Internal operational data,No,Direct tenant_id,Authorised role by tenant and purpose,Contract/legal obligation/legitimate interests as documented; never infer consent from notice acknowledgement,Entity lifecycle schedule,Mutable through audited service command,Encrypted at rest and in transit,Required for create/update/delete/read-export where material
tenant,teams,Hiring teams and ownership boundaries,department_id,uuid,Yes,,No,tenant.departments(id),Composite/Yes,Department reference,Internal operational data,No,Direct tenant_id,Authorised role by tenant and purpose,Contract/legal obligation/legitimate interests as documented; never infer consent from notice acknowledgement,Entity lifecycle schedule,Mutable through audited service command,Encrypted at rest and in transit,Required for create/update/delete/read-export where material
tenant,teams,Hiring teams and ownership boundaries,name,text,No,,No,,Composite/Yes,Name,Internal operational data,No,Direct tenant_id,Authorised role by tenant and purpose,Contract/legal obligation/legitimate interests as documented; never infer consent from notice acknowledgement,Entity lifecycle schedule,Mutable through audited service command,Encrypted at rest and in transit,Required for create/update/delete/read-export where material
tenant,teams,Hiring teams and ownership boundaries,status,text,No,'active',No,,No,Controlled lifecycle state,Internal operational data,No,Direct tenant_id,Authorised role by tenant and purpose,Contract/legal obligation/legitimate interests as documented; never infer consent from notice acknowledgement,Entity lifecycle schedule,Mutable through audited service command,Encrypted at rest and in transit,Required for create/update/delete/read-export where material
tenant,teams,Hiring teams and ownership boundaries,created_at,timestamptz,No,now(),No,,No,Immutable record creation time in UTC,Internal operational data,No,Direct tenant_id,Authorised role by tenant and purpose,Contract/legal obligation/legitimate interests as documented; never infer consent from notice acknowledgement,Entity lifecycle schedule,Append-only / immutable,Encrypted at rest and in transit,Required for create/update/delete/read-export where material
tenant,teams,Hiring teams and ownership boundaries,updated_at,timestamptz,No,now(),No,,No,Last mutable update time in UTC,Internal operational data,No,Direct tenant_id,Authorised role by tenant and purpose,Contract/legal obligation/legitimate interests as documented; never infer consent from notice acknowledgement,Entity lifecycle schedule,Mutable through audited service command,Encrypted at rest and in transit,Required for create/update/delete/read-export where material
